/*M!999999\- enable the sandbox mode */ 
-- MariaDB dump 10.19  Distrib 10.6.19-MariaDB, for debian-linux-gnu (x86_64)
--
-- Host: localhost    Database: faveo
-- ------------------------------------------------------
-- Server version	10.6.19-MariaDB-ubu2204

/*!40101 SET @OLD_CHARACTER_SET_CLIENT=@@CHARACTER_SET_CLIENT */;
/*!40101 SET @OLD_CHARACTER_SET_RESULTS=@@CHARACTER_SET_RESULTS */;
/*!40101 SET @OLD_COLLATION_CONNECTION=@@COLLATION_CONNECTION */;
/*!40101 SET NAMES utf8mb4 */;
/*!40103 SET @OLD_TIME_ZONE=@@TIME_ZONE */;
/*!40103 SET TIME_ZONE='+00:00' */;
/*!40014 SET @OLD_UNIQUE_CHECKS=@@UNIQUE_CHECKS, UNIQUE_CHECKS=0 */;
/*!40014 SET @OLD_FOREIGN_KEY_CHECKS=@@FOREIGN_KEY_CHECKS, FOREIGN_KEY_CHECKS=0 */;
/*!40101 SET @OLD_SQL_MODE=@@SQL_MODE, SQL_MODE='NO_AUTO_VALUE_ON_ZERO' */;
/*!40111 SET @OLD_SQL_NOTES=@@SQL_NOTES, SQL_NOTES=0 */;

--
-- Table structure for table `activity_log`
--

DROP TABLE IF EXISTS `activity_log`;
/*!40101 SET @saved_cs_client     = @@character_set_client */;
/*!40101 SET character_set_client = utf8 */;
CREATE TABLE `activity_log` (
  `id` bigint(20) unsigned NOT NULL AUTO_INCREMENT,
  `log_name` varchar(255) DEFAULT NULL,
  `description` text NOT NULL,
  `subject_type` varchar(255) DEFAULT NULL,
  `event` varchar(255) DEFAULT NULL,
  `subject_id` bigint(20) unsigned DEFAULT NULL,
  `causer_type` varchar(255) DEFAULT NULL,
  `causer_id` bigint(20) unsigned DEFAULT NULL,
  `properties` longtext CHARACTER SET utf8mb4 COLLATE utf8mb4_bin DEFAULT NULL CHECK (json_valid(`properties`)),
  `batch_uuid` char(36) DEFAULT NULL,
  `created_at` timestamp NULL DEFAULT NULL,
  `updated_at` timestamp NULL DEFAULT NULL,
  PRIMARY KEY (`id`),
  KEY `subject` (`subject_type`,`subject_id`),
  KEY `causer` (`causer_type`,`causer_id`),
  KEY `activity_log_log_name_index` (`log_name`)
) ENGINE=InnoDB AUTO_INCREMENT=53 DEFAULT CHARSET=utf8mb3 COLLATE=utf8mb3_unicode_ci;
/*!40101 SET character_set_client = @saved_cs_client */;

--
-- Dumping data for table `activity_log`
--

LOCK TABLES `activity_log` WRITE;
/*!40000 ALTER TABLE `activity_log` DISABLE KEYS */;
INSERT INTO `activity_log` VALUES (1,'Ticket Status','Status <a href=\'https://raffi.helpdesk/faveo/public/admin/status/1/edit\'>Open</a> has been created','App\\Model\\helpdesk\\Ticket\\Ticket_Status','created',1,NULL,NULL,'{\"attributes\":{\"name\":\"Open\",\"order\":1,\"Default\":\"Yes\",\"visibility for client\":\"Yes\",\"halt sla\":\"No\",\"Comment\":\"No\",\"allow client\":\"Yes\",\"purpose of status\":\"open\"}}',NULL,'2024-10-24 03:58:32','2024-10-24 03:58:32'),(2,'Ticket Status','Status <a href=\'https://raffi.helpdesk/faveo/public/admin/status/2/edit\'>Resolved</a> has been created','App\\Model\\helpdesk\\Ticket\\Ticket_Status','created',2,NULL,NULL,'{\"attributes\":{\"name\":\"Resolved\",\"order\":2,\"Default\":\"No\",\"visibility for client\":\"Yes\",\"halt sla\":\"Yes\",\"Comment\":\"No\",\"allow client\":\"Yes\",\"purpose of status\":\"closed\"}}',NULL,'2024-10-24 03:58:32','2024-10-24 03:58:32'),(3,'Ticket Status','Status <a href=\'https://raffi.helpdesk/faveo/public/admin/status/3/edit\'>Closed</a> has been created','App\\Model\\helpdesk\\Ticket\\Ticket_Status','created',3,NULL,NULL,'{\"attributes\":{\"name\":\"Closed\",\"order\":3,\"Default\":\"Yes\",\"visibility for client\":\"Yes\",\"halt sla\":\"Yes\",\"Comment\":\"No\",\"allow client\":\"Yes\",\"purpose of status\":\"closed\"}}',NULL,'2024-10-24 03:58:32','2024-10-24 03:58:32'),(4,'Ticket Status','Status <a href=\'https://raffi.helpdesk/faveo/public/admin/status/4/edit\'>Deleted</a> has been created','App\\Model\\helpdesk\\Ticket\\Ticket_Status','created',4,NULL,NULL,'{\"attributes\":{\"name\":\"Deleted\",\"order\":4,\"Default\":\"Yes\",\"visibility for client\":\"Yes\",\"halt sla\":\"Yes\",\"Comment\":\"No\",\"allow client\":\"Yes\",\"purpose of status\":\"deleted\"}}',NULL,'2024-10-24 03:58:32','2024-10-24 03:58:32'),(5,'Ticket Status','Status <a href=\'https://raffi.helpdesk/faveo/public/admin/status/5/edit\'>Request for close</a> has been created','App\\Model\\helpdesk\\Ticket\\Ticket_Status','created',5,NULL,NULL,'{\"attributes\":{\"name\":\"Request for close\",\"order\":5,\"Default\":\"Yes\",\"visibility for client\":\"Yes\",\"halt sla\":\"Yes\",\"Comment\":\"No\",\"allow client\":\"Yes\",\"purpose of status\":\"approval\"}}',NULL,'2024-10-24 03:58:32','2024-10-24 03:58:32'),(6,'Ticket Status','Status <a href=\'https://raffi.helpdesk/faveo/public/admin/status/6/edit\'>Spam</a> has been created','App\\Model\\helpdesk\\Ticket\\Ticket_Status','created',6,NULL,NULL,'{\"attributes\":{\"name\":\"Spam\",\"order\":6,\"Default\":\"Yes\",\"visibility for client\":\"No\",\"halt sla\":\"Yes\",\"Comment\":\"No\",\"allow client\":\"No\",\"purpose of status\":\"spam\"}}',NULL,'2024-10-24 03:58:32','2024-10-24 03:58:32'),(7,'Ticket Status','Status <a href=\'https://raffi.helpdesk/faveo/public/admin/status/7/edit\'>Unapproved</a> has been created','App\\Model\\helpdesk\\Ticket\\Ticket_Status','created',7,NULL,NULL,'{\"attributes\":{\"name\":\"Unapproved\",\"order\":7,\"Default\":\"Yes\",\"visibility for client\":\"No\",\"halt sla\":\"Yes\",\"Comment\":\"No\",\"allow client\":\"No\",\"purpose of status\":\"unapproved\"}}',NULL,'2024-10-24 03:58:32','2024-10-24 03:58:32'),(8,'Ticket Priority','Ticket Priority <a href=\'https://raffi.helpdesk/faveo/public/admin/ticket/priority/1/edit\'>Low</a> has been created','App\\Model\\helpdesk\\Ticket\\Ticket_Priority','created',1,NULL,NULL,'{\"attributes\":{\"name\":\"Low\",\"Visibility\":\"Public\",\"Priority Description\":\"Low\",\"default\":\"non-default\",\"Priority Color\":\"#00a65a\"}}',NULL,'2024-10-24 03:58:32','2024-10-24 03:58:32'),(9,'Ticket Priority','Ticket Priority <a href=\'https://raffi.helpdesk/faveo/public/admin/ticket/priority/2/edit\'>Normal</a> has been created','App\\Model\\helpdesk\\Ticket\\Ticket_Priority','created',2,NULL,NULL,'{\"attributes\":{\"name\":\"Normal\",\"Visibility\":\"Public\",\"Priority Description\":\"Normal\",\"default\":\"Default\",\"Priority Color\":\"#00bfef\"}}',NULL,'2024-10-24 03:58:32','2024-10-24 03:58:32'),(10,'Ticket Priority','Ticket Priority <a href=\'https://raffi.helpdesk/faveo/public/admin/ticket/priority/3/edit\'>High</a> has been created','App\\Model\\helpdesk\\Ticket\\Ticket_Priority','created',3,NULL,NULL,'{\"attributes\":{\"name\":\"High\",\"Visibility\":\"Public\",\"Priority Description\":\"High\",\"default\":\"non-default\",\"Priority Color\":\"#f39c11\"}}',NULL,'2024-10-24 03:58:32','2024-10-24 03:58:32'),(11,'Ticket Priority','Ticket Priority <a href=\'https://raffi.helpdesk/faveo/public/admin/ticket/priority/4/edit\'>Emergency</a> has been created','App\\Model\\helpdesk\\Ticket\\Ticket_Priority','created',4,NULL,NULL,'{\"attributes\":{\"name\":\"Emergency\",\"Visibility\":\"Public\",\"Priority Description\":\"Emergency\",\"default\":\"non-default\",\"Priority Color\":\"#dd4b38\"}}',NULL,'2024-10-24 03:58:32','2024-10-24 03:58:32'),(12,'Teams','Team <a href=\'https://raffi.helpdesk/faveo/public/admin/team/1/\'>Level 1 Support</a> has been created','App\\Model\\helpdesk\\Agent\\Teams','created',1,NULL,NULL,'{\"attributes\":{\"name\":\"Level 1 Support\",\"Status\":\"Active\",\"team lead\":null}}',NULL,'2024-10-24 03:58:32','2024-10-24 03:58:32'),(13,'Teams','Team <a href=\'https://raffi.helpdesk/faveo/public/admin/team/2/\'>Level 2 Support</a> has been created','App\\Model\\helpdesk\\Agent\\Teams','created',2,NULL,NULL,'{\"attributes\":{\"name\":\"Level 2 Support\",\"Status\":\"Inactive\",\"team lead\":null}}',NULL,'2024-10-24 03:58:32','2024-10-24 03:58:32'),(14,'Teams','Team <a href=\'https://raffi.helpdesk/faveo/public/admin/team/3/\'>Developer</a> has been created','App\\Model\\helpdesk\\Agent\\Teams','created',3,NULL,NULL,'{\"attributes\":{\"name\":\"Developer\",\"Status\":\"Inactive\",\"team lead\":null}}',NULL,'2024-10-24 03:58:32','2024-10-24 03:58:32'),(15,'Departments','Department <a href=\'https://raffi.helpdesk/faveo/public/admin/department/1/\'>Support</a> has been created','App\\Model\\helpdesk\\Agent\\Department','created',1,NULL,NULL,'{\"attributes\":{\"name\":\"Support\",\"type\":\"Public\",\"outgoing email\":null,\"business hour\":null}}',NULL,'2024-10-24 03:58:32','2024-10-24 03:58:32'),(16,'Departments','Department <a href=\'https://raffi.helpdesk/faveo/public/admin/department/2/\'>Sales</a> has been created','App\\Model\\helpdesk\\Agent\\Department','created',2,NULL,NULL,'{\"attributes\":{\"name\":\"Sales\",\"type\":\"Public\",\"outgoing email\":null,\"business hour\":null}}',NULL,'2024-10-24 03:58:32','2024-10-24 03:58:32'),(17,'Departments','Department <a href=\'https://raffi.helpdesk/faveo/public/admin/department/3/\'>Operation</a> has been created','App\\Model\\helpdesk\\Agent\\Department','created',3,NULL,NULL,'{\"attributes\":{\"name\":\"Operation\",\"type\":\"Public\",\"outgoing email\":null,\"business hour\":null}}',NULL,'2024-10-24 03:58:32','2024-10-24 03:58:32'),(18,'Help Topics','Help Topic <a href=\'https://raffi.helpdesk/faveo/public/admin/helptopic/1/edit\'>Support query</a> has been created','App\\Model\\helpdesk\\Manage\\Help_topic','created',1,NULL,NULL,'{\"attributes\":{\"topic\":\"Support query\",\"Type\":\"Public\",\"Status\":\"Active\",\"Default Department\":\"Support\",\"Linked Department\":\"Support\"}}',NULL,'2024-10-24 03:58:32','2024-10-24 03:58:32'),(19,'Help Topics','Help Topic <a href=\'https://raffi.helpdesk/faveo/public/admin/helptopic/2/edit\'>Sales query</a> has been created','App\\Model\\helpdesk\\Manage\\Help_topic','created',2,NULL,NULL,'{\"attributes\":{\"topic\":\"Sales query\",\"Type\":\"Public\",\"Status\":\"Inactive\",\"Default Department\":\"Sales\",\"Linked Department\":\"Sales\"}}',NULL,'2024-10-24 03:58:32','2024-10-24 03:58:32'),(20,'Help Topics','Help Topic <a href=\'https://raffi.helpdesk/faveo/public/admin/helptopic/3/edit\'>Operational query</a> has been created','App\\Model\\helpdesk\\Manage\\Help_topic','created',3,NULL,NULL,'{\"attributes\":{\"topic\":\"Operational query\",\"Type\":\"Public\",\"Status\":\"Inactive\",\"Default Department\":\"Operation\",\"Linked Department\":\"Operation\"}}',NULL,'2024-10-24 03:58:32','2024-10-24 03:58:32'),(21,'Ticket Settings',' <a href=\'https://raffi.helpdesk/faveo/public/admin/getticket/\'>Ticket Settings</a> has been created','App\\Model\\helpdesk\\Settings\\Ticket','created',1,NULL,NULL,'{\"attributes\":{\"show_org_ticket_form\":0,\"Default status\":\"Open\",\"Agent collision avoidance duration (in minutes)\":\"2\",\"Lock tickets\":\"No\",\"Ticket Number Prefix\":\"HDSK\",\"Show ticket per page\":\"10 Tickets Per Page\",\"Waiting time (in hours)\":0,\"Verify mail source while appending replies\":\"No\",\"Auto assign ticket on first reply\":\"Yes\",\"Include internal notes in thread count\":\"No\",\"Show status update date in inbox\":\"No\",\"Show organization details in inbox\":\"No\",\"Show location in inbox\":\"No\"}}',NULL,'2024-10-24 03:58:32','2024-10-24 03:58:32'),(22,'Ticket source','Ticket source <a href=\'https://raffi.helpdesk/faveo/public/admin/source/1/edit\'>Web</a> has been created','App\\Model\\helpdesk\\Ticket\\Ticket_source','created',1,NULL,NULL,'{\"attributes\":{\"name\":\"Web\",\"description\":null,\"display as\":\"Web\"}}',NULL,'2024-10-24 03:58:32','2024-10-24 03:58:32'),(23,'Ticket source','Ticket source <a href=\'https://raffi.helpdesk/faveo/public/admin/source/2/edit\'>Email</a> has been created','App\\Model\\helpdesk\\Ticket\\Ticket_source','created',2,NULL,NULL,'{\"attributes\":{\"name\":\"Email\",\"description\":null,\"display as\":\"E-mail\"}}',NULL,'2024-10-24 03:58:32','2024-10-24 03:58:32'),(24,'Ticket source','Ticket source <a href=\'https://raffi.helpdesk/faveo/public/admin/source/3/edit\'>Agent</a> has been created','App\\Model\\helpdesk\\Ticket\\Ticket_source','created',3,NULL,NULL,'{\"attributes\":{\"name\":\"Agent\",\"description\":null,\"display as\":\"Agent Panel\"}}',NULL,'2024-10-24 03:58:32','2024-10-24 03:58:32'),(25,'Ticket source','Ticket source <a href=\'https://raffi.helpdesk/faveo/public/admin/source/4/edit\'>Facebook</a> has been created','App\\Model\\helpdesk\\Ticket\\Ticket_source','created',4,NULL,NULL,'{\"attributes\":{\"name\":\"Facebook\",\"description\":null,\"display as\":\"Facebook\"}}',NULL,'2024-10-24 03:58:32','2024-10-24 03:58:32'),(26,'Ticket source','Ticket source <a href=\'https://raffi.helpdesk/faveo/public/admin/source/5/edit\'>Twitter</a> has been created','App\\Model\\helpdesk\\Ticket\\Ticket_source','created',5,NULL,NULL,'{\"attributes\":{\"name\":\"Twitter\",\"description\":null,\"display as\":\"Twitter\"}}',NULL,'2024-10-24 03:58:32','2024-10-24 03:58:32'),(27,'Ticket source','Ticket source <a href=\'https://raffi.helpdesk/faveo/public/admin/source/6/edit\'>Call</a> has been created','App\\Model\\helpdesk\\Ticket\\Ticket_source','created',6,NULL,NULL,'{\"attributes\":{\"name\":\"Call\",\"description\":null,\"display as\":\"Call\"}}',NULL,'2024-10-24 03:58:32','2024-10-24 03:58:32'),(28,'Ticket source','Ticket source <a href=\'https://raffi.helpdesk/faveo/public/admin/source/7/edit\'>Chat</a> has been created','App\\Model\\helpdesk\\Ticket\\Ticket_source','created',7,NULL,NULL,'{\"attributes\":{\"name\":\"Chat\",\"description\":null,\"display as\":\"Chat\"}}',NULL,'2024-10-24 03:58:32','2024-10-24 03:58:32'),(29,'Admin','Admin <a href=\'https://raffi.helpdesk/faveo/public/panel/agent/1\'>demo_admin</a> has been created','App\\User','created',1,NULL,NULL,'{\"attributes\":{\"email\":null,\"mobile\":\"\",\"is_delete\":0,\"first name\":\"Demo\",\"last name\":\"Admin\",\"phone number\":null,\"created by\":null,\"user name\":\"demo_admin\",\"Role\":\"Admin\",\"User active status\":\"Active\"}}',NULL,'2024-10-24 03:58:32','2024-10-24 03:58:32'),(30,'Ticket Types','Ticket type <a href=\'https://raffi.helpdesk/faveo/public/admin/ticket-type/1/edit\'>Question</a> has been created','App\\Model\\helpdesk\\Manage\\Tickettype','created',1,NULL,NULL,'{\"attributes\":{\"name\":\"Question\",\"Visibility\":\"Public\",\"Type Description\":\"Question\"}}',NULL,'2024-10-24 03:58:32','2024-10-24 03:58:32'),(31,'Ticket Types','Ticket type <a href=\'https://raffi.helpdesk/faveo/public/admin/ticket-type/2/edit\'>Incident</a> has been created','App\\Model\\helpdesk\\Manage\\Tickettype','created',2,NULL,NULL,'{\"attributes\":{\"name\":\"Incident\",\"Visibility\":\"Private\",\"Type Description\":\"Incident\"}}',NULL,'2024-10-24 03:58:32','2024-10-24 03:58:32'),(32,'Ticket Types','Ticket type <a href=\'https://raffi.helpdesk/faveo/public/admin/ticket-type/3/edit\'>Problem</a> has been created','App\\Model\\helpdesk\\Manage\\Tickettype','created',3,NULL,NULL,'{\"attributes\":{\"name\":\"Problem\",\"Visibility\":\"Private\",\"Type Description\":\"Problem\"}}',NULL,'2024-10-24 03:58:32','2024-10-24 03:58:32'),(33,'Ticket Types','Ticket type <a href=\'https://raffi.helpdesk/faveo/public/admin/ticket-type/4/edit\'>Feature Request</a> has been created','App\\Model\\helpdesk\\Manage\\Tickettype','created',4,NULL,NULL,'{\"attributes\":{\"name\":\"Feature Request\",\"Visibility\":\"Private\",\"Type Description\":\"Feature Request\"}}',NULL,'2024-10-24 03:58:32','2024-10-24 03:58:32'),(34,'Ticket Status','Status <a href=\'https://raffi.helpdesk/faveo/public/admin/status/8/edit\'>Merged</a> has been created','App\\Model\\helpdesk\\Ticket\\Ticket_Status','created',8,NULL,NULL,'{\"attributes\":{\"name\":\"Merged\",\"order\":7,\"Default\":\"Yes\",\"visibility for client\":\"No\",\"halt sla\":\"Yes\",\"Comment\":\"No\",\"allow client\":\"No\",\"purpose of status\":\"merged\"}}',NULL,'2024-10-24 03:58:32','2024-10-24 03:58:32'),(35,'Ticket Status','Status Resolved has been deleted','App\\Model\\helpdesk\\Ticket\\Ticket_Status','deleted',2,NULL,NULL,'{\"old\":{\"name\":\"Resolved\",\"order\":2,\"Default\":\"No\",\"visibility for client\":\"Yes\",\"halt sla\":\"Yes\",\"Comment\":\"No\",\"allow client\":\"Yes\",\"purpose of status\":\"closed\"}}',NULL,'2024-10-24 03:58:34','2024-10-24 03:58:34'),(36,'SLA Plans','SLA plan <a href=\'https://raffi.helpdesk/faveo/public/admin/sla/1/edit\'>Default</a> has been created','App\\Model\\helpdesk\\Ticket\\TicketSla','created',1,NULL,NULL,'{\"attributes\":{\"name\":\"Default\",\"Status\":\"Active\",\"category type\":\"ticket\",\"default\":\"Yes\",\"Matcher\":\"\",\"Internal Notes\":\"\"}}',NULL,'2024-10-24 03:58:34','2024-10-24 03:58:34'),(37,'Ticket Filters','Ticket Filters  <strong>Open</strong>  has been created','App\\Model\\helpdesk\\Ticket\\TicketFilter','created',9,NULL,NULL,'{\"attributes\":{\"Name\":\"Open\",\"Icon Class\":\"fas fa-ticket-alt\",\"Icon Color\":\"#00C0EF\",\"Display on Dashboard\":null,\"Display on Navigation Bar\":null}}',NULL,'2024-10-24 03:58:37','2024-10-24 03:58:37'),(38,'Ticket Filters','Ticket Filters  <strong>Closed</strong>  has been created','App\\Model\\helpdesk\\Ticket\\TicketFilter','created',10,NULL,NULL,'{\"attributes\":{\"Name\":\"Closed\",\"Icon Class\":\"fas fa-ticket-alt\",\"Icon Color\":\"#00C0EF\",\"Display on Dashboard\":null,\"Display on Navigation Bar\":null}}',NULL,'2024-10-24 03:58:37','2024-10-24 03:58:37'),(39,'Categories','Category <a href=\'https://raffi.helpdesk/faveo/public/panel/category/1/edit\'>Uncategorized</a> has been created','App\\Model\\kb\\Category','created',1,NULL,NULL,'{\"attributes\":{\"name\":\"Uncategorized\",\"description\":\"Uncategorized\",\"Status\":\"Active\",\"display order\":0}}',NULL,'2024-10-24 03:58:38','2024-10-24 03:58:38'),(40,'Ticket Filters','Ticket Filters  <strong>Open</strong>  has been updated','App\\Model\\helpdesk\\Ticket\\TicketFilter','updated',9,NULL,NULL,'{\"attributes\":{\"Icon Class\":\"fas fa-inbox\",\"Icon Color\":\"#000\"},\"old\":{\"Icon Class\":\"fas fa-ticket-alt\",\"Icon Color\":\"#00C0EF\"}}',NULL,'2024-10-24 03:58:40','2024-10-24 03:58:40'),(41,'Ticket source','Ticket source <a href=\'https://raffi.helpdesk/faveo/public/admin/source/10/edit\'>Intercom</a> has been created','App\\Model\\helpdesk\\Ticket\\Ticket_source','created',10,NULL,NULL,'{\"attributes\":{\"name\":\"Intercom\",\"description\":null,\"display as\":\"Intercom\"}}',NULL,'2024-10-24 03:58:40','2024-10-24 03:58:40'),(42,'Ticket Filters','Ticket Filters  <strong>Open Tickets</strong>  has been created','App\\Model\\helpdesk\\Ticket\\TicketFilter','created',16,NULL,NULL,'{\"attributes\":{\"Name\":\"Open Tickets\",\"Icon Class\":\"fas fa-inbox\",\"Icon Color\":\"#007bff\",\"Display on Dashboard\":1,\"Display on Navigation Bar\":1}}',NULL,'2024-10-24 03:58:41','2024-10-24 03:58:41'),(43,'Ticket Filters','Ticket Filters  <strong>Overdue Tickets</strong>  has been created','App\\Model\\helpdesk\\Ticket\\TicketFilter','created',17,NULL,NULL,'{\"attributes\":{\"Name\":\"Overdue Tickets\",\"Icon Class\":\"far fa-calendar-times\",\"Icon Color\":\"#dd4b39\",\"Display on Dashboard\":1,\"Display on Navigation Bar\":1}}',NULL,'2024-10-24 03:58:41','2024-10-24 03:58:41'),(44,'Ticket Filters','Ticket Filters  <strong>Unassigned Tickets </strong>  has been created','App\\Model\\helpdesk\\Ticket\\TicketFilter','created',18,NULL,NULL,'{\"attributes\":{\"Name\":\"Unassigned Tickets \",\"Icon Class\":\"fas fa-user-times\",\"Icon Color\":\"#f39c12\",\"Display on Dashboard\":1,\"Display on Navigation Bar\":1}}',NULL,'2024-10-24 03:58:41','2024-10-24 03:58:41'),(45,'Ticket Filters','Ticket Filters  <strong>Unanswered Tickets</strong>  has been created','App\\Model\\helpdesk\\Ticket\\TicketFilter','created',19,NULL,NULL,'{\"attributes\":{\"Name\":\"Unanswered Tickets\",\"Icon Class\":\"fas fa-reply\",\"Icon Color\":\"#00c0ef\",\"Display on Dashboard\":1,\"Display on Navigation Bar\":1}}',NULL,'2024-10-24 03:58:41','2024-10-24 03:58:41'),(46,'Ticket Filters','Ticket Filters  <strong>My Tickets</strong>  has been created','App\\Model\\helpdesk\\Ticket\\TicketFilter','created',27,NULL,NULL,'{\"attributes\":{\"Name\":\"My Tickets\",\"Icon Class\":\"fas fa-inbox\",\"Icon Color\":\"#007bff\",\"Display on Dashboard\":1,\"Display on Navigation Bar\":1}}',NULL,'2024-10-24 03:58:41','2024-10-24 03:58:41'),(47,'Ticket Filters','Ticket Filters  <strong>My Pending Approvals </strong>  has been created','App\\Model\\helpdesk\\Ticket\\TicketFilter','created',28,NULL,NULL,'{\"attributes\":{\"Name\":\"My Pending Approvals \",\"Icon Class\":\"far fa-clock\",\"Icon Color\":\"#00c0ef\",\"Display on Dashboard\":1,\"Display on Navigation Bar\":1}}',NULL,'2024-10-24 03:58:41','2024-10-24 03:58:41'),(48,'Ticket Filters','Ticket Filters  <strong>My Due Today Tickets </strong>  has been created','App\\Model\\helpdesk\\Ticket\\TicketFilter','created',29,NULL,NULL,'{\"attributes\":{\"Name\":\"My Due Today Tickets \",\"Icon Class\":\"far fa-calendar-times\",\"Icon Color\":\"#f39c12\",\"Display on Dashboard\":1,\"Display on Navigation Bar\":0}}',NULL,'2024-10-24 03:58:41','2024-10-24 03:58:41'),(49,'Ticket Filters','Ticket Filters  <strong>Unapproved Tickets</strong>  has been created','App\\Model\\helpdesk\\Ticket\\TicketFilter','created',30,NULL,NULL,'{\"attributes\":{\"Name\":\"Unapproved Tickets\",\"Icon Class\":\"fas fa-clock\",\"Icon Color\":\"#00c0ef\",\"Display on Dashboard\":0,\"Display on Navigation Bar\":1}}',NULL,'2024-10-24 03:58:41','2024-10-24 03:58:41'),(50,'Ticket Filters','Ticket Filters  <strong>Closed Tickets</strong>  has been created','App\\Model\\helpdesk\\Ticket\\TicketFilter','created',31,NULL,NULL,'{\"attributes\":{\"Name\":\"Closed Tickets\",\"Icon Class\":\"fas fa-minus-circle\",\"Icon Color\":\"#00c0ef\",\"Display on Dashboard\":0,\"Display on Navigation Bar\":1}}',NULL,'2024-10-24 03:58:41','2024-10-24 03:58:41'),(51,'Ticket Filters','Ticket Filters  <strong>Spam</strong>  has been created','App\\Model\\helpdesk\\Ticket\\TicketFilter','created',32,NULL,NULL,'{\"attributes\":{\"Name\":\"Spam\",\"Icon Class\":\"fas fa-exclamation-triangle\",\"Icon Color\":\"#00c0ef\",\"Display on Dashboard\":0,\"Display on Navigation Bar\":1}}',NULL,'2024-10-24 03:58:41','2024-10-24 03:58:41'),(52,'Ticket Filters','Ticket Filters  <strong>Trash</strong>  has been created','App\\Model\\helpdesk\\Ticket\\TicketFilter','created',33,NULL,NULL,'{\"attributes\":{\"Name\":\"Trash\",\"Icon Class\":\"fas fa-trash\",\"Icon Color\":\"#00c0ef\",\"Display on Dashboard\":0,\"Display on Navigation Bar\":1}}',NULL,'2024-10-24 03:58:41','2024-10-24 03:58:41');
/*!40000 ALTER TABLE `activity_log` ENABLE KEYS */;
UNLOCK TABLES;

--
-- Table structure for table `admin_sub_modules`
--

DROP TABLE IF EXISTS `admin_sub_modules`;
/*!40101 SET @saved_cs_client     = @@character_set_client */;
/*!40101 SET character_set_client = utf8 */;
CREATE TABLE `admin_sub_modules` (
  `id` bigint(20) unsigned NOT NULL AUTO_INCREMENT,
  `sub_module_id` bigint(20) unsigned NOT NULL,
  `cache` int(11) NOT NULL DEFAULT 10,
  `created_at` timestamp NULL DEFAULT NULL,
  `updated_at` timestamp NULL DEFAULT NULL,
  PRIMARY KEY (`id`),
  KEY `admin_sub_modules_sub_module_id_foreign` (`sub_module_id`),
  CONSTRAINT `admin_sub_modules_sub_module_id_foreign` FOREIGN KEY (`sub_module_id`) REFERENCES `sub_modules` (`id`)
) ENGINE=InnoDB DEFAULT CHARSET=utf8mb3 COLLATE=utf8mb3_unicode_ci;
/*!40101 SET character_set_client = @saved_cs_client */;

--
-- Dumping data for table `admin_sub_modules`
--

LOCK TABLES `admin_sub_modules` WRITE;
/*!40000 ALTER TABLE `admin_sub_modules` DISABLE KEYS */;
/*!40000 ALTER TABLE `admin_sub_modules` ENABLE KEYS */;
UNLOCK TABLES;

--
-- Table structure for table `agent_type_relations`
--

DROP TABLE IF EXISTS `agent_type_relations`;
/*!40101 SET @saved_cs_client     = @@character_set_client */;
/*!40101 SET character_set_client = utf8 */;
CREATE TABLE `agent_type_relations` (
  `id` int(10) unsigned NOT NULL AUTO_INCREMENT,
  `type_id` int(11) NOT NULL,
  `agent_id` int(11) NOT NULL,
  `created_at` timestamp NULL DEFAULT NULL,
  `updated_at` timestamp NULL DEFAULT NULL,
  PRIMARY KEY (`id`)
) ENGINE=InnoDB DEFAULT CHARSET=utf8mb3 COLLATE=utf8mb3_unicode_ci;
/*!40101 SET character_set_client = @saved_cs_client */;

--
-- Dumping data for table `agent_type_relations`
--

LOCK TABLES `agent_type_relations` WRITE;
/*!40000 ALTER TABLE `agent_type_relations` DISABLE KEYS */;
/*!40000 ALTER TABLE `agent_type_relations` ENABLE KEYS */;
UNLOCK TABLES;

--
-- Table structure for table `api_settings`
--

DROP TABLE IF EXISTS `api_settings`;
/*!40101 SET @saved_cs_client     = @@character_set_client */;
/*!40101 SET character_set_client = utf8 */;
CREATE TABLE `api_settings` (
  `id` int(10) unsigned NOT NULL AUTO_INCREMENT,
  `key` varchar(255) NOT NULL,
  `value` varchar(255) NOT NULL,
  `created_at` timestamp NULL DEFAULT NULL,
  `updated_at` timestamp NULL DEFAULT NULL,
  PRIMARY KEY (`id`)
) ENGINE=InnoDB AUTO_INCREMENT=2 DEFAULT CHARSET=utf8mb3 COLLATE=utf8mb3_unicode_ci;
/*!40101 SET character_set_client = @saved_cs_client */;

--
-- Dumping data for table `api_settings`
--

LOCK TABLES `api_settings` WRITE;
/*!40000 ALTER TABLE `api_settings` DISABLE KEYS */;
INSERT INTO `api_settings` VALUES (1,'sources','[\"1\",\"3\"]','2024-10-24 03:58:40','2024-10-24 03:58:40');
/*!40000 ALTER TABLE `api_settings` ENABLE KEYS */;
UNLOCK TABLES;

--
-- Table structure for table `approval_level_approvers`
--

DROP TABLE IF EXISTS `approval_level_approvers`;
/*!40101 SET @saved_cs_client     = @@character_set_client */;
/*!40101 SET character_set_client = utf8 */;
CREATE TABLE `approval_level_approvers` (
  `id` int(10) unsigned NOT NULL AUTO_INCREMENT,
  `approval_level_id` int(10) unsigned NOT NULL,
  `approval_level_approver_id` int(10) unsigned NOT NULL,
  `approval_level_approver_type` varchar(255) NOT NULL,
  PRIMARY KEY (`id`),
  KEY `approval_level_approvers_approval_level_id_foreign` (`approval_level_id`),
  CONSTRAINT `approval_level_approvers_approval_level_id_foreign` FOREIGN KEY (`approval_level_id`) REFERENCES `approval_levels` (`id`)
) ENGINE=InnoDB DEFAULT CHARSET=utf8mb3 COLLATE=utf8mb3_unicode_ci;
/*!40101 SET character_set_client = @saved_cs_client */;

--
-- Dumping data for table `approval_level_approvers`
--

LOCK TABLES `approval_level_approvers` WRITE;
/*!40000 ALTER TABLE `approval_level_approvers` DISABLE KEYS */;
/*!40000 ALTER TABLE `approval_level_approvers` ENABLE KEYS */;
UNLOCK TABLES;

--
-- Table structure for table `approval_level_statuses`
--

DROP TABLE IF EXISTS `approval_level_statuses`;
/*!40101 SET @saved_cs_client     = @@character_set_client */;
/*!40101 SET character_set_client = utf8 */;
CREATE TABLE `approval_level_statuses` (
  `id` int(10) unsigned NOT NULL AUTO_INCREMENT,
  `approval_level_id` int(10) unsigned NOT NULL,
  `approval_workflow_ticket_id` int(10) unsigned NOT NULL,
  `name` varchar(255) NOT NULL,
  `match` varchar(10) NOT NULL,
  `order` tinyint(3) unsigned NOT NULL,
  `is_active` tinyint(1) NOT NULL,
  `status` varchar(255) NOT NULL,
  `created_at` timestamp NULL DEFAULT NULL,
  `updated_at` timestamp NULL DEFAULT NULL,
  PRIMARY KEY (`id`),
  KEY `approval_level_statuses_approval_level_id_foreign` (`approval_level_id`),
  KEY `approval_level_statuses_approval_workflow_ticket_id_foreign` (`approval_workflow_ticket_id`),
  CONSTRAINT `approval_level_statuses_approval_level_id_foreign` FOREIGN KEY (`approval_level_id`) REFERENCES `approval_levels` (`id`) ON DELETE CASCADE,
  CONSTRAINT `approval_level_statuses_approval_workflow_ticket_id_foreign` FOREIGN KEY (`approval_workflow_ticket_id`) REFERENCES `approval_workflow_tickets` (`id`) ON DELETE CASCADE
) ENGINE=InnoDB DEFAULT CHARSET=utf8mb3 COLLATE=utf8mb3_unicode_ci;
/*!40101 SET character_set_client = @saved_cs_client */;

--
-- Dumping data for table `approval_level_statuses`
--

LOCK TABLES `approval_level_statuses` WRITE;
/*!40000 ALTER TABLE `approval_level_statuses` DISABLE KEYS */;
/*!40000 ALTER TABLE `approval_level_statuses` ENABLE KEYS */;
UNLOCK TABLES;

--
-- Table structure for table `approval_levels`
--

DROP TABLE IF EXISTS `approval_levels`;
/*!40101 SET @saved_cs_client     = @@character_set_client */;
/*!40101 SET character_set_client = utf8 */;
CREATE TABLE `approval_levels` (
  `id` int(10) unsigned NOT NULL AUTO_INCREMENT,
  `name` varchar(255) NOT NULL,
  `approval_workflow_id` int(10) unsigned NOT NULL,
  `match` varchar(10) NOT NULL,
  `order` tinyint(3) unsigned NOT NULL,
  PRIMARY KEY (`id`),
  KEY `approval_levels_approval_workflow_id_foreign` (`approval_workflow_id`),
  CONSTRAINT `approval_levels_approval_workflow_id_foreign` FOREIGN KEY (`approval_workflow_id`) REFERENCES `approval_workflows` (`id`)
) ENGINE=InnoDB DEFAULT CHARSET=utf8mb3 COLLATE=utf8mb3_unicode_ci;
/*!40101 SET character_set_client = @saved_cs_client */;

--
-- Dumping data for table `approval_levels`
--

LOCK TABLES `approval_levels` WRITE;
/*!40000 ALTER TABLE `approval_levels` DISABLE KEYS */;
/*!40000 ALTER TABLE `approval_levels` ENABLE KEYS */;
UNLOCK TABLES;

--
-- Table structure for table `approval_workflow_tickets`
--

DROP TABLE IF EXISTS `approval_workflow_tickets`;
/*!40101 SET @saved_cs_client     = @@character_set_client */;
/*!40101 SET character_set_client = utf8 */;
CREATE TABLE `approval_workflow_tickets` (
  `id` int(10) unsigned NOT NULL AUTO_INCREMENT,
  `approval_workflow_id` int(10) unsigned NOT NULL,
  `name` varchar(255) NOT NULL,
  `user_id` int(10) unsigned NOT NULL,
  `ticket_id` int(10) unsigned NOT NULL,
  `status` varchar(255) NOT NULL,
  `created_at` timestamp NULL DEFAULT NULL,
  `updated_at` timestamp NULL DEFAULT NULL,
  `action_on_approve` int(11) NOT NULL,
  `action_on_deny` int(11) NOT NULL,
  `ticket_status_id` int(10) unsigned DEFAULT NULL,
  `send_auto_reminders` tinyint(1) DEFAULT 0,
  `reminder_interval_type` varchar(255) DEFAULT NULL,
  `reminder_interval` int(11) DEFAULT NULL,
  `next_reminder_time` timestamp NULL DEFAULT NULL,
  PRIMARY KEY (`id`),
  KEY `approval_workflow_tickets_ticket_id_foreign` (`ticket_id`),
  KEY `approval_workflow_tickets_approval_workflow_id_foreign` (`approval_workflow_id`),
  KEY `approval_workflow_tickets_ticket_status_id_foreign` (`ticket_status_id`),
  CONSTRAINT `approval_workflow_tickets_approval_workflow_id_foreign` FOREIGN KEY (`approval_workflow_id`) REFERENCES `approval_workflows` (`id`) ON DELETE CASCADE,
  CONSTRAINT `approval_workflow_tickets_ticket_id_foreign` FOREIGN KEY (`ticket_id`) REFERENCES `tickets` (`id`) ON DELETE CASCADE,
  CONSTRAINT `approval_workflow_tickets_ticket_status_id_foreign` FOREIGN KEY (`ticket_status_id`) REFERENCES `ticket_status` (`id`)
) ENGINE=InnoDB DEFAULT CHARSET=utf8mb3 COLLATE=utf8mb3_unicode_ci;
/*!40101 SET character_set_client = @saved_cs_client */;

--
-- Dumping data for table `approval_workflow_tickets`
--

LOCK TABLES `approval_workflow_tickets` WRITE;
/*!40000 ALTER TABLE `approval_workflow_tickets` DISABLE KEYS */;
/*!40000 ALTER TABLE `approval_workflow_tickets` ENABLE KEYS */;
UNLOCK TABLES;

--
-- Table structure for table `approval_workflows`
--

DROP TABLE IF EXISTS `approval_workflows`;
/*!40101 SET @saved_cs_client     = @@character_set_client */;
/*!40101 SET character_set_client = utf8 */;
CREATE TABLE `approval_workflows` (
  `id` int(10) unsigned NOT NULL AUTO_INCREMENT,
  `name` varchar(255) NOT NULL,
  `user_id` int(10) unsigned NOT NULL,
  `created_at` timestamp NULL DEFAULT NULL,
  `updated_at` timestamp NULL DEFAULT NULL,
  `action_on_approve` int(11) NOT NULL,
  `action_on_deny` int(11) NOT NULL,
  `type` varchar(30) NOT NULL,
  `is_visible` tinyint(4) NOT NULL DEFAULT 1,
  `send_auto_reminders` tinyint(1) DEFAULT 0,
  `reminder_interval_type` varchar(255) DEFAULT NULL,
  `reminder_interval` int(11) DEFAULT NULL,
  PRIMARY KEY (`id`),
  KEY `approval_workflows_user_id_foreign` (`user_id`),
  CONSTRAINT `approval_workflows_user_id_foreign` FOREIGN KEY (`user_id`) REFERENCES `users` (`id`)
) ENGINE=InnoDB DEFAULT CHARSET=utf8mb3 COLLATE=utf8mb3_unicode_ci;
/*!40101 SET character_set_client = @saved_cs_client */;

--
-- Dumping data for table `approval_workflows`
--

LOCK TABLES `approval_workflows` WRITE;
/*!40000 ALTER TABLE `approval_workflows` DISABLE KEYS */;
/*!40000 ALTER TABLE `approval_workflows` ENABLE KEYS */;
UNLOCK TABLES;

--
-- Table structure for table `approver_statuses`
--

DROP TABLE IF EXISTS `approver_statuses`;
/*!40101 SET @saved_cs_client     = @@character_set_client */;
/*!40101 SET character_set_client = utf8 */;
CREATE TABLE `approver_statuses` (
  `id` int(10) unsigned NOT NULL AUTO_INCREMENT,
  `approver_id` int(10) unsigned NOT NULL,
  `approver_type` varchar(255) NOT NULL,
  `approval_level_status_id` int(10) unsigned NOT NULL,
  `status` varchar(255) NOT NULL,
  `hash` varchar(255) NOT NULL,
  `created_at` timestamp NULL DEFAULT NULL,
  `updated_at` timestamp NULL DEFAULT NULL,
  `comment` varchar(255) NOT NULL,
  PRIMARY KEY (`id`),
  KEY `approver_statuses_approval_level_status_id_foreign` (`approval_level_status_id`),
  CONSTRAINT `approver_statuses_approval_level_status_id_foreign` FOREIGN KEY (`approval_level_status_id`) REFERENCES `approval_level_statuses` (`id`) ON DELETE CASCADE
) ENGINE=InnoDB DEFAULT CHARSET=utf8mb3 COLLATE=utf8mb3_unicode_ci;
/*!40101 SET character_set_client = @saved_cs_client */;

--
-- Dumping data for table `approver_statuses`
--

LOCK TABLES `approver_statuses` WRITE;
/*!40000 ALTER TABLE `approver_statuses` DISABLE KEYS */;
/*!40000 ALTER TABLE `approver_statuses` ENABLE KEYS */;
UNLOCK TABLES;

--
-- Table structure for table `attachments`
--

DROP TABLE IF EXISTS `attachments`;
/*!40101 SET @saved_cs_client     = @@character_set_client */;
/*!40101 SET character_set_client = utf8 */;
CREATE TABLE `attachments` (
  `id` int(10) unsigned NOT NULL AUTO_INCREMENT,
  `name` varchar(255) NOT NULL,
  `file_size` varchar(255) NOT NULL,
  `file_type` varchar(100) NOT NULL,
  `disposition` varchar(255) NOT NULL,
  `driver` varchar(30) NOT NULL,
  `path` varchar(255) NOT NULL,
  `created_at` timestamp NULL DEFAULT NULL,
  `updated_at` timestamp NULL DEFAULT NULL,
  `attachable_type` varchar(255) NOT NULL,
  `attachable_id` bigint(20) unsigned NOT NULL,
  `content_id` varchar(255) DEFAULT NULL,
  `permanent_redaction` int(11) NOT NULL DEFAULT 0,
  `temporary_redaction` int(11) NOT NULL DEFAULT 0,
  PRIMARY KEY (`id`),
  KEY `attachments_attachable_type_attachable_id_index` (`attachable_type`,`attachable_id`)
) ENGINE=InnoDB DEFAULT CHARSET=utf8mb3 COLLATE=utf8mb3_unicode_ci;
/*!40101 SET character_set_client = @saved_cs_client */;

--
-- Dumping data for table `attachments`
--

LOCK TABLES `attachments` WRITE;
/*!40000 ALTER TABLE `attachments` DISABLE KEYS */;
/*!40000 ALTER TABLE `attachments` ENABLE KEYS */;
UNLOCK TABLES;

--
-- Table structure for table `authentication_log`
--

DROP TABLE IF EXISTS `authentication_log`;
/*!40101 SET @saved_cs_client     = @@character_set_client */;
/*!40101 SET character_set_client = utf8 */;
CREATE TABLE `authentication_log` (
  `id` bigint(20) unsigned NOT NULL AUTO_INCREMENT,
  `authenticatable_type` varchar(255) NOT NULL,
  `authenticatable_id` bigint(20) unsigned NOT NULL,
  `ip_address` varchar(45) DEFAULT NULL,
  `user_agent` text DEFAULT NULL,
  `browser` varchar(255) DEFAULT NULL,
  `platform` varchar(255) DEFAULT NULL,
  `device` varchar(255) DEFAULT NULL,
  `login_at` timestamp NULL DEFAULT NULL,
  `session_token` varchar(255) DEFAULT NULL,
  `logout_at` timestamp NULL DEFAULT NULL,
  `location` blob DEFAULT NULL,
  `device_family` varchar(255) DEFAULT NULL,
  `device_identifier` varchar(255) DEFAULT NULL,
  PRIMARY KEY (`id`),
  KEY `authentication_log_authenticatable_type_authenticatable_id_index` (`authenticatable_type`,`authenticatable_id`)
) ENGINE=InnoDB DEFAULT CHARSET=utf8mb3 COLLATE=utf8mb3_unicode_ci;
/*!40101 SET character_set_client = @saved_cs_client */;

--
-- Dumping data for table `authentication_log`
--

LOCK TABLES `authentication_log` WRITE;
/*!40000 ALTER TABLE `authentication_log` DISABLE KEYS */;
/*!40000 ALTER TABLE `authentication_log` ENABLE KEYS */;
UNLOCK TABLES;

--
-- Table structure for table `backup_paths`
--

DROP TABLE IF EXISTS `backup_paths`;
/*!40101 SET @saved_cs_client     = @@character_set_client */;
/*!40101 SET character_set_client = utf8 */;
CREATE TABLE `backup_paths` (
  `id` bigint(20) unsigned NOT NULL AUTO_INCREMENT,
  `backup_path` varchar(255) NOT NULL,
  `created_at` timestamp NULL DEFAULT NULL,
  `updated_at` timestamp NULL DEFAULT NULL,
  PRIMARY KEY (`id`)
) ENGINE=InnoDB AUTO_INCREMENT=2 DEFAULT CHARSET=utf8mb3 COLLATE=utf8mb3_unicode_ci;
/*!40101 SET character_set_client = @saved_cs_client */;

--
-- Dumping data for table `backup_paths`
--

LOCK TABLES `backup_paths` WRITE;
/*!40000 ALTER TABLE `backup_paths` DISABLE KEYS */;
INSERT INTO `backup_paths` VALUES (1,'/var/www/storage','2024-10-24 03:58:34','2024-10-24 03:58:34');
/*!40000 ALTER TABLE `backup_paths` ENABLE KEYS */;
UNLOCK TABLES;

--
-- Table structure for table `backups`
--

DROP TABLE IF EXISTS `backups`;
/*!40101 SET @saved_cs_client     = @@character_set_client */;
/*!40101 SET character_set_client = utf8 */;
CREATE TABLE `backups` (
  `id` bigint(20) unsigned NOT NULL AUTO_INCREMENT,
  `filename` varchar(255) NOT NULL,
  `db_name` varchar(255) NOT NULL,
  `file_path` varchar(255) NOT NULL,
  `db_path` varchar(255) NOT NULL,
  `version` varchar(255) NOT NULL,
  `created_at` timestamp NULL DEFAULT NULL,
  `updated_at` timestamp NULL DEFAULT NULL,
  PRIMARY KEY (`id`)
) ENGINE=InnoDB DEFAULT CHARSET=utf8mb3 COLLATE=utf8mb3_unicode_ci;
/*!40101 SET character_set_client = @saved_cs_client */;

--
-- Dumping data for table `backups`
--

LOCK TABLES `backups` WRITE;
/*!40000 ALTER TABLE `backups` DISABLE KEYS */;
/*!40000 ALTER TABLE `backups` ENABLE KEYS */;
UNLOCK TABLES;

--
-- Table structure for table `banlist`
--

DROP TABLE IF EXISTS `banlist`;
/*!40101 SET @saved_cs_client     = @@character_set_client */;
/*!40101 SET character_set_client = utf8 */;
CREATE TABLE `banlist` (
  `id` int(10) unsigned NOT NULL AUTO_INCREMENT,
  `ban_status` tinyint(1) NOT NULL,
  `email_address` varchar(255) NOT NULL,
  `internal_notes` varchar(255) NOT NULL,
  `created_at` timestamp NULL DEFAULT NULL,
  `updated_at` timestamp NULL DEFAULT NULL,
  PRIMARY KEY (`id`)
) ENGINE=InnoDB DEFAULT CHARSET=utf8mb3 COLLATE=utf8mb3_unicode_ci;
/*!40101 SET character_set_client = @saved_cs_client */;

--
-- Dumping data for table `banlist`
--

LOCK TABLES `banlist` WRITE;
/*!40000 ALTER TABLE `banlist` DISABLE KEYS */;
/*!40000 ALTER TABLE `banlist` ENABLE KEYS */;
UNLOCK TABLES;

--
-- Table structure for table `bar_notifications`
--

DROP TABLE IF EXISTS `bar_notifications`;
/*!40101 SET @saved_cs_client     = @@character_set_client */;
/*!40101 SET character_set_client = utf8 */;
CREATE TABLE `bar_notifications` (
  `id` int(10) unsigned NOT NULL AUTO_INCREMENT,
  `key` varchar(255) NOT NULL,
  `value` varchar(255) NOT NULL,
  `created_at` timestamp NULL DEFAULT NULL,
  `updated_at` timestamp NULL DEFAULT NULL,
  PRIMARY KEY (`id`)
) ENGINE=InnoDB DEFAULT CHARSET=utf8mb3 COLLATE=utf8mb3_unicode_ci;
/*!40101 SET character_set_client = @saved_cs_client */;

--
-- Dumping data for table `bar_notifications`
--

LOCK TABLES `bar_notifications` WRITE;
/*!40000 ALTER TABLE `bar_notifications` DISABLE KEYS */;
/*!40000 ALTER TABLE `bar_notifications` ENABLE KEYS */;
UNLOCK TABLES;

--
-- Table structure for table `bill_type`
--

DROP TABLE IF EXISTS `bill_type`;
/*!40101 SET @saved_cs_client     = @@character_set_client */;
/*!40101 SET character_set_client = utf8 */;
CREATE TABLE `bill_type` (
  `id` int(10) unsigned NOT NULL AUTO_INCREMENT,
  `type` int(11) NOT NULL,
  `price` varchar(255) NOT NULL,
  `created_at` timestamp NULL DEFAULT NULL,
  `updated_at` timestamp NULL DEFAULT NULL,
  PRIMARY KEY (`id`)
) ENGINE=InnoDB DEFAULT CHARSET=utf8mb3 COLLATE=utf8mb3_unicode_ci;
/*!40101 SET character_set_client = @saved_cs_client */;

--
-- Dumping data for table `bill_type`
--

LOCK TABLES `bill_type` WRITE;
/*!40000 ALTER TABLE `bill_type` DISABLE KEYS */;
/*!40000 ALTER TABLE `bill_type` ENABLE KEYS */;
UNLOCK TABLES;

--
-- Table structure for table `billing_payment_gateways`
--

DROP TABLE IF EXISTS `billing_payment_gateways`;
/*!40101 SET @saved_cs_client     = @@character_set_client */;
/*!40101 SET character_set_client = utf8 */;
CREATE TABLE `billing_payment_gateways` (
  `id` int(10) unsigned NOT NULL AUTO_INCREMENT,
  `name` varchar(50) NOT NULL,
  `gateway_name` varchar(50) DEFAULT NULL,
  `key` varchar(255) DEFAULT NULL,
  `value` varchar(255) DEFAULT NULL,
  `status` tinyint(1) NOT NULL DEFAULT 0,
  `is_default` tinyint(1) NOT NULL DEFAULT 0,
  `created_at` timestamp NULL DEFAULT NULL,
  `updated_at` timestamp NULL DEFAULT NULL,
  PRIMARY KEY (`id`)
) ENGINE=InnoDB DEFAULT CHARSET=utf8mb3 COLLATE=utf8mb3_unicode_ci;
/*!40101 SET character_set_client = @saved_cs_client */;

--
-- Dumping data for table `billing_payment_gateways`
--

LOCK TABLES `billing_payment_gateways` WRITE;
/*!40000 ALTER TABLE `billing_payment_gateways` DISABLE KEYS */;
/*!40000 ALTER TABLE `billing_payment_gateways` ENABLE KEYS */;
UNLOCK TABLES;

--
-- Table structure for table `bills`
--

DROP TABLE IF EXISTS `bills`;
/*!40101 SET @saved_cs_client     = @@character_set_client */;
/*!40101 SET character_set_client = utf8 */;
CREATE TABLE `bills` (
  `id` int(10) unsigned NOT NULL AUTO_INCREMENT,
  `level` varchar(255) NOT NULL,
  `model_id` int(11) NOT NULL,
  `agent` int(11) NOT NULL,
  `ticket_id` int(11) NOT NULL,
  `hours` varchar(255) NOT NULL,
  `billable` varchar(255) NOT NULL,
  `amount_hourly` varchar(255) DEFAULT NULL,
  `note` varchar(255) NOT NULL,
  `created_at` timestamp NULL DEFAULT NULL,
  `updated_at` timestamp NULL DEFAULT NULL,
  PRIMARY KEY (`id`)
) ENGINE=InnoDB DEFAULT CHARSET=utf8mb3 COLLATE=utf8mb3_unicode_ci;
/*!40101 SET character_set_client = @saved_cs_client */;

--
-- Dumping data for table `bills`
--

LOCK TABLES `bills` WRITE;
/*!40000 ALTER TABLE `bills` DISABLE KEYS */;
/*!40000 ALTER TABLE `bills` ENABLE KEYS */;
UNLOCK TABLES;

--
-- Table structure for table `breaklines`
--

DROP TABLE IF EXISTS `breaklines`;
/*!40101 SET @saved_cs_client     = @@character_set_client */;
/*!40101 SET character_set_client = utf8 */;
CREATE TABLE `breaklines` (
  `id` bigint(20) unsigned NOT NULL AUTO_INCREMENT,
  `breakline` varchar(1000) NOT NULL,
  `order` int(10) unsigned NOT NULL,
  `is_active` tinyint(1) NOT NULL,
  `created_at` timestamp NULL DEFAULT NULL,
  `updated_at` timestamp NULL DEFAULT NULL,
  PRIMARY KEY (`id`)
) ENGINE=InnoDB AUTO_INCREMENT=6 DEFAULT CHARSET=utf8mb3 COLLATE=utf8mb3_unicode_ci;
/*!40101 SET character_set_client = @saved_cs_client */;

--
-- Dumping data for table `breaklines`
--

LOCK TABLES `breaklines` WRITE;
/*!40000 ALTER TABLE `breaklines` DISABLE KEYS */;
INSERT INTO `breaklines` VALUES (1,'<blockquote>(?s).*<\\/blockquote>',1,1,'2024-10-24 03:58:37','2024-10-24 03:58:37'),(2,'(<hr style=\"width:98%;\"><div><b>)?From:.*Sent:.*To:.*',2,1,'2024-10-24 03:58:37','2024-10-24 03:58:37'),(3,'---- On(?:(?!^>*\\s*On\\b|\\bwrote:).).*wrote ----.*',3,1,'2024-10-24 03:58:37','2024-10-24 03:58:37'),(4,'On(?:(?!^>*\\s*On\\b|\\bwrote:).).*wrote:.*',4,1,'2024-10-24 03:58:37','2024-10-24 03:58:37'),(5,'<br><div><div>(.*?)&lt;<a href=\"mailto:',5,1,'2024-10-24 03:58:41','2024-10-24 03:58:41');
/*!40000 ALTER TABLE `breaklines` ENABLE KEYS */;
UNLOCK TABLES;

--
-- Table structure for table `business_holidays`
--

DROP TABLE IF EXISTS `business_holidays`;
/*!40101 SET @saved_cs_client     = @@character_set_client */;
/*!40101 SET character_set_client = utf8 */;
CREATE TABLE `business_holidays` (
  `id` int(10) unsigned NOT NULL AUTO_INCREMENT,
  `name` varchar(255) NOT NULL,
  `date` varchar(255) NOT NULL,
  `business_hours_id` int(10) unsigned NOT NULL,
  `created_at` timestamp NULL DEFAULT NULL,
  `updated_at` timestamp NULL DEFAULT NULL,
  PRIMARY KEY (`id`),
  KEY `business_holidays_business_hours_id_foreign` (`business_hours_id`),
  CONSTRAINT `business_holidays_business_hours_id_foreign` FOREIGN KEY (`business_hours_id`) REFERENCES `business_hours` (`id`) ON UPDATE NO ACTION
) ENGINE=InnoDB DEFAULT CHARSET=utf8mb3 COLLATE=utf8mb3_unicode_ci;
/*!40101 SET character_set_client = @saved_cs_client */;

--
-- Dumping data for table `business_holidays`
--

LOCK TABLES `business_holidays` WRITE;
/*!40000 ALTER TABLE `business_holidays` DISABLE KEYS */;
/*!40000 ALTER TABLE `business_holidays` ENABLE KEYS */;
UNLOCK TABLES;

--
-- Table structure for table `business_hours`
--

DROP TABLE IF EXISTS `business_hours`;
/*!40101 SET @saved_cs_client     = @@character_set_client */;
/*!40101 SET character_set_client = utf8 */;
CREATE TABLE `business_hours` (
  `id` int(10) unsigned NOT NULL AUTO_INCREMENT,
  `name` varchar(255) NOT NULL,
  `description` varchar(255) NOT NULL,
  `status` tinyint(1) NOT NULL,
  `timezone` varchar(255) DEFAULT NULL,
  `is_default` tinyint(1) NOT NULL,
  `created_at` timestamp NULL DEFAULT NULL,
  `updated_at` timestamp NULL DEFAULT NULL,
  PRIMARY KEY (`id`)
) ENGINE=InnoDB AUTO_INCREMENT=2 DEFAULT CHARSET=utf8mb3 COLLATE=utf8mb3_unicode_ci;
/*!40101 SET character_set_client = @saved_cs_client */;

--
-- Dumping data for table `business_hours`
--

LOCK TABLES `business_hours` WRITE;
/*!40000 ALTER TABLE `business_hours` DISABLE KEYS */;
INSERT INTO `business_hours` VALUES (1,'Default Business-Hours','default',1,'Europe/London',1,'2024-10-24 03:58:32','2024-10-24 03:58:34');
/*!40000 ALTER TABLE `business_hours` ENABLE KEYS */;
UNLOCK TABLES;

--
-- Table structure for table `business_open_custom_time`
--

DROP TABLE IF EXISTS `business_open_custom_time`;
/*!40101 SET @saved_cs_client     = @@character_set_client */;
/*!40101 SET character_set_client = utf8 */;
CREATE TABLE `business_open_custom_time` (
  `id` int(10) unsigned NOT NULL AUTO_INCREMENT,
  `business_schedule_id` int(10) unsigned NOT NULL,
  `open_time` varchar(255) NOT NULL,
  `close_time` varchar(255) NOT NULL,
  `created_at` timestamp NULL DEFAULT NULL,
  `updated_at` timestamp NULL DEFAULT NULL,
  PRIMARY KEY (`id`),
  KEY `business_open_custom_time_business_schedule_id_foreign` (`business_schedule_id`),
  CONSTRAINT `business_open_custom_time_business_schedule_id_foreign` FOREIGN KEY (`business_schedule_id`) REFERENCES `business_schedule` (`id`) ON UPDATE NO ACTION
) ENGINE=InnoDB DEFAULT CHARSET=utf8mb3 COLLATE=utf8mb3_unicode_ci;
/*!40101 SET character_set_client = @saved_cs_client */;

--
-- Dumping data for table `business_open_custom_time`
--

LOCK TABLES `business_open_custom_time` WRITE;
/*!40000 ALTER TABLE `business_open_custom_time` DISABLE KEYS */;
/*!40000 ALTER TABLE `business_open_custom_time` ENABLE KEYS */;
UNLOCK TABLES;

--
-- Table structure for table `business_schedule`
--

DROP TABLE IF EXISTS `business_schedule`;
/*!40101 SET @saved_cs_client     = @@character_set_client */;
/*!40101 SET character_set_client = utf8 */;
CREATE TABLE `business_schedule` (
  `id` int(10) unsigned NOT NULL AUTO_INCREMENT,
  `business_hours_id` int(10) unsigned NOT NULL,
  `days` varchar(255) NOT NULL,
  `status` varchar(255) NOT NULL,
  `created_at` timestamp NULL DEFAULT NULL,
  `updated_at` timestamp NULL DEFAULT NULL,
  PRIMARY KEY (`id`),
  KEY `business_schedule_business_hours_id_foreign` (`business_hours_id`),
  CONSTRAINT `business_schedule_business_hours_id_foreign` FOREIGN KEY (`business_hours_id`) REFERENCES `business_hours` (`id`) ON UPDATE NO ACTION
) ENGINE=InnoDB AUTO_INCREMENT=8 DEFAULT CHARSET=utf8mb3 COLLATE=utf8mb3_unicode_ci;
/*!40101 SET character_set_client = @saved_cs_client */;

--
-- Dumping data for table `business_schedule`
--

LOCK TABLES `business_schedule` WRITE;
/*!40000 ALTER TABLE `business_schedule` DISABLE KEYS */;
INSERT INTO `business_schedule` VALUES (1,1,'Sunday','Closed','2024-10-24 03:58:32','2024-10-24 03:58:32'),(2,1,'Monday','Open_fixed','2024-10-24 03:58:32','2024-10-24 03:58:32'),(3,1,'Tuesday','Open_fixed','2024-10-24 03:58:32','2024-10-24 03:58:32'),(4,1,'Wednesday','Open_fixed','2024-10-24 03:58:32','2024-10-24 03:58:34'),(5,1,'Thursday','Open_fixed','2024-10-24 03:58:32','2024-10-24 03:58:32'),(6,1,'Friday','Open_fixed','2024-10-24 03:58:32','2024-10-24 03:58:32'),(7,1,'Saturday','Closed','2024-10-24 03:58:32','2024-10-24 03:58:32');
/*!40000 ALTER TABLE `business_schedule` ENABLE KEYS */;
UNLOCK TABLES;

--
-- Table structure for table `cache`
--

DROP TABLE IF EXISTS `cache`;
/*!40101 SET @saved_cs_client     = @@character_set_client */;
/*!40101 SET character_set_client = utf8 */;
CREATE TABLE `cache` (
  `key` varchar(255) NOT NULL,
  `value` mediumtext NOT NULL,
  `expiration` int(11) NOT NULL,
  PRIMARY KEY (`key`)
) ENGINE=InnoDB DEFAULT CHARSET=utf8mb3 COLLATE=utf8mb3_unicode_ci;
/*!40101 SET character_set_client = @saved_cs_client */;

--
-- Dumping data for table `cache`
--

LOCK TABLES `cache` WRITE;
/*!40000 ALTER TABLE `cache` DISABLE KEYS */;
/*!40000 ALTER TABLE `cache` ENABLE KEYS */;
UNLOCK TABLES;

--
-- Table structure for table `cache_locks`
--

DROP TABLE IF EXISTS `cache_locks`;
/*!40101 SET @saved_cs_client     = @@character_set_client */;
/*!40101 SET character_set_client = utf8 */;
CREATE TABLE `cache_locks` (
  `key` varchar(255) NOT NULL,
  `owner` varchar(255) NOT NULL,
  `expiration` int(11) NOT NULL,
  PRIMARY KEY (`key`)
) ENGINE=InnoDB DEFAULT CHARSET=utf8mb3 COLLATE=utf8mb3_unicode_ci;
/*!40101 SET character_set_client = @saved_cs_client */;

--
-- Dumping data for table `cache_locks`
--

LOCK TABLES `cache_locks` WRITE;
/*!40000 ALTER TABLE `cache_locks` DISABLE KEYS */;
/*!40000 ALTER TABLE `cache_locks` ENABLE KEYS */;
UNLOCK TABLES;

--
-- Table structure for table `canned_response`
--

DROP TABLE IF EXISTS `canned_response`;
/*!40101 SET @saved_cs_client     = @@character_set_client */;
/*!40101 SET character_set_client = utf8 */;
CREATE TABLE `canned_response` (
  `id` int(10) unsigned NOT NULL AUTO_INCREMENT,
  `user_id` int(10) unsigned NOT NULL,
  `title` varchar(255) NOT NULL,
  `message` text NOT NULL,
  `created_at` timestamp NULL DEFAULT NULL,
  `updated_at` timestamp NULL DEFAULT NULL,
  `updated_by` int(10) unsigned DEFAULT NULL,
  PRIMARY KEY (`id`),
  KEY `user_id` (`user_id`),
  KEY `canned_response_updated_by_foreign` (`updated_by`),
  CONSTRAINT `canned_response_ibfk_1` FOREIGN KEY (`user_id`) REFERENCES `users` (`id`) ON DELETE NO ACTION ON UPDATE NO ACTION,
  CONSTRAINT `canned_response_updated_by_foreign` FOREIGN KEY (`updated_by`) REFERENCES `users` (`id`) ON DELETE SET NULL
) ENGINE=InnoDB DEFAULT CHARSET=utf8mb3 COLLATE=utf8mb3_unicode_ci;
/*!40101 SET character_set_client = @saved_cs_client */;

--
-- Dumping data for table `canned_response`
--

LOCK TABLES `canned_response` WRITE;
/*!40000 ALTER TABLE `canned_response` DISABLE KEYS */;
/*!40000 ALTER TABLE `canned_response` ENABLE KEYS */;
UNLOCK TABLES;

--
-- Table structure for table `comments`
--

DROP TABLE IF EXISTS `comments`;
/*!40101 SET @saved_cs_client     = @@character_set_client */;
/*!40101 SET character_set_client = utf8 */;
CREATE TABLE `comments` (
  `id` bigint(20) unsigned NOT NULL AUTO_INCREMENT,
  `commentable_type` varchar(255) NOT NULL,
  `commentable_id` bigint(20) unsigned NOT NULL,
  `comment` text NOT NULL,
  `is_approved` tinyint(1) NOT NULL DEFAULT 0,
  `user_id` bigint(20) unsigned DEFAULT NULL,
  `parent_id` bigint(20) unsigned DEFAULT NULL,
  `created_at` timestamp NULL DEFAULT NULL,
  `updated_at` timestamp NULL DEFAULT NULL,
  PRIMARY KEY (`id`),
  KEY `comments_commentable_type_commentable_id_index` (`commentable_type`,`commentable_id`),
  KEY `comments_parent_id_foreign` (`parent_id`),
  CONSTRAINT `comments_parent_id_foreign` FOREIGN KEY (`parent_id`) REFERENCES `comments` (`id`) ON DELETE SET NULL
) ENGINE=InnoDB DEFAULT CHARSET=utf8mb3 COLLATE=utf8mb3_unicode_ci;
/*!40101 SET character_set_client = @saved_cs_client */;

--
-- Dumping data for table `comments`
--

LOCK TABLES `comments` WRITE;
/*!40000 ALTER TABLE `comments` DISABLE KEYS */;
/*!40000 ALTER TABLE `comments` ENABLE KEYS */;
UNLOCK TABLES;

--
-- Table structure for table `common_settings`
--

DROP TABLE IF EXISTS `common_settings`;
/*!40101 SET @saved_cs_client     = @@character_set_client */;
/*!40101 SET character_set_client = utf8 */;
CREATE TABLE `common_settings` (
  `id` int(10) unsigned NOT NULL AUTO_INCREMENT,
  `option_name` varchar(255) NOT NULL,
  `option_value` varchar(1000) NOT NULL,
  `status` tinyint(1) DEFAULT NULL,
  `optional_field` varchar(255) NOT NULL,
  `created_at` timestamp NULL DEFAULT NULL,
  `updated_at` timestamp NULL DEFAULT NULL,
  PRIMARY KEY (`id`)
) ENGINE=InnoDB AUTO_INCREMENT=41 DEFAULT CHARSET=utf8mb3 COLLATE=utf8mb3_unicode_ci;
/*!40101 SET character_set_client = @saved_cs_client */;

--
-- Dumping data for table `common_settings`
--

LOCK TABLES `common_settings` WRITE;
/*!40000 ALTER TABLE `common_settings` DISABLE KEYS */;
INSERT INTO `common_settings` VALUES (1,'itil','',0,'',NULL,NULL),(2,'ticket_token_time_duration','1',NULL,'','2024-10-24 03:58:32','2024-10-24 03:58:32'),(3,'enable_rtl','',NULL,'','2024-10-24 03:58:32','2024-10-24 03:58:32'),(4,'user_set_ticket_status','',1,'','2024-10-24 03:58:32','2024-10-24 03:58:32'),(5,'send_otp','',0,'','2024-10-24 03:58:32','2024-10-24 03:58:32'),(6,'email_mandatory','',1,'','2024-10-24 03:58:32','2024-10-24 03:58:32'),(7,'user_priority','',0,'','2024-10-24 03:58:32','2024-10-24 03:58:32'),(8,'dummy_data_installation','',0,'','2024-10-24 03:58:32','2024-10-24 03:58:32'),(9,'user_registration','',1,'','2024-10-24 03:58:32','2024-10-24 03:58:32'),(10,'user_show_org_ticket','',1,'','2024-10-24 03:58:32','2024-10-24 03:58:34'),(11,'user_reply_org_ticket','',0,'','2024-10-24 03:58:32','2024-10-24 03:58:32'),(12,'allow_users_to_create_ticket','',0,'','2024-10-24 03:58:32','2024-10-24 03:58:41'),(13,'login_restrictions','email',NULL,'','2024-10-24 03:58:32','2024-10-24 03:58:32'),(14,'micro_organization_status','',0,'','2024-10-24 03:58:32','2024-10-24 03:58:32'),(15,'dashboard-statistics','departments,agents,teams',NULL,'','2024-10-24 03:58:32','2024-10-24 03:58:32'),(16,'helptopic_link_with_type','',0,'','2024-10-24 03:58:32','2024-10-24 03:58:32'),(17,'batch_tickets','',0,'','2024-10-24 03:58:32','2024-10-24 03:58:32'),(18,'redirect_to_timeline','',0,'','2024-10-24 03:58:32','2024-10-24 03:58:32'),(19,'allow_external_login','',0,'','2024-10-24 03:58:32','2024-10-24 03:58:32'),(20,'allow_users_to_access_system_url','',0,'','2024-10-24 03:58:32','2024-10-24 03:58:32'),(21,'redirect_unauthenticated_users_to','',NULL,'','2024-10-24 03:58:32','2024-10-24 03:58:32'),(22,'validate_token_api','',NULL,'','2024-10-24 03:58:32','2024-10-24 03:58:32'),(23,'validate_api_parameter','token',NULL,'','2024-10-24 03:58:32','2024-10-24 03:58:32'),(24,'allow_organization_mngr_approve_tickets','',0,'','2024-10-24 03:58:32','2024-10-24 03:58:32'),(25,'allow_organization_dept_mngr_approve_tickets','',0,'','2024-10-24 03:58:32','2024-10-24 03:58:32'),(26,'show_gravatar_image','',1,'','2024-10-24 03:58:32','2024-10-24 03:58:32'),(27,'time_track','',0,'','2024-10-24 03:58:32','2024-10-24 03:58:32'),(28,'registration_mail_templates','multiple',NULL,'','2024-10-24 03:58:32','2024-10-24 03:58:32'),(29,'reports_max_date_range','2',NULL,'','2024-10-24 03:58:32','2024-10-24 03:58:32'),(30,'reports_records_per_file','1000',NULL,'','2024-10-24 03:58:32','2024-10-24 03:58:34'),(31,'cdn_settings','0',NULL,'','2024-10-24 03:58:34','2024-10-24 03:58:34'),(32,'user_show_cc_ticket','',0,'','2024-10-24 03:58:34','2024-10-24 03:58:34'),(33,'v_4_3_0_update','2024-10-24 09:28:34',NULL,'','2024-10-24 03:58:34','2024-10-24 03:58:34'),(34,'v_4_9_0_update','2024-10-24 09:28:38',NULL,'','2024-10-24 03:58:38','2024-10-24 03:58:38'),(35,'network_discovery','',0,'module','2024-10-24 03:58:40','2024-10-24 03:58:40'),(36,'search_import','1',NULL,'years-updated_at','2024-10-24 03:58:40','2024-10-24 03:58:40'),(37,'releases','official',NULL,'','2024-10-24 03:58:40','2024-10-24 03:58:40'),(38,'max_column','15',NULL,'','2024-10-24 03:58:40','2024-10-24 03:58:40'),(39,'sidebar_count','',0,'','2024-10-24 03:58:40','2024-10-24 03:58:40'),(40,'c_f_check','',1,'','2024-10-24 03:58:41','2024-10-24 03:58:41');
/*!40000 ALTER TABLE `common_settings` ENABLE KEYS */;
UNLOCK TABLES;

--
-- Table structure for table `conditions`
--

DROP TABLE IF EXISTS `conditions`;
/*!40101 SET @saved_cs_client     = @@character_set_client */;
/*!40101 SET character_set_client = utf8 */;
CREATE TABLE `conditions` (
  `id` int(10) unsigned NOT NULL AUTO_INCREMENT,
  `job` varchar(255) NOT NULL,
  `value` varchar(255) NOT NULL,
  `created_at` timestamp NULL DEFAULT NULL,
  `updated_at` timestamp NULL DEFAULT NULL,
  `icon` varchar(30) NOT NULL,
  `command` varchar(255) NOT NULL,
  `job_info` varchar(100) NOT NULL,
  `active` tinyint(1) NOT NULL DEFAULT 1,
  `plugin_job` tinyint(1) NOT NULL DEFAULT 0,
  `plugin_name` varchar(100) DEFAULT NULL,
  `is_background` tinyint(4) NOT NULL DEFAULT 0,
  PRIMARY KEY (`id`)
) ENGINE=InnoDB AUTO_INCREMENT=24 DEFAULT CHARSET=utf8mb3 COLLATE=utf8mb3_unicode_ci;
/*!40101 SET character_set_client = @saved_cs_client */;

--
-- Dumping data for table `conditions`
--

LOCK TABLES `conditions` WRITE;
/*!40000 ALTER TABLE `conditions` DISABLE KEYS */;
INSERT INTO `conditions` VALUES (1,'fetching','everyFiveMinutes','2024-10-24 03:58:32','2024-10-24 03:58:34','fas fa-mail-bulk','ticket:fetch','fetching-info',1,0,NULL,0),(2,'notification','daily','2024-10-24 03:58:32','2024-10-24 03:58:34','fas fa-chart-line','report:send','notification-info',0,0,NULL,0),(3,'work','yearly','2024-10-24 03:58:32','2024-10-24 03:58:40','fa fa-archive','ticket:close','work-info',1,0,NULL,1),(4,'escalation','everyMinute','2024-10-24 03:58:32','2024-10-24 03:58:34','fa fa-hourglass-half','send:escalation','escalation-info',1,0,NULL,0),(5,'recur','daily','2024-10-24 03:58:32','2024-10-24 03:58:34','fas fa-redo','ticket:recur','recur-info',1,0,NULL,0),(6,'check-updates','daily','2024-10-24 03:58:32','2024-10-24 03:58:34','fas fa-sync-alt','faveo:checkupdate','check-updates-info',1,0,NULL,0),(7,'logs','daily','2024-10-24 03:58:32','2024-10-24 03:58:32','glyphicon glyphicon-trash','logs:delete','logs-delete-info',1,0,NULL,0),(8,'attachment-fixer-private','daily','2024-10-24 03:58:34','2024-10-24 03:58:34','fas fa-exclamation-triangle','restructure:private','attachment-fixer-info',1,0,NULL,0),(9,'attachment-fixer-public','daily','2024-10-24 03:58:34','2024-10-24 03:58:34','fas fa-exclamation-triangle','restructure:public','attachment-fixer-info',1,0,NULL,0),(10,'attachment-fixer-disk','daily','2024-10-24 03:58:34','2024-10-24 03:58:34','fas fa-exclamation-triangle','restructure:disk','attachment-fixer-info',1,0,NULL,0),(11,'login-log','daily','2024-10-24 03:58:34','2024-10-24 03:58:34','glyphicon glyphicon-trash','authentication-log:clear','login-log-info',1,0,NULL,0),(12,'Route cache','everyFiveMinutes','2024-10-24 03:58:40','2024-10-24 03:58:40','fa fa-shopping-cart','route_web:cache','caching_web_routes',1,0,NULL,0),(13,'workflow-auto-reminder','daily','2024-10-24 03:58:40','2024-10-24 03:58:40','fa-solid fa-business-time','workflow:reminder','workflow-auto-reminder-info',1,0,NULL,0),(15,'feedback_reminder','everyFiveMinutes','2024-10-24 03:58:40','2024-10-24 03:58:40','fa-solid fa-bell','feedback:reminder','feedback_reminder_tooltip',0,0,NULL,0),(16,'package order expiry','daily','2024-10-24 03:58:40','2024-10-24 03:58:40','fa fa-shopping-cart','order:schedule','package-order-expiry-info',1,0,NULL,0),(17,'report-schedule','everyFiveMinutes','2024-10-24 03:58:40','2024-10-24 03:58:40','fa fa-clock','report:schedule','report-schedule-info',1,0,NULL,0),(18,'system_activity_logs','weekly','2024-10-24 03:58:40','2024-10-24 03:58:40','glyphicon glyphicon-trash','systemactivitylog:clean','delete_system_activity_logs',1,0,NULL,0),(19,'import-search-queries','everyFiveMinutes','2024-10-24 03:58:40','2024-10-24 03:58:40','fa fa-search','import:search_queries','search-queries',0,0,NULL,1),(23,'migrate-fields','everyMinute','2024-10-24 03:58:41','2024-10-24 03:58:41','fa fa-shopping-cart','migrate:fields','migrate-fields-info',1,0,NULL,1);
/*!40000 ALTER TABLE `conditions` ENABLE KEYS */;
UNLOCK TABLES;

--
-- Table structure for table `country_code`
--

DROP TABLE IF EXISTS `country_code`;
/*!40101 SET @saved_cs_client     = @@character_set_client */;
/*!40101 SET character_set_client = utf8 */;
CREATE TABLE `country_code` (
  `id` int(10) unsigned NOT NULL AUTO_INCREMENT,
  `iso` char(2) NOT NULL,
  `name` varchar(100) NOT NULL,
  `nicename` varchar(100) NOT NULL,
  `iso3` char(3) NOT NULL,
  `numcode` smallint(6) NOT NULL,
  `phonecode` int(11) NOT NULL,
  `created_at` timestamp NULL DEFAULT NULL,
  `updated_at` timestamp NULL DEFAULT NULL,
  `example` varchar(255) NOT NULL,
  PRIMARY KEY (`id`)
) ENGINE=InnoDB AUTO_INCREMENT=240 DEFAULT CHARSET=utf8mb3 COLLATE=utf8mb3_unicode_ci;
/*!40101 SET character_set_client = @saved_cs_client */;

--
-- Dumping data for table `country_code`
--

LOCK TABLES `country_code` WRITE;
/*!40000 ALTER TABLE `country_code` DISABLE KEYS */;
INSERT INTO `country_code` VALUES (1,'AF','AFGHANISTAN','Afghanistan','AFG',4,93,'2024-10-24 03:58:32','2024-10-24 03:58:32','70 123 4567'),(2,'AL','ALBANIA','Albania','ALB',8,355,'2024-10-24 03:58:32','2024-10-24 03:58:32','66 123 4567'),(3,'DZ','ALGERIA','Algeria','DZA',12,213,'2024-10-24 03:58:32','2024-10-24 03:58:32','551 23 45 67'),(4,'AS','AMERICAN SAMOA','American Samoa','ASM',16,1684,'2024-10-24 03:58:32','2024-10-24 03:58:32','684 733-1234'),(5,'AD','ANDORRA','Andorra','AND',20,376,'2024-10-24 03:58:32','2024-10-24 03:58:32','312 345'),(6,'AO','ANGOLA','Angola','AGO',24,244,'2024-10-24 03:58:32','2024-10-24 03:58:32','923 123 456'),(7,'AI','ANGUILLA','Anguilla','AIA',660,1264,'2024-10-24 03:58:32','2024-10-24 03:58:32','264 235-1234'),(8,'AQ','ANTARCTICA','Antarctica','NUL',0,0,'2024-10-24 03:58:32','2024-10-24 03:58:32','0'),(9,'AG','ANTIGUA AND BARBUDA','Antigua and Barbuda','ATG',28,1268,'2024-10-24 03:58:32','2024-10-24 03:58:32','268 464-1234'),(10,'AR','ARGENTINA','Argentina','ARG',32,54,'2024-10-24 03:58:32','2024-10-24 03:58:32','11 15-2345-6789'),(11,'AM','ARMENIA','Armenia','ARM',51,374,'2024-10-24 03:58:32','2024-10-24 03:58:32','77 123456'),(12,'AW','ARUBA','Aruba','ABW',533,297,'2024-10-24 03:58:32','2024-10-24 03:58:32','560 1234'),(13,'AU','AUSTRALIA','Australia','AUS',36,61,'2024-10-24 03:58:32','2024-10-24 03:58:32','412 345 678'),(14,'AT','AUSTRIA','Austria','AUT',40,43,'2024-10-24 03:58:32','2024-10-24 03:58:32','664 123456'),(15,'AZ','AZERBAIJAN','Azerbaijan','AZE',31,994,'2024-10-24 03:58:32','2024-10-24 03:58:32','40 123 45 67'),(16,'BS','BAHAMAS','Bahamas','BHS',44,1242,'2024-10-24 03:58:32','2024-10-24 03:58:32','242 359-1234'),(17,'BH','BAHRAIN','Bahrain','BHR',48,973,'2024-10-24 03:58:32','2024-10-24 03:58:32','3600 1234'),(18,'BD','BANGLADESH','Bangladesh','BGD',50,880,'2024-10-24 03:58:32','2024-10-24 03:58:32','1812-345678'),(19,'BB','BARBADOS','Barbados','BRB',52,1246,'2024-10-24 03:58:32','2024-10-24 03:58:32','246 250-1234'),(20,'BY','BELARUS','Belarus','BLR',112,375,'2024-10-24 03:58:32','2024-10-24 03:58:32','8 029 491-19-11'),(21,'BE','BELGIUM','Belgium','BEL',56,32,'2024-10-24 03:58:32','2024-10-24 03:58:32','470 12 34 56'),(22,'BZ','BELIZE','Belize','BLZ',84,501,'2024-10-24 03:58:32','2024-10-24 03:58:32','622-1234'),(23,'BJ','BENIN','Benin','BEN',204,229,'2024-10-24 03:58:32','2024-10-24 03:58:32','90 01 12 34'),(24,'BM','BERMUDA','Bermuda','BMU',60,1441,'2024-10-24 03:58:32','2024-10-24 03:58:32','441 370-1234'),(25,'BT','BHUTAN','Bhutan','BTN',64,975,'2024-10-24 03:58:32','2024-10-24 03:58:32','17 12 34 56'),(26,'BO','BOLIVIA','Bolivia','BOL',68,591,'2024-10-24 03:58:32','2024-10-24 03:58:32','71234567'),(27,'BA','BOSNIA AND HERZEGOVINA','Bosnia and Herzegovina','BIH',70,387,'2024-10-24 03:58:32','2024-10-24 03:58:32','61 123 456'),(28,'BW','BOTSWANA','Botswana','BWA',72,267,'2024-10-24 03:58:32','2024-10-24 03:58:32','71 123 456'),(29,'BV','BOUVET ISLAND','Bouvet Island','NUL',0,0,'2024-10-24 03:58:32','2024-10-24 03:58:32','0'),(30,'BR','BRAZIL','Brazil','BRA',76,55,'2024-10-24 03:58:32','2024-10-24 03:58:32','11 96123-4567'),(31,'IO','BRITISH INDIAN OCEAN TERRITORY','British Indian Ocean Territory','NUL',0,246,'2024-10-24 03:58:32','2024-10-24 03:58:32','380 1234'),(32,'BN','BRUNEI DARUSSALAM','Brunei Darussalam','BRN',96,673,'2024-10-24 03:58:32','2024-10-24 03:58:32','712 3456'),(33,'BG','BULGARIA','Bulgaria','BGR',100,359,'2024-10-24 03:58:32','2024-10-24 03:58:32','48 123 456'),(34,'BF','BURKINA FASO','Burkina Faso','BFA',854,226,'2024-10-24 03:58:32','2024-10-24 03:58:32','70 12 34 56'),(35,'BI','BURUNDI','Burundi','BDI',108,257,'2024-10-24 03:58:32','2024-10-24 03:58:32','79 56 12 34'),(36,'KH','CAMBODIA','Cambodia','KHM',116,855,'2024-10-24 03:58:32','2024-10-24 03:58:32','91 234 567'),(37,'CM','CAMEROON','Cameroon','CMR',120,237,'2024-10-24 03:58:32','2024-10-24 03:58:32','6 71 23 45 67'),(38,'CA','CANADA','Canada','CAN',124,1,'2024-10-24 03:58:32','2024-10-24 03:58:32','204 234-5678'),(39,'CV','CAPE VERDE','Cape Verde','CPV',132,238,'2024-10-24 03:58:32','2024-10-24 03:58:32','991 12 34'),(40,'KY','CAYMAN ISLANDS','Cayman Islands','CYM',136,1345,'2024-10-24 03:58:32','2024-10-24 03:58:32','345 323-1234'),(41,'CF','CENTRAL AFRICAN REPUBLIC','Central African Republic','CAF',140,236,'2024-10-24 03:58:32','2024-10-24 03:58:32','70 01 23 45'),(42,'TD','CHAD','Chad','TCD',148,235,'2024-10-24 03:58:32','2024-10-24 03:58:32','63 01 23 45'),(43,'CL','CHILE','Chile','CHL',152,56,'2024-10-24 03:58:32','2024-10-24 03:58:32','9 6123 4567'),(44,'CN','CHINA','China','CHN',156,86,'2024-10-24 03:58:32','2024-10-24 03:58:32','131 2345 6789'),(45,'CX','CHRISTMAS ISLAND','Christmas Island','NUL',0,61,'2024-10-24 03:58:32','2024-10-24 03:58:32','412 345 678'),(46,'CC','COCOS (KEELING) ISLANDS','Cocos (Keeling) Islands','NUL',0,672,'2024-10-24 03:58:32','2024-10-24 03:58:32','412 345 678'),(47,'CO','COLOMBIA','Colombia','COL',170,57,'2024-10-24 03:58:32','2024-10-24 03:58:32','321 1234567'),(48,'KM','COMOROS','Comoros','COM',174,269,'2024-10-24 03:58:32','2024-10-24 03:58:32','321 23 45'),(49,'CG','CONGO','Congo','COG',178,242,'2024-10-24 03:58:32','2024-10-24 03:58:32','991 234 567'),(50,'CD','CONGO, THE DEMOCRATIC REPUBLIC OF THE','Congo, the Democratic Republic of the','COD',180,242,'2024-10-24 03:58:32','2024-10-24 03:58:32','6 123 4567'),(51,'CK','COOK ISLANDS','Cook Islands','COK',184,682,'2024-10-24 03:58:32','2024-10-24 03:58:32','71 234'),(52,'CR','COSTA RICA','Costa Rica','CRI',188,506,'2024-10-24 03:58:32','2024-10-24 03:58:32','8312 3456'),(53,'CI','COTE DIVOIRE','Cote DIvoire','CIV',384,225,'2024-10-24 03:58:32','2024-10-24 03:58:32','1 23 45 67'),(54,'HR','CROATIA','Croatia','HRV',191,385,'2024-10-24 03:58:32','2024-10-24 03:58:32','91 234 5678'),(55,'CU','CUBA','Cuba','CUB',192,53,'2024-10-24 03:58:32','2024-10-24 03:58:32','5 1234567'),(56,'CY','CYPRUS','Cyprus','CYP',196,357,'2024-10-24 03:58:32','2024-10-24 03:58:32','96 123456'),(57,'CZ','CZECH REPUBLIC','Czech Republic','CZE',203,420,'2024-10-24 03:58:32','2024-10-24 03:58:32','601 123 456'),(58,'DK','DENMARK','Denmark','DNK',208,45,'2024-10-24 03:58:32','2024-10-24 03:58:32','20 12 34 56'),(59,'DJ','DJIBOUTI','Djibouti','DJI',262,253,'2024-10-24 03:58:32','2024-10-24 03:58:32','77 83 10 01'),(60,'DM','DOMINICA','Dominica','DMA',212,1767,'2024-10-24 03:58:32','2024-10-24 03:58:32','767 225-1234'),(61,'DO','DOMINICAN REPUBLIC','Dominican Republic','DOM',214,1809,'2024-10-24 03:58:32','2024-10-24 03:58:32','809 234-5678'),(62,'EC','ECUADOR','Ecuador','ECU',218,593,'2024-10-24 03:58:32','2024-10-24 03:58:32','99 123 4567'),(63,'EG','EGYPT','Egypt','EGY',818,20,'2024-10-24 03:58:32','2024-10-24 03:58:32','100 123 4567'),(64,'SV','EL SALVADOR','El Salvador','SLV',222,503,'2024-10-24 03:58:32','2024-10-24 03:58:32','7012 3456'),(65,'GQ','EQUATORIAL GUINEA','Equatorial Guinea','GNQ',226,240,'2024-10-24 03:58:32','2024-10-24 03:58:32','222 123 456'),(66,'ER','ERITREA','Eritrea','ERI',232,291,'2024-10-24 03:58:32','2024-10-24 03:58:32','7 123 456'),(67,'EE','ESTONIA','Estonia','EST',233,372,'2024-10-24 03:58:32','2024-10-24 03:58:32','5123 4567'),(68,'ET','ETHIOPIA','Ethiopia','ETH',231,251,'2024-10-24 03:58:32','2024-10-24 03:58:32','91 123 4567'),(69,'FK','FALKLAND ISLANDS (MALVINAS)','Falkland Islands (Malvinas)','FLK',238,500,'2024-10-24 03:58:32','2024-10-24 03:58:32','51234'),(70,'FO','FAROE ISLANDS','Faroe Islands','FRO',234,298,'2024-10-24 03:58:32','2024-10-24 03:58:32','211234'),(71,'FJ','FIJI','Fiji','FJI',242,679,'2024-10-24 03:58:32','2024-10-24 03:58:32','701 2345'),(72,'FI','FINLAND','Finland','FIN',246,358,'2024-10-24 03:58:32','2024-10-24 03:58:32','41 2345678'),(73,'FR','FRANCE','France','FRA',250,33,'2024-10-24 03:58:32','2024-10-24 03:58:32','6 12 34 56 78'),(74,'GF','FRENCH GUIANA','French Guiana','GUF',254,594,'2024-10-24 03:58:32','2024-10-24 03:58:32','694 20 12 34'),(75,'PF','FRENCH POLYNESIA','French Polynesia','PYF',258,689,'2024-10-24 03:58:32','2024-10-24 03:58:32','87 12 34 56'),(76,'TF','FRENCH SOUTHERN TERRITORIES','French Southern Territories','NUL',0,0,'2024-10-24 03:58:32','2024-10-24 03:58:32','0'),(77,'GA','GABON','Gabon','GAB',266,241,'2024-10-24 03:58:32','2024-10-24 03:58:32','6 03 12 34'),(78,'GM','GAMBIA','Gambia','GMB',270,220,'2024-10-24 03:58:32','2024-10-24 03:58:32','301 2345'),(79,'GE','GEORGIA','Georgia','GEO',268,995,'2024-10-24 03:58:32','2024-10-24 03:58:32','555 12 34 56'),(80,'DE','GERMANY','Germany','DEU',276,49,'2024-10-24 03:58:32','2024-10-24 03:58:32','1512 3456789'),(81,'GH','GHANA','Ghana','GHA',288,233,'2024-10-24 03:58:32','2024-10-24 03:58:32','23 123 4567'),(82,'GI','GIBRALTAR','Gibraltar','GIB',292,350,'2024-10-24 03:58:32','2024-10-24 03:58:32','57123456'),(83,'GR','GREECE','Greece','GRC',300,30,'2024-10-24 03:58:32','2024-10-24 03:58:32','691 234 5678'),(84,'GL','GREENLAND','Greenland','GRL',304,299,'2024-10-24 03:58:32','2024-10-24 03:58:32','22 12 34'),(85,'GD','GRENADA','Grenada','GRD',308,1473,'2024-10-24 03:58:32','2024-10-24 03:58:32','473 403-1234'),(86,'GP','GUADELOUPE','Guadeloupe','GLP',312,590,'2024-10-24 03:58:32','2024-10-24 03:58:32','690 30-1234'),(87,'GU','GUAM','Guam','GUM',316,1671,'2024-10-24 03:58:32','2024-10-24 03:58:32','671 300-1234'),(88,'GT','GUATEMALA','Guatemala','GTM',320,502,'2024-10-24 03:58:32','2024-10-24 03:58:32','5123 4567'),(89,'GN','GUINEA','Guinea','GIN',324,224,'2024-10-24 03:58:32','2024-10-24 03:58:32','601 12 34 56'),(90,'GW','GUINEA-BISSAU','Guinea-Bissau','GNB',624,245,'2024-10-24 03:58:32','2024-10-24 03:58:32','955 012 345'),(91,'GY','GUYANA','Guyana','GUY',328,592,'2024-10-24 03:58:32','2024-10-24 03:58:32','609 1234'),(92,'HT','HAITI','Haiti','HTI',332,509,'2024-10-24 03:58:32','2024-10-24 03:58:32','34 10 1234'),(93,'HM','HEARD ISLAND AND MCDONALD ISLANDS','Heard Island and Mcdonald Islands','NUL',0,0,'2024-10-24 03:58:32','2024-10-24 03:58:32','0'),(94,'VA','HOLY SEE (VATICAN CITY STATE)','Holy See (Vatican City State)','VAT',336,39,'2024-10-24 03:58:32','2024-10-24 03:58:32','0'),(95,'HN','HONDURAS','Honduras','HND',340,504,'2024-10-24 03:58:32','2024-10-24 03:58:32','9123-4567'),(96,'HK','HONG KONG','Hong Kong','HKG',344,852,'2024-10-24 03:58:32','2024-10-24 03:58:32','5123 4567'),(97,'HU','HUNGARY','Hungary','HUN',348,36,'2024-10-24 03:58:32','2024-10-24 03:58:32','20 123 4567'),(98,'IS','ICELAND','Iceland','ISL',352,354,'2024-10-24 03:58:32','2024-10-24 03:58:32','611 1234'),(99,'IN','INDIA','India','IND',356,91,'2024-10-24 03:58:32','2024-10-24 03:58:32','99876 54321'),(100,'ID','INDONESIA','Indonesia','IDN',360,62,'2024-10-24 03:58:32','2024-10-24 03:58:32','812-345-678'),(101,'IR','IRAN, ISLAMIC REPUBLIC OF','Iran, Islamic Republic of','IRN',364,98,'2024-10-24 03:58:32','2024-10-24 03:58:32','912 345 6789'),(102,'IQ','IRAQ','Iraq','IRQ',368,964,'2024-10-24 03:58:32','2024-10-24 03:58:32','791 234 5678'),(103,'IE','IRELAND','Ireland','IRL',372,353,'2024-10-24 03:58:32','2024-10-24 03:58:32','85 012 3456'),(104,'IL','ISRAEL','Israel','ISR',376,972,'2024-10-24 03:58:32','2024-10-24 03:58:32','50-123-4567'),(105,'IT','ITALY','Italy','ITA',380,39,'2024-10-24 03:58:32','2024-10-24 03:58:32','312 345 6789'),(106,'JM','JAMAICA','Jamaica','JAM',388,1876,'2024-10-24 03:58:32','2024-10-24 03:58:32','876 210-1234'),(107,'JP','JAPAN','Japan','JPN',392,81,'2024-10-24 03:58:32','2024-10-24 03:58:32','90-1234-5678'),(108,'JO','JORDAN','Jordan','JOR',400,962,'2024-10-24 03:58:32','2024-10-24 03:58:32','7 9012 3456'),(109,'KZ','KAZAKHSTAN','Kazakhstan','KAZ',398,7,'2024-10-24 03:58:32','2024-10-24 03:58:32','8 771 000 9998'),(110,'KE','KENYA','Kenya','KEN',404,254,'2024-10-24 03:58:32','2024-10-24 03:58:32','712 123456'),(111,'KI','KIRIBATI','Kiribati','KIR',296,686,'2024-10-24 03:58:32','2024-10-24 03:58:32','72012345'),(112,'KP','KOREA, DEMOCRATIC PEOPLES REPUBLIC OF','Korea, Democratic Peoples Republic of','PRK',408,850,'2024-10-24 03:58:32','2024-10-24 03:58:32','2-312-3456'),(113,'KR','KOREA, REPUBLIC OF','Korea, Republic of','KOR',410,82,'2024-10-24 03:58:32','2024-10-24 03:58:32','2-312-3456'),(114,'KW','KUWAIT','Kuwait','KWT',414,965,'2024-10-24 03:58:32','2024-10-24 03:58:32','500 12345'),(115,'KG','KYRGYZSTAN','Kyrgyzstan','KGZ',417,996,'2024-10-24 03:58:32','2024-10-24 03:58:32','700 123 456'),(116,'LA','LAO PEOPLES DEMOCRATIC REPUBLIC','Lao Peoples Democratic Republic','LAO',418,856,'2024-10-24 03:58:32','2024-10-24 03:58:32','0'),(117,'LV','LATVIA','Latvia','LVA',428,371,'2024-10-24 03:58:32','2024-10-24 03:58:32','21 234 567'),(118,'LB','LEBANON','Lebanon','LBN',422,961,'2024-10-24 03:58:32','2024-10-24 03:58:32','71 123 456'),(119,'LS','LESOTHO','Lesotho','LSO',426,266,'2024-10-24 03:58:32','2024-10-24 03:58:32','5012 3456'),(120,'LR','LIBERIA','Liberia','LBR',430,231,'2024-10-24 03:58:32','2024-10-24 03:58:32','77 012 3456'),(121,'LY','LIBYAN ARAB JAMAHIRIYA','Libyan Arab Jamahiriya','LBY',434,218,'2024-10-24 03:58:32','2024-10-24 03:58:32','91-2345678'),(122,'LI','LIECHTENSTEIN','Liechtenstein','LIE',438,423,'2024-10-24 03:58:32','2024-10-24 03:58:32','660 234 567'),(123,'LT','LITHUANIA','Lithuania','LTU',440,370,'2024-10-24 03:58:32','2024-10-24 03:58:32','8-612 34567'),(124,'LU','LUXEMBOURG','Luxembourg','LUX',442,352,'2024-10-24 03:58:32','2024-10-24 03:58:32','628 123 456'),(125,'MO','MACAO','Macao','MAC',446,853,'2024-10-24 03:58:32','2024-10-24 03:58:32','6612 3456'),(126,'MK','MACEDONIA, THE FORMER YUGOSLAV REPUBLIC OF','Macedonia, the Former Yugoslav Republic of','MKD',807,389,'2024-10-24 03:58:32','2024-10-24 03:58:32','72 345 678'),(127,'MG','MADAGASCAR','Madagascar','MDG',450,261,'2024-10-24 03:58:32','2024-10-24 03:58:32','32 12 345 67'),(128,'MW','MALAWI','Malawi','MWI',454,265,'2024-10-24 03:58:32','2024-10-24 03:58:32','991 23 45 67'),(129,'MY','MALAYSIA','Malaysia','MYS',458,60,'2024-10-24 03:58:32','2024-10-24 03:58:32','12-345 6789'),(130,'MV','MALDIVES','Maldives','MDV',462,960,'2024-10-24 03:58:32','2024-10-24 03:58:32','771-2345'),(131,'ML','MALI','Mali','MLI',466,223,'2024-10-24 03:58:32','2024-10-24 03:58:32','65 01 23 45'),(132,'MT','MALTA','Malta','MLT',470,356,'2024-10-24 03:58:32','2024-10-24 03:58:32','9696 1234'),(133,'MH','MARSHALL ISLANDS','Marshall Islands','MHL',584,692,'2024-10-24 03:58:32','2024-10-24 03:58:32','235-1234'),(134,'MQ','MARTINIQUE','Martinique','MTQ',474,596,'2024-10-24 03:58:32','2024-10-24 03:58:32','696 20 12 34'),(135,'MR','MAURITANIA','Mauritania','MRT',478,222,'2024-10-24 03:58:32','2024-10-24 03:58:32','22 12 34 56'),(136,'MU','MAURITIUS','Mauritius','MUS',480,230,'2024-10-24 03:58:32','2024-10-24 03:58:32','5251 2345'),(137,'YT','MAYOTTE','Mayotte','NUL',0,269,'2024-10-24 03:58:32','2024-10-24 03:58:32','639 12 34 56'),(138,'MX','MEXICO','Mexico','MEX',484,52,'2024-10-24 03:58:32','2024-10-24 03:58:32','44 222 123 4567'),(139,'FM','MICRONESIA, FEDERATED STATES OF','Micronesia, Federated States of','FSM',583,691,'2024-10-24 03:58:32','2024-10-24 03:58:32','350 1234'),(140,'MD','MOLDOVA, REPUBLIC OF','Moldova, Republic of','MDA',498,373,'2024-10-24 03:58:32','2024-10-24 03:58:32','621 12 345'),(141,'MC','MONACO','Monaco','MCO',492,377,'2024-10-24 03:58:32','2024-10-24 03:58:32','6 12 34 56 78'),(142,'MN','MONGOLIA','Mongolia','MNG',496,976,'2024-10-24 03:58:32','2024-10-24 03:58:32','8812 3456'),(143,'MS','MONTSERRAT','Montserrat','MSR',500,1664,'2024-10-24 03:58:32','2024-10-24 03:58:32','664 492-3456'),(144,'MA','MOROCCO','Morocco','MAR',504,212,'2024-10-24 03:58:32','2024-10-24 03:58:32','650-123456'),(145,'MZ','MOZAMBIQUE','Mozambique','MOZ',508,258,'2024-10-24 03:58:32','2024-10-24 03:58:32','82 123 4567'),(146,'MM','MYANMAR','Myanmar','MMR',104,95,'2024-10-24 03:58:32','2024-10-24 03:58:32','9 212 3456'),(147,'NA','NAMIBIA','Namibia','NAM',516,264,'2024-10-24 03:58:32','2024-10-24 03:58:32','81 123 4567'),(148,'NR','NAURU','Nauru','NRU',520,674,'2024-10-24 03:58:32','2024-10-24 03:58:32','555 1234'),(149,'NP','NEPAL','Nepal','NPL',524,977,'2024-10-24 03:58:32','2024-10-24 03:58:32','984-1234567'),(150,'NL','NETHERLANDS','Netherlands','NLD',528,31,'2024-10-24 03:58:32','2024-10-24 03:58:32','6 12345678'),(151,'AN','NETHERLANDS ANTILLES','Netherlands Antilles','ANT',530,599,'2024-10-24 03:58:32','2024-10-24 03:58:32','6 12345678'),(152,'NC','NEW CALEDONIA','New Caledonia','NCL',540,687,'2024-10-24 03:58:32','2024-10-24 03:58:32','75.12.34'),(153,'NZ','NEW ZEALAND','New Zealand','NZL',554,64,'2024-10-24 03:58:32','2024-10-24 03:58:32','21 123 4567'),(154,'NI','NICARAGUA','Nicaragua','NIC',558,505,'2024-10-24 03:58:32','2024-10-24 03:58:32','8123 4567'),(155,'NE','NIGER','Niger','NER',562,227,'2024-10-24 03:58:32','2024-10-24 03:58:32','93 12 34 56'),(156,'NG','NIGERIA','Nigeria','NGA',566,234,'2024-10-24 03:58:32','2024-10-24 03:58:32','802 123 4567'),(157,'NU','NIUE','Niue','NIU',570,683,'2024-10-24 03:58:32','2024-10-24 03:58:32','1234'),(158,'NF','NORFOLK ISLAND','Norfolk Island','NFK',574,672,'2024-10-24 03:58:32','2024-10-24 03:58:32','3 81234'),(159,'MP','NORTHERN MARIANA ISLANDS','Northern Mariana Islands','MNP',580,1670,'2024-10-24 03:58:32','2024-10-24 03:58:32','670 234-5678'),(160,'NO','NORWAY','Norway','NOR',578,47,'2024-10-24 03:58:32','2024-10-24 03:58:32','406 12 345'),(161,'OM','OMAN','Oman','OMN',512,968,'2024-10-24 03:58:32','2024-10-24 03:58:32','9212 3456'),(162,'PK','PAKISTAN','Pakistan','PAK',586,92,'2024-10-24 03:58:32','2024-10-24 03:58:32','301 2345678'),(163,'PW','PALAU','Palau','PLW',585,680,'2024-10-24 03:58:32','2024-10-24 03:58:32','620 1234'),(164,'PS','PALESTINIAN TERRITORY, OCCUPIED','Palestinian Territory, Occupied','NUL',0,970,'2024-10-24 03:58:32','2024-10-24 03:58:32','599 123 456'),(165,'PA','PANAMA','Panama','PAN',591,507,'2024-10-24 03:58:32','2024-10-24 03:58:32','6001-2345'),(166,'PG','PAPUA NEW GUINEA','Papua New Guinea','PNG',598,675,'2024-10-24 03:58:32','2024-10-24 03:58:32','681 2345'),(167,'PY','PARAGUAY','Paraguay','PRY',600,595,'2024-10-24 03:58:32','2024-10-24 03:58:32','961 456789'),(168,'PE','PERU','Peru','PER',604,51,'2024-10-24 03:58:32','2024-10-24 03:58:32','912 345 678'),(169,'PH','PHILIPPINES','Philippines','PHL',608,63,'2024-10-24 03:58:32','2024-10-24 03:58:32','905 123 4567'),(170,'PN','PITCAIRN','Pitcairn','PCN',612,0,'2024-10-24 03:58:32','2024-10-24 03:58:32','0'),(171,'PL','POLAND','Poland','POL',616,48,'2024-10-24 03:58:32','2024-10-24 03:58:32','512 345 678'),(172,'PT','PORTUGAL','Portugal','PRT',620,351,'2024-10-24 03:58:32','2024-10-24 03:58:32','912 345 678'),(173,'PR','PUERTO RICO','Puerto Rico','PRI',630,1787,'2024-10-24 03:58:32','2024-10-24 03:58:32','787 234-5678'),(174,'QA','QATAR','Qatar','QAT',634,974,'2024-10-24 03:58:32','2024-10-24 03:58:32','3312 3456'),(175,'RE','REUNION','Reunion','REU',638,262,'2024-10-24 03:58:32','2024-10-24 03:58:32','692 12 34 56'),(176,'RO','ROMANIA','Romania','ROM',642,40,'2024-10-24 03:58:32','2024-10-24 03:58:32','712 345 678'),(177,'RU','RUSSIAN FEDERATION','Russian Federation','RUS',643,7,'2024-10-24 03:58:32','2024-10-24 03:58:32','8 912 345-67-89'),(178,'RW','RWANDA','Rwanda','RWA',646,250,'2024-10-24 03:58:32','2024-10-24 03:58:32','720 123 456'),(179,'SH','SAINT HELENA','Saint Helena','SHN',654,290,'2024-10-24 03:58:32','2024-10-24 03:58:32','51234'),(180,'KN','SAINT KITTS AND NEVIS','Saint Kitts and Nevis','KNA',659,1869,'2024-10-24 03:58:32','2024-10-24 03:58:32','869 765-2917'),(181,'LC','SAINT LUCIA','Saint Lucia','LCA',662,1758,'2024-10-24 03:58:32','2024-10-24 03:58:32','758 284-5678'),(182,'PM','SAINT PIERRE AND MIQUELON','Saint Pierre and Miquelon','SPM',666,508,'2024-10-24 03:58:32','2024-10-24 03:58:32','55 12 34'),(183,'VC','SAINT VINCENT AND THE GRENADINES','Saint Vincent and the Grenadines','VCT',670,1784,'2024-10-24 03:58:32','2024-10-24 03:58:32','784 430-1234'),(184,'WS','SAMOA','Samoa','WSM',882,684,'2024-10-24 03:58:32','2024-10-24 03:58:32','601234'),(185,'SM','SAN MARINO','San Marino','SMR',674,378,'2024-10-24 03:58:32','2024-10-24 03:58:32','66 66 12 12'),(186,'ST','SAO TOME AND PRINCIPE','Sao Tome and Principe','STP',678,239,'2024-10-24 03:58:32','2024-10-24 03:58:32','981 2345'),(187,'SA','SAUDI ARABIA','Saudi Arabia','SAU',682,966,'2024-10-24 03:58:32','2024-10-24 03:58:32','51 234 5678'),(188,'SN','SENEGAL','Senegal','SEN',686,221,'2024-10-24 03:58:32','2024-10-24 03:58:32','70 123 45 67'),(189,'CS','SERBIA AND MONTENEGRO','Serbia and Montenegro','NUL',0,381,'2024-10-24 03:58:32','2024-10-24 03:58:32','60 1234567'),(190,'SC','SEYCHELLES','Seychelles','SYC',690,248,'2024-10-24 03:58:32','2024-10-24 03:58:32','2 510 123'),(191,'SL','SIERRA LEONE','Sierra Leone','SLE',694,232,'2024-10-24 03:58:32','2024-10-24 03:58:32','25 123456'),(192,'SG','SINGAPORE','Singapore','SGP',702,65,'2024-10-24 03:58:32','2024-10-24 03:58:32','8123 4567'),(193,'SK','SLOVAKIA','Slovakia','SVK',703,421,'2024-10-24 03:58:32','2024-10-24 03:58:32','912 123 456'),(194,'SI','SLOVENIA','Slovenia','SVN',705,386,'2024-10-24 03:58:32','2024-10-24 03:58:32','31 234 567'),(195,'SB','SOLOMON ISLANDS','Solomon Islands','SLB',90,677,'2024-10-24 03:58:32','2024-10-24 03:58:32','74 21234'),(196,'SO','SOMALIA','Somalia','SOM',706,252,'2024-10-24 03:58:32','2024-10-24 03:58:32','7 1123456'),(197,'ZA','SOUTH AFRICA','South Africa','ZAF',710,27,'2024-10-24 03:58:32','2024-10-24 03:58:32','71 123 4567'),(198,'GS','SOUTH GEORGIA AND THE SOUTH SANDWICH ISLANDS','South Georgia and the South Sandwich Islands','NUL',0,0,'2024-10-24 03:58:32','2024-10-24 03:58:32','0'),(199,'ES','SPAIN','Spain','ESP',724,34,'2024-10-24 03:58:32','2024-10-24 03:58:32','612 34 56 78'),(200,'LK','SRI LANKA','Sri Lanka','LKA',144,94,'2024-10-24 03:58:32','2024-10-24 03:58:32','71 234 5678'),(201,'SD','SUDAN','Sudan','SDN',736,249,'2024-10-24 03:58:32','2024-10-24 03:58:32','91 123 1234'),(202,'SR','SURINAME','Suriname','SUR',740,597,'2024-10-24 03:58:32','2024-10-24 03:58:32','741-2345'),(203,'SJ','SVALBARD AND JAN MAYEN','Svalbard and Jan Mayen','SJM',744,47,'2024-10-24 03:58:32','2024-10-24 03:58:32','412 34 567'),(204,'SZ','SWAZILAND','Swaziland','SWZ',748,268,'2024-10-24 03:58:32','2024-10-24 03:58:32','7612 3456'),(205,'SE','SWEDEN','Sweden','SWE',752,46,'2024-10-24 03:58:32','2024-10-24 03:58:32','70-123 45 67'),(206,'CH','SWITZERLAND','Switzerland','CHE',756,41,'2024-10-24 03:58:32','2024-10-24 03:58:32','78 123 45 67'),(207,'SY','SYRIAN ARAB REPUBLIC','Syrian Arab Republic','SYR',760,963,'2024-10-24 03:58:32','2024-10-24 03:58:32','944 567 890'),(208,'TW','TAIWAN, PROVINCE OF CHINA','Taiwan, Province of China','TWN',158,886,'2024-10-24 03:58:32','2024-10-24 03:58:32','912 345 678'),(209,'TJ','TAJIKISTAN','Tajikistan','TJK',762,992,'2024-10-24 03:58:32','2024-10-24 03:58:32','8 917 12 3456'),(210,'TZ','TANZANIA, UNITED REPUBLIC OF','Tanzania, United Republic of','TZA',834,255,'2024-10-24 03:58:32','2024-10-24 03:58:32','621 234 567'),(211,'TH','THAILAND','Thailand','THA',764,66,'2024-10-24 03:58:32','2024-10-24 03:58:32','81 234 5678'),(212,'TL','TIMOR-LESTE','Timor-Leste','NUL',0,670,'2024-10-24 03:58:32','2024-10-24 03:58:32','7721 2345'),(213,'TG','TOGO','Togo','TGO',768,228,'2024-10-24 03:58:32','2024-10-24 03:58:32','90 11 23 45'),(214,'TK','TOKELAU','Tokelau','TKL',772,690,'2024-10-24 03:58:32','2024-10-24 03:58:32','7290'),(215,'TO','TONGA','Tonga','TON',776,676,'2024-10-24 03:58:32','2024-10-24 03:58:32','771 5123'),(216,'TT','TRINIDAD AND TOBAGO','Trinidad and Tobago','TTO',780,1868,'2024-10-24 03:58:32','2024-10-24 03:58:32','868 291-1234'),(217,'TN','TUNISIA','Tunisia','TUN',788,216,'2024-10-24 03:58:32','2024-10-24 03:58:32','20 123 456'),(218,'TR','TURKEY','Turkey','TUR',792,90,'2024-10-24 03:58:32','2024-10-24 03:58:32','501 234 56 78'),(219,'TM','TURKMENISTAN','Turkmenistan','TKM',795,7370,'2024-10-24 03:58:32','2024-10-24 03:58:32','8 66 123456'),(220,'TC','TURKS AND CAICOS ISLANDS','Turks and Caicos Islands','TCA',796,1649,'2024-10-24 03:58:32','2024-10-24 03:58:32','649 231-1234'),(221,'TV','TUVALU','Tuvalu','TUV',798,688,'2024-10-24 03:58:32','2024-10-24 03:58:32','901234'),(222,'UG','UGANDA','Uganda','UGA',800,256,'2024-10-24 03:58:32','2024-10-24 03:58:32','712 345678'),(223,'UA','UKRAINE','Ukraine','UKR',804,380,'2024-10-24 03:58:32','2024-10-24 03:58:32','39 123 4567'),(224,'AE','UNITED ARAB EMIRATES','United Arab Emirates','ARE',784,971,'2024-10-24 03:58:32','2024-10-24 03:58:32','50 123 4567'),(225,'GB','UNITED KINGDOM','United Kingdom','GBR',826,44,'2024-10-24 03:58:32','2024-10-24 03:58:32','7400 123456'),(226,'US','UNITED STATES','United States','USA',840,1,'2024-10-24 03:58:32','2024-10-24 03:58:32','201 555-0123'),(227,'UM','UNITED STATES MINOR OUTLYING ISLANDS','United States Minor Outlying Islands','NUL',0,1,'2024-10-24 03:58:32','2024-10-24 03:58:32','201 555-0123'),(228,'UY','URUGUAY','Uruguay','URY',858,598,'2024-10-24 03:58:32','2024-10-24 03:58:32','94 231 234'),(229,'UZ','UZBEKISTAN','Uzbekistan','UZB',860,998,'2024-10-24 03:58:32','2024-10-24 03:58:32','8 91 234 56 78'),(230,'VU','VANUATU','Vanuatu','VUT',548,678,'2024-10-24 03:58:32','2024-10-24 03:58:32','591 2345'),(231,'VE','VENEZUELA','Venezuela','VEN',862,58,'2024-10-24 03:58:32','2024-10-24 03:58:32','412-1234567'),(232,'VN','VIET NAM','Viet Nam','VNM',704,84,'2024-10-24 03:58:32','2024-10-24 03:58:32','91 234 56 78'),(233,'VG','VIRGIN ISLANDS, BRITISH','Virgin Islands, British','VGB',92,1284,'2024-10-24 03:58:32','2024-10-24 03:58:32','340 642-1234'),(234,'VI','VIRGIN ISLANDS, U.S.','Virgin Islands, U.s.','VIR',850,1340,'2024-10-24 03:58:32','2024-10-24 03:58:32','340 642-1234'),(235,'WF','WALLIS AND FUTUNA','Wallis and Futuna','WLF',876,681,'2024-10-24 03:58:32','2024-10-24 03:58:32','50 12 34'),(236,'EH','WESTERN SAHARA','Western Sahara','ESH',732,212,'2024-10-24 03:58:32','2024-10-24 03:58:32','650-123456'),(237,'YE','YEMEN','Yemen','YEM',887,967,'2024-10-24 03:58:32','2024-10-24 03:58:32','712 345 678'),(238,'ZM','ZAMBIA','Zambia','ZMB',894,260,'2024-10-24 03:58:32','2024-10-24 03:58:32','95 5123456'),(239,'ZW','ZIMBABWE','Zimbabwe','ZWE',716,263,'2024-10-24 03:58:32','2024-10-24 03:58:32','0');
/*!40000 ALTER TABLE `country_code` ENABLE KEYS */;
UNLOCK TABLES;

--
-- Table structure for table `cron_logs`
--

DROP TABLE IF EXISTS `cron_logs`;
/*!40101 SET @saved_cs_client     = @@character_set_client */;
/*!40101 SET character_set_client = utf8 */;
CREATE TABLE `cron_logs` (
  `id` int(10) unsigned NOT NULL AUTO_INCREMENT,
  `command` varchar(255) NOT NULL,
  `end_time` timestamp NOT NULL DEFAULT '0000-00-00 00:00:00',
  `description` varchar(255) NOT NULL,
  `created_at` timestamp NULL DEFAULT NULL,
  `updated_at` timestamp NULL DEFAULT NULL,
  `status` varchar(30) DEFAULT NULL,
  `exception_log_id` bigint(20) DEFAULT NULL,
  `duration` bigint(20) DEFAULT NULL,
  PRIMARY KEY (`id`),
  KEY `cron_logs_created_at_index` (`created_at`),
  KEY `cron_logs_updated_at_index` (`updated_at`),
  KEY `command` (`command`),
  KEY `status` (`status`)
) ENGINE=InnoDB DEFAULT CHARSET=utf8mb3 COLLATE=utf8mb3_unicode_ci;
/*!40101 SET character_set_client = @saved_cs_client */;

--
-- Dumping data for table `cron_logs`
--

LOCK TABLES `cron_logs` WRITE;
/*!40000 ALTER TABLE `cron_logs` DISABLE KEYS */;
/*!40000 ALTER TABLE `cron_logs` ENABLE KEYS */;
UNLOCK TABLES;

--
-- Table structure for table `custom_form_value`
--

DROP TABLE IF EXISTS `custom_form_value`;
/*!40101 SET @saved_cs_client     = @@character_set_client */;
/*!40101 SET character_set_client = utf8 */;
CREATE TABLE `custom_form_value` (
  `id` int(10) unsigned NOT NULL AUTO_INCREMENT,
  `form_field_id` int(10) unsigned NOT NULL,
  `value` text NOT NULL,
  `created_at` timestamp NULL DEFAULT NULL,
  `updated_at` timestamp NULL DEFAULT NULL,
  `custom_id` int(11) NOT NULL,
  `custom_type` varchar(100) NOT NULL,
  `deleted_at` timestamp NULL DEFAULT NULL,
  PRIMARY KEY (`id`),
  KEY `custom_form_value_custom_id_index` (`custom_id`),
  KEY `custom_form_value_custom_type_index` (`custom_type`),
  KEY `custom_form_value_form_field_id_foreign` (`form_field_id`),
  FULLTEXT KEY `custom_form_value_value_fulltext` (`value`),
  CONSTRAINT `custom_form_value_form_field_id_foreign` FOREIGN KEY (`form_field_id`) REFERENCES `form_fields` (`id`)
) ENGINE=InnoDB DEFAULT CHARSET=utf8mb3 COLLATE=utf8mb3_unicode_ci;
/*!40101 SET character_set_client = @saved_cs_client */;

--
-- Dumping data for table `custom_form_value`
--

LOCK TABLES `custom_form_value` WRITE;
/*!40000 ALTER TABLE `custom_form_value` DISABLE KEYS */;
/*!40000 ALTER TABLE `custom_form_value` ENABLE KEYS */;
UNLOCK TABLES;

--
-- Table structure for table `daily_report_components`
--

DROP TABLE IF EXISTS `daily_report_components`;
/*!40101 SET @saved_cs_client     = @@character_set_client */;
/*!40101 SET character_set_client = utf8 */;
CREATE TABLE `daily_report_components` (
  `id` bigint(20) unsigned NOT NULL AUTO_INCREMENT,
  `daily_report_id` bigint(20) unsigned DEFAULT NULL,
  `component_id` varchar(255) DEFAULT NULL,
  `order` int(11) DEFAULT NULL,
  `created_at` timestamp NULL DEFAULT NULL,
  `updated_at` timestamp NULL DEFAULT NULL,
  PRIMARY KEY (`id`),
  KEY `daily_report_components_daily_report_id_foreign` (`daily_report_id`),
  CONSTRAINT `daily_report_components_daily_report_id_foreign` FOREIGN KEY (`daily_report_id`) REFERENCES `daily_reports` (`id`)
) ENGINE=InnoDB DEFAULT CHARSET=utf8mb3 COLLATE=utf8mb3_unicode_ci;
/*!40101 SET character_set_client = @saved_cs_client */;

--
-- Dumping data for table `daily_report_components`
--

LOCK TABLES `daily_report_components` WRITE;
/*!40000 ALTER TABLE `daily_report_components` DISABLE KEYS */;
/*!40000 ALTER TABLE `daily_report_components` ENABLE KEYS */;
UNLOCK TABLES;

--
-- Table structure for table `daily_reports`
--

DROP TABLE IF EXISTS `daily_reports`;
/*!40101 SET @saved_cs_client     = @@character_set_client */;
/*!40101 SET character_set_client = utf8 */;
CREATE TABLE `daily_reports` (
  `id` bigint(20) unsigned NOT NULL AUTO_INCREMENT,
  `name` varchar(255) NOT NULL,
  `created_at` timestamp NULL DEFAULT NULL,
  `updated_at` timestamp NULL DEFAULT NULL,
  PRIMARY KEY (`id`)
) ENGINE=InnoDB DEFAULT CHARSET=utf8mb3 COLLATE=utf8mb3_unicode_ci;
/*!40101 SET character_set_client = @saved_cs_client */;

--
-- Dumping data for table `daily_reports`
--

LOCK TABLES `daily_reports` WRITE;
/*!40000 ALTER TABLE `daily_reports` DISABLE KEYS */;
/*!40000 ALTER TABLE `daily_reports` ENABLE KEYS */;
UNLOCK TABLES;

--
-- Table structure for table `date_format`
--

DROP TABLE IF EXISTS `date_format`;
/*!40101 SET @saved_cs_client     = @@character_set_client */;
/*!40101 SET character_set_client = utf8 */;
CREATE TABLE `date_format` (
  `id` int(10) unsigned NOT NULL AUTO_INCREMENT,
  `format` varchar(255) NOT NULL,
  `js_format` varchar(14) NOT NULL,
  `is_active` tinyint(1) NOT NULL DEFAULT 0,
  PRIMARY KEY (`id`)
) ENGINE=InnoDB AUTO_INCREMENT=14 DEFAULT CHARSET=utf8mb3 COLLATE=utf8mb3_unicode_ci;
/*!40101 SET character_set_client = @saved_cs_client */;

--
-- Dumping data for table `date_format`
--

LOCK TABLES `date_format` WRITE;
/*!40000 ALTER TABLE `date_format` DISABLE KEYS */;
INSERT INTO `date_format` VALUES (1,'dd/mm/yyyy','',0),(2,'dd-mm-yyyy','',0),(3,'dd.mm.yyyy','',0),(4,'mm/dd/yyyy','',0),(5,'mm:dd:yyyy','',0),(6,'mm-dd-yyyy','',0),(7,'yyyy/mm/dd','',0),(8,'yyyy.mm.dd','',0),(9,'yyyy-mm-dd','',0),(10,'d-m-Y','DD-MM-YYYY',1),(11,'m-d-Y','MM-DD-YYYY',1),(12,'Y-m-d','YYYY-MM-DD',1),(13,'F j, Y','LL',1);
/*!40000 ALTER TABLE `date_format` ENABLE KEYS */;
UNLOCK TABLES;

--
-- Table structure for table `date_time_format`
--

DROP TABLE IF EXISTS `date_time_format`;
/*!40101 SET @saved_cs_client     = @@character_set_client */;
/*!40101 SET character_set_client = utf8 */;
CREATE TABLE `date_time_format` (
  `id` int(10) unsigned NOT NULL AUTO_INCREMENT,
  `format` varchar(255) NOT NULL,
  PRIMARY KEY (`id`)
) ENGINE=InnoDB AUTO_INCREMENT=13 DEFAULT CHARSET=utf8mb3 COLLATE=utf8mb3_unicode_ci;
/*!40101 SET character_set_client = @saved_cs_client */;

--
-- Dumping data for table `date_time_format`
--

LOCK TABLES `date_time_format` WRITE;
/*!40000 ALTER TABLE `date_time_format` DISABLE KEYS */;
INSERT INTO `date_time_format` VALUES (1,'F j, Y, g:i a'),(2,'jS F Y'),(3,'H:i'),(4,'d/m/Y H:i'),(5,'d.m.Y H:i'),(6,'d-m-Y H:i'),(7,'m/d/Y H:i'),(8,'m.d.Y H:i'),(9,'m-d-Y H:i'),(10,'Y/m/d H:i'),(11,'Y.m.d H:i'),(12,'Y-m-d H:i');
/*!40000 ALTER TABLE `date_time_format` ENABLE KEYS */;
UNLOCK TABLES;

--
-- Table structure for table `department`
--

DROP TABLE IF EXISTS `department`;
/*!40101 SET @saved_cs_client     = @@character_set_client */;
/*!40101 SET character_set_client = utf8 */;
CREATE TABLE `department` (
  `id` int(10) unsigned NOT NULL AUTO_INCREMENT,
  `name` varchar(255) NOT NULL,
  `type_id` int(10) unsigned DEFAULT 1,
  `manager` int(10) unsigned DEFAULT NULL,
  `ticket_assignment` varchar(255) NOT NULL,
  `outgoing_email_id` int(10) unsigned DEFAULT NULL,
  `template_set` varchar(255) NOT NULL,
  `auto_ticket_response` varchar(255) NOT NULL,
  `auto_message_response` varchar(255) NOT NULL,
  `auto_response_email` varchar(255) NOT NULL,
  `recipient` varchar(255) NOT NULL,
  `group_access` varchar(255) NOT NULL,
  `department_sign` text NOT NULL,
  `created_at` timestamp NULL DEFAULT NULL,
  `updated_at` timestamp NULL DEFAULT NULL,
  `business_hour_id` int(10) unsigned DEFAULT NULL,
  `en_auto_assign` tinyint(1) NOT NULL DEFAULT 0,
  `under_deletion` tinyint(1) NOT NULL DEFAULT 0,
  PRIMARY KEY (`id`),
  KEY `manager_2` (`manager`),
  CONSTRAINT `department_ibfk_2` FOREIGN KEY (`manager`) REFERENCES `users` (`id`) ON UPDATE NO ACTION
) ENGINE=InnoDB AUTO_INCREMENT=4 DEFAULT CHARSET=utf8mb3 COLLATE=utf8mb3_unicode_ci;
/*!40101 SET character_set_client = @saved_cs_client */;

--
-- Dumping data for table `department`
--

LOCK TABLES `department` WRITE;
/*!40000 ALTER TABLE `department` DISABLE KEYS */;
INSERT INTO `department` VALUES (1,'Support',1,NULL,'',NULL,'','','','','','','','2024-10-24 03:58:32','2024-10-24 03:58:32',NULL,0,0),(2,'Sales',1,NULL,'',NULL,'','','','','','','','2024-10-24 03:58:32','2024-10-24 03:58:32',NULL,0,0),(3,'Operation',1,NULL,'',NULL,'','','','','','','','2024-10-24 03:58:32','2024-10-24 03:58:32',NULL,0,0);
/*!40000 ALTER TABLE `department` ENABLE KEYS */;
UNLOCK TABLES;

--
-- Table structure for table `department_assign_agents`
--

DROP TABLE IF EXISTS `department_assign_agents`;
/*!40101 SET @saved_cs_client     = @@character_set_client */;
/*!40101 SET character_set_client = utf8 */;
CREATE TABLE `department_assign_agents` (
  `id` int(10) unsigned NOT NULL AUTO_INCREMENT,
  `department_id` int(11) NOT NULL,
  `agent_id` int(11) NOT NULL,
  `created_at` timestamp NULL DEFAULT NULL,
  `updated_at` timestamp NULL DEFAULT NULL,
  `role` varchar(15) DEFAULT 'member',
  PRIMARY KEY (`id`)
) ENGINE=InnoDB AUTO_INCREMENT=2 DEFAULT CHARSET=utf8mb3 COLLATE=utf8mb3_unicode_ci;
/*!40101 SET character_set_client = @saved_cs_client */;

--
-- Dumping data for table `department_assign_agents`
--

LOCK TABLES `department_assign_agents` WRITE;
/*!40000 ALTER TABLE `department_assign_agents` DISABLE KEYS */;
INSERT INTO `department_assign_agents` VALUES (1,1,1,'2024-10-24 03:58:32','2024-10-24 03:58:32','member');
/*!40000 ALTER TABLE `department_assign_agents` ENABLE KEYS */;
UNLOCK TABLES;

--
-- Table structure for table `department_assign_manager`
--

DROP TABLE IF EXISTS `department_assign_manager`;
/*!40101 SET @saved_cs_client     = @@character_set_client */;
/*!40101 SET character_set_client = utf8 */;
CREATE TABLE `department_assign_manager` (
  `id` int(10) unsigned NOT NULL AUTO_INCREMENT,
  `department_id` int(11) NOT NULL,
  `manager_id` int(11) NOT NULL,
  `created_at` timestamp NULL DEFAULT NULL,
  `updated_at` timestamp NULL DEFAULT NULL,
  PRIMARY KEY (`id`)
) ENGINE=InnoDB DEFAULT CHARSET=utf8mb3 COLLATE=utf8mb3_unicode_ci;
/*!40101 SET character_set_client = @saved_cs_client */;

--
-- Dumping data for table `department_assign_manager`
--

LOCK TABLES `department_assign_manager` WRITE;
/*!40000 ALTER TABLE `department_assign_manager` DISABLE KEYS */;
/*!40000 ALTER TABLE `department_assign_manager` ENABLE KEYS */;
UNLOCK TABLES;

--
-- Table structure for table `department_canned_resposne`
--

DROP TABLE IF EXISTS `department_canned_resposne`;
/*!40101 SET @saved_cs_client     = @@character_set_client */;
/*!40101 SET character_set_client = utf8 */;
CREATE TABLE `department_canned_resposne` (
  `id` int(10) unsigned NOT NULL AUTO_INCREMENT,
  `dept_id` int(10) unsigned NOT NULL,
  `canned_id` int(10) unsigned NOT NULL,
  `created_at` timestamp NULL DEFAULT NULL,
  `updated_at` timestamp NULL DEFAULT NULL,
  PRIMARY KEY (`id`),
  KEY `department_canned_resposne_dept_id_foreign` (`dept_id`),
  KEY `department_canned_resposne_canned_id_foreign` (`canned_id`),
  CONSTRAINT `department_canned_resposne_canned_id_foreign` FOREIGN KEY (`canned_id`) REFERENCES `canned_response` (`id`),
  CONSTRAINT `department_canned_resposne_dept_id_foreign` FOREIGN KEY (`dept_id`) REFERENCES `department` (`id`)
) ENGINE=InnoDB DEFAULT CHARSET=utf8mb3 COLLATE=utf8mb3_unicode_ci;
/*!40101 SET character_set_client = @saved_cs_client */;

--
-- Dumping data for table `department_canned_resposne`
--

LOCK TABLES `department_canned_resposne` WRITE;
/*!40000 ALTER TABLE `department_canned_resposne` DISABLE KEYS */;
/*!40000 ALTER TABLE `department_canned_resposne` ENABLE KEYS */;
UNLOCK TABLES;

--
-- Table structure for table `department_form_group`
--

DROP TABLE IF EXISTS `department_form_group`;
/*!40101 SET @saved_cs_client     = @@character_set_client */;
/*!40101 SET character_set_client = utf8 */;
CREATE TABLE `department_form_group` (
  `id` bigint(20) unsigned NOT NULL AUTO_INCREMENT,
  `form_group_id` int(10) unsigned NOT NULL,
  `department_id` int(10) unsigned NOT NULL,
  `sort_order` int(11) NOT NULL,
  PRIMARY KEY (`id`),
  KEY `department_form_group_form_group_id_foreign` (`form_group_id`),
  KEY `department_form_group_department_id_foreign` (`department_id`),
  CONSTRAINT `department_form_group_department_id_foreign` FOREIGN KEY (`department_id`) REFERENCES `department` (`id`) ON DELETE CASCADE ON UPDATE CASCADE,
  CONSTRAINT `department_form_group_form_group_id_foreign` FOREIGN KEY (`form_group_id`) REFERENCES `form_groups` (`id`) ON DELETE CASCADE ON UPDATE CASCADE
) ENGINE=InnoDB DEFAULT CHARSET=utf8mb3 COLLATE=utf8mb3_unicode_ci;
/*!40101 SET character_set_client = @saved_cs_client */;

--
-- Dumping data for table `department_form_group`
--

LOCK TABLES `department_form_group` WRITE;
/*!40000 ALTER TABLE `department_form_group` DISABLE KEYS */;
/*!40000 ALTER TABLE `department_form_group` ENABLE KEYS */;
UNLOCK TABLES;

--
-- Table structure for table `email_oauth`
--

DROP TABLE IF EXISTS `email_oauth`;
/*!40101 SET @saved_cs_client     = @@character_set_client */;
/*!40101 SET character_set_client = utf8 */;
CREATE TABLE `email_oauth` (
  `id` bigint(20) unsigned NOT NULL AUTO_INCREMENT,
  `email` varchar(255) NOT NULL,
  `configuration` longtext CHARACTER SET utf8mb4 COLLATE utf8mb4_bin NOT NULL CHECK (json_valid(`configuration`)),
  `access_token` text NOT NULL,
  `refresh_token` text NOT NULL,
  `security_token` text NOT NULL,
  `integration_id` bigint(20) unsigned NOT NULL,
  `created_at` timestamp NULL DEFAULT NULL,
  `updated_at` timestamp NULL DEFAULT NULL,
  PRIMARY KEY (`id`),
  KEY `email_oauth_integration_id_foreign` (`integration_id`),
  CONSTRAINT `email_oauth_integration_id_foreign` FOREIGN KEY (`integration_id`) REFERENCES `oauth_integrations` (`id`)
) ENGINE=InnoDB DEFAULT CHARSET=utf8mb3 COLLATE=utf8mb3_unicode_ci;
/*!40101 SET character_set_client = @saved_cs_client */;

--
-- Dumping data for table `email_oauth`
--

LOCK TABLES `email_oauth` WRITE;
/*!40000 ALTER TABLE `email_oauth` DISABLE KEYS */;
/*!40000 ALTER TABLE `email_oauth` ENABLE KEYS */;
UNLOCK TABLES;

--
-- Table structure for table `email_threads`
--

DROP TABLE IF EXISTS `email_threads`;
/*!40101 SET @saved_cs_client     = @@character_set_client */;
/*!40101 SET character_set_client = utf8 */;
CREATE TABLE `email_threads` (
  `id` int(10) unsigned NOT NULL AUTO_INCREMENT,
  `ticket_id` int(11) NOT NULL,
  `thread_id` int(11) NOT NULL,
  `message_id` varchar(255) NOT NULL,
  `uid` int(11) NOT NULL,
  `reference_id` longtext NOT NULL,
  `created_at` timestamp NULL DEFAULT NULL,
  `updated_at` timestamp NULL DEFAULT NULL,
  `fetching_email` varchar(255) NOT NULL,
  PRIMARY KEY (`id`)
) ENGINE=InnoDB DEFAULT CHARSET=utf8mb3 COLLATE=utf8mb3_unicode_ci;
/*!40101 SET character_set_client = @saved_cs_client */;

--
-- Dumping data for table `email_threads`
--

LOCK TABLES `email_threads` WRITE;
/*!40000 ALTER TABLE `email_threads` DISABLE KEYS */;
/*!40000 ALTER TABLE `email_threads` ENABLE KEYS */;
UNLOCK TABLES;

--
-- Table structure for table `emails`
--

DROP TABLE IF EXISTS `emails`;
/*!40101 SET @saved_cs_client     = @@character_set_client */;
/*!40101 SET character_set_client = utf8 */;
CREATE TABLE `emails` (
  `id` int(10) unsigned NOT NULL AUTO_INCREMENT,
  `email_address` varchar(255) NOT NULL,
  `email_name` varchar(255) NOT NULL,
  `department` int(10) unsigned DEFAULT NULL,
  `priority` int(10) unsigned DEFAULT NULL,
  `help_topic` int(10) unsigned DEFAULT NULL,
  `user_name` varchar(255) NOT NULL,
  `password` text NOT NULL,
  `fetching_host` varchar(255) NOT NULL,
  `fetching_port` varchar(255) NOT NULL,
  `fetching_protocol` varchar(255) NOT NULL,
  `fetching_encryption` varchar(255) DEFAULT NULL,
  `mailbox_protocol` varchar(255) NOT NULL,
  `imap_config` varchar(255) NOT NULL,
  `folder` varchar(255) NOT NULL,
  `sending_host` varchar(255) NOT NULL,
  `sending_port` varchar(255) NOT NULL,
  `sending_protocol` varchar(255) NOT NULL,
  `sending_encryption` varchar(255) DEFAULT NULL,
  `smtp_validate` varchar(255) NOT NULL,
  `smtp_authentication` varchar(255) NOT NULL,
  `internal_notes` varchar(255) NOT NULL,
  `auto_response` tinyint(1) NOT NULL,
  `fetching_status` tinyint(1) NOT NULL,
  `move_to_folder` tinyint(1) NOT NULL,
  `delete_email` tinyint(1) NOT NULL,
  `do_nothing` tinyint(1) NOT NULL,
  `sending_status` tinyint(1) NOT NULL,
  `authentication` tinyint(1) NOT NULL,
  `header_spoofing` tinyint(1) NOT NULL,
  `created_at` timestamp NULL DEFAULT NULL,
  `updated_at` timestamp NULL DEFAULT NULL,
  `block_auto_generated` tinyint(1) NOT NULL,
  `domain` varchar(255) NOT NULL,
  `key` varchar(255) NOT NULL,
  `secret` varchar(255) NOT NULL,
  `region` varchar(255) NOT NULL,
  `version` varchar(30) DEFAULT NULL,
  `available_for_fetch` tinyint(1) DEFAULT 1,
  `last_fetched_at` datetime NOT NULL,
  `inline_as_cids` tinyint(1) NOT NULL DEFAULT 0,
  `use_new_imap_package` tinyint(1) NOT NULL DEFAULT 0,
  `is_oauth` int(11) NOT NULL DEFAULT 0,
  PRIMARY KEY (`id`),
  KEY `department` (`department`,`priority`,`help_topic`),
  KEY `department_2` (`department`,`priority`,`help_topic`),
  KEY `priority` (`priority`),
  KEY `help_topic` (`help_topic`),
  KEY `emails_last_fetched_at_index` (`last_fetched_at`),
  CONSTRAINT `emails_ibfk_1` FOREIGN KEY (`department`) REFERENCES `department` (`id`) ON UPDATE NO ACTION,
  CONSTRAINT `emails_ibfk_2` FOREIGN KEY (`priority`) REFERENCES `ticket_priority` (`id`) ON UPDATE NO ACTION,
  CONSTRAINT `emails_ibfk_3` FOREIGN KEY (`help_topic`) REFERENCES `help_topic` (`id`) ON UPDATE NO ACTION
) ENGINE=InnoDB DEFAULT CHARSET=utf8mb3 COLLATE=utf8mb3_unicode_ci;
/*!40101 SET character_set_client = @saved_cs_client */;

--
-- Dumping data for table `emails`
--

LOCK TABLES `emails` WRITE;
/*!40000 ALTER TABLE `emails` DISABLE KEYS */;
/*!40000 ALTER TABLE `emails` ENABLE KEYS */;
UNLOCK TABLES;

--
-- Table structure for table `exception_logs`
--

DROP TABLE IF EXISTS `exception_logs`;
/*!40101 SET @saved_cs_client     = @@character_set_client */;
/*!40101 SET character_set_client = utf8 */;
CREATE TABLE `exception_logs` (
  `id` int(10) unsigned NOT NULL AUTO_INCREMENT,
  `log_category_id` int(10) unsigned NOT NULL,
  `file` varchar(255) NOT NULL,
  `line` int(11) NOT NULL,
  `trace` text NOT NULL,
  `message` text NOT NULL,
  `created_at` timestamp NULL DEFAULT NULL,
  `updated_at` timestamp NULL DEFAULT NULL,
  PRIMARY KEY (`id`),
  KEY `exception_logs_created_at_index` (`created_at`),
  KEY `exception_logs_updated_at_index` (`updated_at`),
  KEY `log_category_id` (`log_category_id`)
) ENGINE=InnoDB DEFAULT CHARSET=utf8mb3 COLLATE=utf8mb3_unicode_ci;
/*!40101 SET character_set_client = @saved_cs_client */;

--
-- Dumping data for table `exception_logs`
--

LOCK TABLES `exception_logs` WRITE;
/*!40000 ALTER TABLE `exception_logs` DISABLE KEYS */;
/*!40000 ALTER TABLE `exception_logs` ENABLE KEYS */;
UNLOCK TABLES;

--
-- Table structure for table `execution_timestamp`
--

DROP TABLE IF EXISTS `execution_timestamp`;
/*!40101 SET @saved_cs_client     = @@character_set_client */;
/*!40101 SET character_set_client = utf8 */;
CREATE TABLE `execution_timestamp` (
  `id` bigint(20) unsigned NOT NULL AUTO_INCREMENT,
  `last_execution` timestamp NULL DEFAULT NULL,
  `created_at` timestamp NULL DEFAULT NULL,
  `updated_at` timestamp NULL DEFAULT NULL,
  PRIMARY KEY (`id`)
) ENGINE=InnoDB DEFAULT CHARSET=utf8mb3 COLLATE=utf8mb3_unicode_ci;
/*!40101 SET character_set_client = @saved_cs_client */;

--
-- Dumping data for table `execution_timestamp`
--

LOCK TABLES `execution_timestamp` WRITE;
/*!40000 ALTER TABLE `execution_timestamp` DISABLE KEYS */;
/*!40000 ALTER TABLE `execution_timestamp` ENABLE KEYS */;
UNLOCK TABLES;

--
-- Table structure for table `export_columns`
--

DROP TABLE IF EXISTS `export_columns`;
/*!40101 SET @saved_cs_client     = @@character_set_client */;
/*!40101 SET character_set_client = utf8 */;
CREATE TABLE `export_columns` (
  `id` bigint(20) unsigned NOT NULL AUTO_INCREMENT,
  `key` varchar(255) NOT NULL,
  `label` varchar(255) NOT NULL,
  `is_visible` tinyint(1) DEFAULT NULL,
  `is_sortable` tinyint(1) DEFAULT NULL,
  `is_custom` tinyint(1) DEFAULT NULL,
  `is_html` tinyint(1) NOT NULL DEFAULT 0,
  `is_timestamp` tinyint(1) DEFAULT NULL,
  `timestamp_format` varchar(255) DEFAULT NULL,
  `order` bigint(20) DEFAULT NULL,
  `type` varchar(255) NOT NULL,
  `category_identifier` varchar(255) DEFAULT NULL,
  `created_at` timestamp NULL DEFAULT NULL,
  `updated_at` timestamp NULL DEFAULT NULL,
  PRIMARY KEY (`id`)
) ENGINE=InnoDB AUTO_INCREMENT=16 DEFAULT CHARSET=utf8mb3 COLLATE=utf8mb3_unicode_ci;
/*!40101 SET character_set_client = @saved_cs_client */;

--
-- Dumping data for table `export_columns`
--

LOCK TABLES `export_columns` WRITE;
/*!40000 ALTER TABLE `export_columns` DISABLE KEYS */;
INSERT INTO `export_columns` VALUES (1,'name','name',1,1,0,1,0,NULL,1,'users_export',NULL,'2024-10-24 03:58:38','2024-10-24 03:58:40'),(2,'user_name','user_name',0,1,0,1,0,NULL,2,'users_export',NULL,'2024-10-24 03:58:38','2024-10-24 03:58:40'),(3,'first_name','first_name',0,1,0,0,0,NULL,3,'users_export',NULL,'2024-10-24 03:58:38','2024-10-24 03:58:40'),(4,'last_name','last_name',0,1,0,0,0,NULL,4,'users_export',NULL,'2024-10-24 03:58:38','2024-10-24 03:58:40'),(5,'email','email',1,1,0,0,0,NULL,5,'users_export',NULL,'2024-10-24 03:58:38','2024-10-24 03:58:40'),(6,'active','active',0,1,0,0,0,NULL,6,'users_export',NULL,'2024-10-24 03:58:38','2024-10-24 03:58:40'),(7,'mobile','mobile',0,0,0,0,0,NULL,7,'users_export',NULL,'2024-10-24 03:58:38','2024-10-24 03:58:40'),(8,'role','role',1,1,0,0,0,NULL,8,'users_export',NULL,'2024-10-24 03:58:38','2024-10-24 03:58:40'),(9,'created_at','created_at',0,1,0,0,1,NULL,9,'users_export',NULL,'2024-10-24 03:58:38','2024-10-24 03:58:40'),(10,'location','user_location',0,1,0,0,0,NULL,10,'users_export',NULL,'2024-10-24 03:58:38','2024-10-24 03:58:40'),(11,'created_by','created_by',0,1,0,0,0,NULL,11,'users_export',NULL,'2024-10-24 03:58:38','2024-10-24 03:58:40'),(12,'deactivated_by','deactivated_by',0,1,0,0,0,NULL,12,'users_export',NULL,'2024-10-24 03:58:38','2024-10-24 03:58:40'),(13,'deactivated_at','deactivated_at',0,0,0,0,1,NULL,13,'users_export',NULL,'2024-10-24 03:58:38','2024-10-24 03:58:40'),(14,'organizations','organizations',1,0,0,0,0,NULL,14,'users_export',NULL,'2024-10-24 03:58:38','2024-10-24 03:58:40'),(15,'labels','labels',0,0,0,1,0,NULL,15,'users_export',NULL,'2024-10-24 03:58:40','2024-10-24 03:58:40');
/*!40000 ALTER TABLE `export_columns` ENABLE KEYS */;
UNLOCK TABLES;

--
-- Table structure for table `export_downloads`
--

DROP TABLE IF EXISTS `export_downloads`;
/*!40101 SET @saved_cs_client     = @@character_set_client */;
/*!40101 SET character_set_client = utf8 */;
CREATE TABLE `export_downloads` (
  `id` bigint(20) unsigned NOT NULL AUTO_INCREMENT,
  `hash` varchar(255) NOT NULL,
  `path` varchar(255) NOT NULL,
  `type` varchar(255) DEFAULT NULL,
  `created_at` timestamp NULL DEFAULT NULL,
  `updated_at` timestamp NULL DEFAULT NULL,
  PRIMARY KEY (`id`)
) ENGINE=InnoDB DEFAULT CHARSET=utf8mb3 COLLATE=utf8mb3_unicode_ci;
/*!40101 SET character_set_client = @saved_cs_client */;

--
-- Dumping data for table `export_downloads`
--

LOCK TABLES `export_downloads` WRITE;
/*!40000 ALTER TABLE `export_downloads` DISABLE KEYS */;
/*!40000 ALTER TABLE `export_downloads` ENABLE KEYS */;
UNLOCK TABLES;

--
-- Table structure for table `extra_orgs`
--

DROP TABLE IF EXISTS `extra_orgs`;
/*!40101 SET @saved_cs_client     = @@character_set_client */;
/*!40101 SET character_set_client = utf8 */;
CREATE TABLE `extra_orgs` (
  `id` int(10) unsigned NOT NULL AUTO_INCREMENT,
  `org_id` int(11) NOT NULL,
  `key` varchar(255) NOT NULL,
  `value` varchar(255) NOT NULL,
  `created_at` timestamp NULL DEFAULT NULL,
  `updated_at` timestamp NULL DEFAULT NULL,
  PRIMARY KEY (`id`)
) ENGINE=InnoDB DEFAULT CHARSET=utf8mb3 COLLATE=utf8mb3_unicode_ci;
/*!40101 SET character_set_client = @saved_cs_client */;

--
-- Dumping data for table `extra_orgs`
--

LOCK TABLES `extra_orgs` WRITE;
/*!40000 ALTER TABLE `extra_orgs` DISABLE KEYS */;
/*!40000 ALTER TABLE `extra_orgs` ENABLE KEYS */;
UNLOCK TABLES;

--
-- Table structure for table `failed_jobs`
--

DROP TABLE IF EXISTS `failed_jobs`;
/*!40101 SET @saved_cs_client     = @@character_set_client */;
/*!40101 SET character_set_client = utf8 */;
CREATE TABLE `failed_jobs` (
  `id` int(10) unsigned NOT NULL AUTO_INCREMENT,
  `uuid` varchar(255) DEFAULT NULL,
  `connection` text NOT NULL,
  `queue` text NOT NULL,
  `payload` longtext NOT NULL,
  `exception` longtext NOT NULL,
  `failed_at` timestamp NOT NULL DEFAULT current_timestamp(),
  PRIMARY KEY (`id`),
  UNIQUE KEY `failed_jobs_uuid_unique` (`uuid`)
) ENGINE=InnoDB DEFAULT CHARSET=utf8mb3 COLLATE=utf8mb3_unicode_ci;
/*!40101 SET character_set_client = @saved_cs_client */;

--
-- Dumping data for table `failed_jobs`
--

LOCK TABLES `failed_jobs` WRITE;
/*!40000 ALTER TABLE `failed_jobs` DISABLE KEYS */;
/*!40000 ALTER TABLE `failed_jobs` ENABLE KEYS */;
UNLOCK TABLES;

--
-- Table structure for table `faveo_mails`
--

DROP TABLE IF EXISTS `faveo_mails`;
/*!40101 SET @saved_cs_client     = @@character_set_client */;
/*!40101 SET character_set_client = utf8 */;
CREATE TABLE `faveo_mails` (
  `id` int(10) unsigned NOT NULL AUTO_INCREMENT,
  `email_id` int(11) NOT NULL,
  `drive` varchar(255) NOT NULL,
  `key` varchar(255) NOT NULL,
  `value` varchar(255) NOT NULL,
  `created_at` timestamp NULL DEFAULT NULL,
  `updated_at` timestamp NULL DEFAULT NULL,
  PRIMARY KEY (`id`)
) ENGINE=InnoDB DEFAULT CHARSET=utf8mb3 COLLATE=utf8mb3_unicode_ci;
/*!40101 SET character_set_client = @saved_cs_client */;

--
-- Dumping data for table `faveo_mails`
--

LOCK TABLES `faveo_mails` WRITE;
/*!40000 ALTER TABLE `faveo_mails` DISABLE KEYS */;
/*!40000 ALTER TABLE `faveo_mails` ENABLE KEYS */;
UNLOCK TABLES;

--
-- Table structure for table `faveo_queues`
--

DROP TABLE IF EXISTS `faveo_queues`;
/*!40101 SET @saved_cs_client     = @@character_set_client */;
/*!40101 SET character_set_client = utf8 */;
CREATE TABLE `faveo_queues` (
  `id` int(10) unsigned NOT NULL AUTO_INCREMENT,
  `service_id` int(11) NOT NULL,
  `key` varchar(255) NOT NULL,
  `value` varchar(255) NOT NULL,
  `created_at` timestamp NULL DEFAULT NULL,
  `updated_at` timestamp NULL DEFAULT NULL,
  PRIMARY KEY (`id`)
) ENGINE=InnoDB DEFAULT CHARSET=utf8mb3 COLLATE=utf8mb3_unicode_ci;
/*!40101 SET character_set_client = @saved_cs_client */;

--
-- Dumping data for table `faveo_queues`
--

LOCK TABLES `faveo_queues` WRITE;
/*!40000 ALTER TABLE `faveo_queues` DISABLE KEYS */;
/*!40000 ALTER TABLE `faveo_queues` ENABLE KEYS */;
UNLOCK TABLES;

--
-- Table structure for table `fetched_mails`
--

DROP TABLE IF EXISTS `fetched_mails`;
/*!40101 SET @saved_cs_client     = @@character_set_client */;
/*!40101 SET character_set_client = utf8 */;
CREATE TABLE `fetched_mails` (
  `id` bigint(20) unsigned NOT NULL AUTO_INCREMENT,
  `uid` varchar(255) DEFAULT NULL,
  `messageId` varchar(255) DEFAULT NULL,
  `content` longblob DEFAULT NULL,
  `status` varchar(255) NOT NULL DEFAULT 'INITIATED',
  `attempts` int(11) NOT NULL DEFAULT 0,
  `created_at` timestamp NULL DEFAULT NULL,
  `updated_at` timestamp NULL DEFAULT NULL,
  PRIMARY KEY (`id`)
) ENGINE=InnoDB DEFAULT CHARSET=utf8mb3 COLLATE=utf8mb3_unicode_ci;
/*!40101 SET character_set_client = @saved_cs_client */;

--
-- Dumping data for table `fetched_mails`
--

LOCK TABLES `fetched_mails` WRITE;
/*!40000 ALTER TABLE `fetched_mails` DISABLE KEYS */;
/*!40000 ALTER TABLE `fetched_mails` ENABLE KEYS */;
UNLOCK TABLES;

--
-- Table structure for table `field_managers`
--

DROP TABLE IF EXISTS `field_managers`;
/*!40101 SET @saved_cs_client     = @@character_set_client */;
/*!40101 SET character_set_client = utf8 */;
CREATE TABLE `field_managers` (
  `id` bigint(20) unsigned NOT NULL AUTO_INCREMENT,
  `category` varchar(255) DEFAULT NULL,
  `created_at` timestamp NULL DEFAULT NULL,
  `updated_at` timestamp NULL DEFAULT NULL,
  PRIMARY KEY (`id`)
) ENGINE=InnoDB AUTO_INCREMENT=2 DEFAULT CHARSET=utf8mb3 COLLATE=utf8mb3_unicode_ci;
/*!40101 SET character_set_client = @saved_cs_client */;

--
-- Dumping data for table `field_managers`
--

LOCK TABLES `field_managers` WRITE;
/*!40000 ALTER TABLE `field_managers` DISABLE KEYS */;
INSERT INTO `field_managers` VALUES (1,'ticket','2024-10-24 03:58:41','2024-10-24 03:58:41');
/*!40000 ALTER TABLE `field_managers` ENABLE KEYS */;
UNLOCK TABLES;

--
-- Table structure for table `file_manager_acl_rules`
--

DROP TABLE IF EXISTS `file_manager_acl_rules`;
/*!40101 SET @saved_cs_client     = @@character_set_client */;
/*!40101 SET character_set_client = utf8 */;
CREATE TABLE `file_manager_acl_rules` (
  `id` bigint(20) unsigned NOT NULL AUTO_INCREMENT,
  `user_id` int(10) unsigned DEFAULT NULL,
  `disk` varchar(255) NOT NULL,
  `path` varchar(255) NOT NULL,
  `access` tinyint(4) NOT NULL,
  `created_at` timestamp NULL DEFAULT NULL,
  `updated_at` timestamp NULL DEFAULT NULL,
  `type` varchar(255) DEFAULT NULL,
  `dirname` varchar(255) DEFAULT NULL,
  `basename` varchar(255) DEFAULT NULL,
  `extension` varchar(255) DEFAULT NULL,
  `size` varchar(255) DEFAULT NULL,
  `timestamp` varchar(255) NOT NULL,
  `hidden` tinyint(1) NOT NULL DEFAULT 0,
  `default` tinyint(4) NOT NULL DEFAULT 0,
  PRIMARY KEY (`id`),
  KEY `file_manager_acl_rules_user_id_foreign` (`user_id`),
  CONSTRAINT `file_manager_acl_rules_user_id_foreign` FOREIGN KEY (`user_id`) REFERENCES `users` (`id`) ON DELETE SET NULL
) ENGINE=InnoDB DEFAULT CHARSET=utf8mb3 COLLATE=utf8mb3_unicode_ci;
/*!40101 SET character_set_client = @saved_cs_client */;

--
-- Dumping data for table `file_manager_acl_rules`
--

LOCK TABLES `file_manager_acl_rules` WRITE;
/*!40000 ALTER TABLE `file_manager_acl_rules` DISABLE KEYS */;
/*!40000 ALTER TABLE `file_manager_acl_rules` ENABLE KEYS */;
UNLOCK TABLES;

--
-- Table structure for table `file_manager_acl_rules_departments`
--

DROP TABLE IF EXISTS `file_manager_acl_rules_departments`;
/*!40101 SET @saved_cs_client     = @@character_set_client */;
/*!40101 SET character_set_client = utf8 */;
CREATE TABLE `file_manager_acl_rules_departments` (
  `id` bigint(20) unsigned NOT NULL AUTO_INCREMENT,
  `rule_id` bigint(20) unsigned DEFAULT NULL,
  `department_id` int(10) unsigned DEFAULT NULL,
  `created_at` timestamp NULL DEFAULT NULL,
  `updated_at` timestamp NULL DEFAULT NULL,
  PRIMARY KEY (`id`),
  KEY `file_manager_acl_rules_departments_department_id_foreign` (`department_id`),
  KEY `file_manager_acl_rules_departments_rule_id_foreign` (`rule_id`),
  CONSTRAINT `file_manager_acl_rules_departments_department_id_foreign` FOREIGN KEY (`department_id`) REFERENCES `department` (`id`),
  CONSTRAINT `file_manager_acl_rules_departments_rule_id_foreign` FOREIGN KEY (`rule_id`) REFERENCES `file_manager_acl_rules` (`id`)
) ENGINE=InnoDB DEFAULT CHARSET=utf8mb3 COLLATE=utf8mb3_unicode_ci;
/*!40101 SET character_set_client = @saved_cs_client */;

--
-- Dumping data for table `file_manager_acl_rules_departments`
--

LOCK TABLES `file_manager_acl_rules_departments` WRITE;
/*!40000 ALTER TABLE `file_manager_acl_rules_departments` DISABLE KEYS */;
/*!40000 ALTER TABLE `file_manager_acl_rules_departments` ENABLE KEYS */;
UNLOCK TABLES;

--
-- Table structure for table `filters`
--

DROP TABLE IF EXISTS `filters`;
/*!40101 SET @saved_cs_client     = @@character_set_client */;
/*!40101 SET character_set_client = utf8 */;
CREATE TABLE `filters` (
  `id` int(10) unsigned NOT NULL AUTO_INCREMENT,
  `ticket_id` int(11) NOT NULL,
  `key` varchar(255) NOT NULL,
  `value` varchar(255) NOT NULL,
  `filterable_type` varchar(255) NOT NULL,
  `filterable_id` int(11) NOT NULL,
  `created_at` timestamp NULL DEFAULT NULL,
  `updated_at` timestamp NULL DEFAULT NULL,
  PRIMARY KEY (`id`)
) ENGINE=InnoDB DEFAULT CHARSET=utf8mb3 COLLATE=utf8mb3_unicode_ci;
/*!40101 SET character_set_client = @saved_cs_client */;

--
-- Dumping data for table `filters`
--

LOCK TABLES `filters` WRITE;
/*!40000 ALTER TABLE `filters` DISABLE KEYS */;
/*!40000 ALTER TABLE `filters` ENABLE KEYS */;
UNLOCK TABLES;

--
-- Table structure for table `form_categories`
--

DROP TABLE IF EXISTS `form_categories`;
/*!40101 SET @saved_cs_client     = @@character_set_client */;
/*!40101 SET character_set_client = utf8 */;
CREATE TABLE `form_categories` (
  `id` int(10) unsigned NOT NULL AUTO_INCREMENT,
  `category` varchar(255) NOT NULL,
  `created_at` timestamp NULL DEFAULT NULL,
  `updated_at` timestamp NULL DEFAULT NULL,
  `type` varchar(25) NOT NULL DEFAULT 'helpdesk',
  `name` varchar(25) NOT NULL,
  `parent_id` int(10) unsigned DEFAULT NULL,
  `is_migrated` tinyint(4) NOT NULL DEFAULT 0,
  PRIMARY KEY (`id`),
  KEY `form_categories_parent_id_foreign` (`parent_id`),
  CONSTRAINT `form_categories_parent_id_foreign` FOREIGN KEY (`parent_id`) REFERENCES `form_categories` (`id`) ON DELETE CASCADE
) ENGINE=InnoDB AUTO_INCREMENT=4 DEFAULT CHARSET=utf8mb3 COLLATE=utf8mb3_unicode_ci;
/*!40101 SET character_set_client = @saved_cs_client */;

--
-- Dumping data for table `form_categories`
--

LOCK TABLES `form_categories` WRITE;
/*!40000 ALTER TABLE `form_categories` DISABLE KEYS */;
INSERT INTO `form_categories` VALUES (1,'ticket','2024-10-24 03:58:32','2024-10-24 03:58:34','helpdesk','Ticket',NULL,0),(2,'organisation','2024-10-24 03:58:32','2024-10-24 03:58:34','helpdesk','Organization',NULL,0),(3,'user','2024-10-24 03:58:32','2024-10-24 03:58:34','helpdesk','Requester',NULL,0);
/*!40000 ALTER TABLE `form_categories` ENABLE KEYS */;
UNLOCK TABLES;

--
-- Table structure for table `form_category_configs`
--

DROP TABLE IF EXISTS `form_category_configs`;
/*!40101 SET @saved_cs_client     = @@character_set_client */;
/*!40101 SET character_set_client = utf8 */;
CREATE TABLE `form_category_configs` (
  `id` bigint(20) unsigned NOT NULL AUTO_INCREMENT,
  `category_id` int(10) unsigned NOT NULL,
  `organization_id` int(10) unsigned NOT NULL,
  `created_at` timestamp NULL DEFAULT NULL,
  `updated_at` timestamp NULL DEFAULT NULL,
  PRIMARY KEY (`id`),
  KEY `form_category_configs_category_id_foreign` (`category_id`),
  KEY `form_category_configs_organization_id_foreign` (`organization_id`),
  CONSTRAINT `form_category_configs_category_id_foreign` FOREIGN KEY (`category_id`) REFERENCES `form_categories` (`id`) ON DELETE CASCADE,
  CONSTRAINT `form_category_configs_organization_id_foreign` FOREIGN KEY (`organization_id`) REFERENCES `organization` (`id`) ON DELETE CASCADE
) ENGINE=InnoDB DEFAULT CHARSET=utf8mb3 COLLATE=utf8mb3_unicode_ci;
/*!40101 SET character_set_client = @saved_cs_client */;

--
-- Dumping data for table `form_category_configs`
--

LOCK TABLES `form_category_configs` WRITE;
/*!40000 ALTER TABLE `form_category_configs` DISABLE KEYS */;
/*!40000 ALTER TABLE `form_category_configs` ENABLE KEYS */;
UNLOCK TABLES;

--
-- Table structure for table `form_category_form_group`
--

DROP TABLE IF EXISTS `form_category_form_group`;
/*!40101 SET @saved_cs_client     = @@character_set_client */;
/*!40101 SET character_set_client = utf8 */;
CREATE TABLE `form_category_form_group` (
  `id` bigint(20) unsigned NOT NULL AUTO_INCREMENT,
  `form_group_id` int(10) unsigned NOT NULL,
  `form_category_id` int(10) unsigned NOT NULL,
  `sort_order` int(11) NOT NULL,
  PRIMARY KEY (`id`),
  KEY `form_category_form_group_form_group_id_foreign` (`form_group_id`),
  KEY `form_category_form_group_form_category_id_foreign` (`form_category_id`),
  CONSTRAINT `form_category_form_group_form_category_id_foreign` FOREIGN KEY (`form_category_id`) REFERENCES `form_categories` (`id`) ON DELETE CASCADE ON UPDATE CASCADE,
  CONSTRAINT `form_category_form_group_form_group_id_foreign` FOREIGN KEY (`form_group_id`) REFERENCES `form_groups` (`id`) ON DELETE CASCADE ON UPDATE CASCADE
) ENGINE=InnoDB DEFAULT CHARSET=utf8mb3 COLLATE=utf8mb3_unicode_ci;
/*!40101 SET character_set_client = @saved_cs_client */;

--
-- Dumping data for table `form_category_form_group`
--

LOCK TABLES `form_category_form_group` WRITE;
/*!40000 ALTER TABLE `form_category_form_group` DISABLE KEYS */;
/*!40000 ALTER TABLE `form_category_form_group` ENABLE KEYS */;
UNLOCK TABLES;

--
-- Table structure for table `form_field_labels`
--

DROP TABLE IF EXISTS `form_field_labels`;
/*!40101 SET @saved_cs_client     = @@character_set_client */;
/*!40101 SET character_set_client = utf8 */;
CREATE TABLE `form_field_labels` (
  `id` int(10) unsigned NOT NULL AUTO_INCREMENT,
  `language` varchar(255) NOT NULL,
  `label` varchar(255) NOT NULL,
  `meant_for` varchar(255) DEFAULT NULL,
  `labelable_id` int(10) unsigned DEFAULT NULL,
  `labelable_type` varchar(255) DEFAULT NULL,
  `created_at` timestamp NULL DEFAULT NULL,
  `updated_at` timestamp NULL DEFAULT NULL,
  `description` varchar(1000) NOT NULL DEFAULT '',
  PRIMARY KEY (`id`)
) ENGINE=InnoDB AUTO_INCREMENT=68 DEFAULT CHARSET=utf8mb3 COLLATE=utf8mb3_unicode_ci;
/*!40101 SET character_set_client = @saved_cs_client */;

--
-- Dumping data for table `form_field_labels`
--

LOCK TABLES `form_field_labels` WRITE;
/*!40000 ALTER TABLE `form_field_labels` DISABLE KEYS */;
INSERT INTO `form_field_labels` VALUES (1,'en','Requester','form_field',1,'App\\Model\\helpdesk\\Form\\FormField','2024-10-24 03:58:32','2024-10-24 03:58:34',''),(3,'en','CC','form_field',2,'App\\Model\\helpdesk\\Form\\FormField','2024-10-24 03:58:32','2024-10-24 03:58:34',''),(5,'en','Subject','form_field',3,'App\\Model\\helpdesk\\Form\\FormField','2024-10-24 03:58:32','2024-10-24 03:58:34',''),(7,'en','Status','form_field',4,'App\\Model\\helpdesk\\Form\\FormField','2024-10-24 03:58:32','2024-10-24 03:58:34',''),(9,'en','Priority','form_field',5,'App\\Model\\helpdesk\\Form\\FormField','2024-10-24 03:58:32','2024-10-24 03:58:34',''),(11,'en','Location','form_field',6,'App\\Model\\helpdesk\\Form\\FormField','2024-10-24 03:58:32','2024-10-24 03:58:34',''),(13,'en','Source','form_field',7,'App\\Model\\helpdesk\\Form\\FormField','2024-10-24 03:58:32','2024-10-24 03:58:34',''),(15,'en','Help Topic','form_field',8,'App\\Model\\helpdesk\\Form\\FormField','2024-10-24 03:58:32','2024-10-24 03:58:34',''),(17,'en','Department','form_field',9,'App\\Model\\helpdesk\\Form\\FormField','2024-10-24 03:58:32','2024-10-24 03:58:34',''),(19,'en','Type','form_field',10,'App\\Model\\helpdesk\\Form\\FormField','2024-10-24 03:58:32','2024-10-24 03:58:34',''),(21,'en','Assigned','form_field',11,'App\\Model\\helpdesk\\Form\\FormField','2024-10-24 03:58:32','2024-10-24 03:58:34',''),(23,'en','Description','form_field',12,'App\\Model\\helpdesk\\Form\\FormField','2024-10-24 03:58:32','2024-10-24 03:58:34',''),(25,'en','Captcha','form_field',13,'App\\Model\\helpdesk\\Form\\FormField','2024-10-24 03:58:32','2024-10-24 03:58:34',''),(27,'en','Organisation Name','form_field',14,'App\\Model\\helpdesk\\Form\\FormField','2024-10-24 03:58:32','2024-10-24 03:58:34',''),(29,'en','Phone','form_field',15,'App\\Model\\helpdesk\\Form\\FormField','2024-10-24 03:58:32','2024-10-24 03:58:34',''),(31,'en','Organisation Domain Name','form_field',16,'App\\Model\\helpdesk\\Form\\FormField','2024-10-24 03:58:32','2024-10-24 03:58:40','Domain names cannot start with special characters such as \'-\', \'/\', or \'@\'. Additionally, prefixes like \'http://\', \'https://\', and \'www\' will not be considered.'),(33,'en','Description','form_field',17,'App\\Model\\helpdesk\\Form\\FormField','2024-10-24 03:58:32','2024-10-24 03:58:34',''),(35,'en','Address','form_field',18,'App\\Model\\helpdesk\\Form\\FormField','2024-10-24 03:58:32','2024-10-24 03:58:34',''),(37,'en','Organisation Logo','form_field',19,'App\\Model\\helpdesk\\Form\\FormField','2024-10-24 03:58:32','2024-10-24 03:58:34',''),(39,'en','Organisation Department','form_field',20,'App\\Model\\helpdesk\\Form\\FormField','2024-10-24 03:58:32','2024-10-24 03:58:34',''),(41,'en','Captcha','form_field',21,'App\\Model\\helpdesk\\Form\\FormField','2024-10-24 03:58:32','2024-10-24 03:58:34',''),(43,'en','First Name','form_field',22,'App\\Model\\helpdesk\\Form\\FormField','2024-10-24 03:58:32','2024-10-24 03:58:34',''),(45,'en','Last Name','form_field',23,'App\\Model\\helpdesk\\Form\\FormField','2024-10-24 03:58:32','2024-10-24 03:58:34',''),(47,'en','User Name','form_field',24,'App\\Model\\helpdesk\\Form\\FormField','2024-10-24 03:58:32','2024-10-24 03:58:34',''),(49,'en','Work Phone','form_field',25,'App\\Model\\helpdesk\\Form\\FormField','2024-10-24 03:58:32','2024-10-24 03:58:34',''),(51,'en','Email','form_field',26,'App\\Model\\helpdesk\\Form\\FormField','2024-10-24 03:58:32','2024-10-24 03:58:34',''),(53,'en','Mobile Phone','form_field',27,'App\\Model\\helpdesk\\Form\\FormField','2024-10-24 03:58:32','2024-10-24 03:58:34',''),(55,'en','Address','form_field',28,'App\\Model\\helpdesk\\Form\\FormField','2024-10-24 03:58:32','2024-10-24 03:58:34',''),(57,'en','Organisation','form_field',29,'App\\Model\\helpdesk\\Form\\FormField','2024-10-24 03:58:32','2024-10-24 03:58:34',''),(59,'en','Organisation Department','form_field',30,'App\\Model\\helpdesk\\Form\\FormField','2024-10-24 03:58:32','2024-10-24 03:58:34',''),(61,'en','Captcha','form_field',31,'App\\Model\\helpdesk\\Form\\FormField','2024-10-24 03:58:32','2024-10-24 03:58:34',''),(63,'en','Select Package','form_field',32,'App\\Model\\helpdesk\\Form\\FormField','2024-10-24 03:58:33','2024-10-24 03:58:34',''),(65,'en','Team','form_field',33,'App\\Model\\helpdesk\\Form\\FormField','2024-10-24 03:58:38','2024-10-24 03:58:38',''),(66,'en','Labels','form_field',34,'App\\Model\\helpdesk\\Form\\FormField','2024-10-24 03:58:40','2024-10-24 03:58:40',''),(67,'en','Labels','form_field',35,'App\\Model\\helpdesk\\Form\\FormField','2024-10-24 03:58:40','2024-10-24 03:58:40','');
/*!40000 ALTER TABLE `form_field_labels` ENABLE KEYS */;
UNLOCK TABLES;

--
-- Table structure for table `form_field_option_form_group`
--

DROP TABLE IF EXISTS `form_field_option_form_group`;
/*!40101 SET @saved_cs_client     = @@character_set_client */;
/*!40101 SET character_set_client = utf8 */;
CREATE TABLE `form_field_option_form_group` (
  `id` bigint(20) unsigned NOT NULL AUTO_INCREMENT,
  `form_group_id` int(10) unsigned NOT NULL,
  `form_field_option_id` int(10) unsigned NOT NULL,
  `sort_order` int(11) NOT NULL,
  PRIMARY KEY (`id`),
  KEY `form_field_option_form_group_form_group_id_foreign` (`form_group_id`),
  KEY `form_field_option_form_group_form_field_option_id_foreign` (`form_field_option_id`),
  CONSTRAINT `form_field_option_form_group_form_field_option_id_foreign` FOREIGN KEY (`form_field_option_id`) REFERENCES `form_field_options` (`id`) ON DELETE CASCADE ON UPDATE CASCADE,
  CONSTRAINT `form_field_option_form_group_form_group_id_foreign` FOREIGN KEY (`form_group_id`) REFERENCES `form_groups` (`id`) ON DELETE CASCADE ON UPDATE CASCADE
) ENGINE=InnoDB DEFAULT CHARSET=utf8mb3 COLLATE=utf8mb3_unicode_ci;
/*!40101 SET character_set_client = @saved_cs_client */;

--
-- Dumping data for table `form_field_option_form_group`
--

LOCK TABLES `form_field_option_form_group` WRITE;
/*!40000 ALTER TABLE `form_field_option_form_group` DISABLE KEYS */;
/*!40000 ALTER TABLE `form_field_option_form_group` ENABLE KEYS */;
UNLOCK TABLES;

--
-- Table structure for table `form_field_options`
--

DROP TABLE IF EXISTS `form_field_options`;
/*!40101 SET @saved_cs_client     = @@character_set_client */;
/*!40101 SET character_set_client = utf8 */;
CREATE TABLE `form_field_options` (
  `id` int(10) unsigned NOT NULL AUTO_INCREMENT,
  `form_field_id` int(10) unsigned NOT NULL,
  `value` varchar(255) NOT NULL,
  `created_at` timestamp NULL DEFAULT NULL,
  `updated_at` timestamp NULL DEFAULT NULL,
  `sort_order` int(11) NOT NULL DEFAULT 0,
  PRIMARY KEY (`id`)
) ENGINE=InnoDB DEFAULT CHARSET=utf8mb3 COLLATE=utf8mb3_unicode_ci;
/*!40101 SET character_set_client = @saved_cs_client */;

--
-- Dumping data for table `form_field_options`
--

LOCK TABLES `form_field_options` WRITE;
/*!40000 ALTER TABLE `form_field_options` DISABLE KEYS */;
/*!40000 ALTER TABLE `form_field_options` ENABLE KEYS */;
UNLOCK TABLES;

--
-- Table structure for table `form_fields`
--

DROP TABLE IF EXISTS `form_fields`;
/*!40101 SET @saved_cs_client     = @@character_set_client */;
/*!40101 SET character_set_client = utf8 */;
CREATE TABLE `form_fields` (
  `id` int(10) unsigned NOT NULL AUTO_INCREMENT,
  `category_id` int(10) unsigned DEFAULT NULL,
  `category_type` varchar(255) NOT NULL,
  `sort_order` int(10) unsigned DEFAULT NULL,
  `title` varchar(255) NOT NULL,
  `type` varchar(255) NOT NULL,
  `required_for_agent` tinyint(1) NOT NULL,
  `required_for_user` tinyint(1) NOT NULL,
  `display_for_agent` tinyint(1) NOT NULL,
  `display_for_user` tinyint(1) NOT NULL,
  `default` tinyint(1) NOT NULL,
  `is_linked` tinyint(1) NOT NULL,
  `media_option` tinyint(1) NOT NULL,
  `api_info` varchar(255) DEFAULT NULL,
  `pattern` varchar(255) DEFAULT NULL,
  `option_id` int(10) unsigned DEFAULT NULL,
  `created_at` timestamp NULL DEFAULT NULL,
  `updated_at` timestamp NULL DEFAULT NULL,
  `is_edit_visible` tinyint(1) NOT NULL DEFAULT 1,
  `is_active` tinyint(1) NOT NULL DEFAULT 1,
  `is_locked` tinyint(1) NOT NULL DEFAULT 0,
  `unique` varchar(255) NOT NULL,
  `form_group_id` int(10) unsigned DEFAULT NULL,
  `is_deletable` tinyint(1) NOT NULL DEFAULT 1,
  `is_customizable` tinyint(1) NOT NULL DEFAULT 1,
  `is_observable` tinyint(1) NOT NULL DEFAULT 1,
  `is_filterable` tinyint(1) NOT NULL DEFAULT 1,
  `is_agent_config` tinyint(1) NOT NULL DEFAULT 1,
  `is_user_config` tinyint(1) NOT NULL DEFAULT 1,
  `show_description_under_form_field` tinyint(4) NOT NULL DEFAULT 0,
  `shortcode` text DEFAULT NULL,
  `is_migrated` tinyint(4) NOT NULL DEFAULT 0,
  PRIMARY KEY (`id`),
  KEY `form_fields_form_group_id_foreign` (`form_group_id`),
  CONSTRAINT `form_fields_form_group_id_foreign` FOREIGN KEY (`form_group_id`) REFERENCES `form_groups` (`id`) ON DELETE CASCADE ON UPDATE CASCADE
) ENGINE=InnoDB AUTO_INCREMENT=36 DEFAULT CHARSET=utf8mb3 COLLATE=utf8mb3_unicode_ci;
/*!40101 SET character_set_client = @saved_cs_client */;

--
-- Dumping data for table `form_fields`
--

LOCK TABLES `form_fields` WRITE;
/*!40000 ALTER TABLE `form_fields` DISABLE KEYS */;
INSERT INTO `form_fields` VALUES (1,1,'App\\Model\\helpdesk\\Form\\FormCategory',1,'Requester','api',1,1,1,1,1,0,0,'url:=/api/dependency/users?meta=true;;',NULL,NULL,'2024-10-24 03:58:32','2024-10-24 03:58:34',1,1,0,'requester',NULL,0,1,0,1,1,1,0,NULL,0),(2,1,'App\\Model\\helpdesk\\Form\\FormCategory',2,'CC','multiselect',0,0,1,0,1,0,0,'url:=/api/dependency/users?meta=true;;',NULL,NULL,'2024-10-24 03:58:32','2024-10-24 03:58:34',0,1,0,'cc',NULL,0,1,0,1,1,1,0,NULL,0),(3,1,'App\\Model\\helpdesk\\Form\\FormCategory',3,'Subject','text',1,1,1,1,1,0,0,NULL,NULL,NULL,'2024-10-24 03:58:32','2024-10-24 03:58:32',1,1,0,'subject',NULL,0,1,1,1,1,1,0,NULL,0),(4,1,'App\\Model\\helpdesk\\Form\\FormCategory',4,'Status','api',0,0,1,0,1,0,0,'url:=/api/dependency/statuses;;',NULL,NULL,'2024-10-24 03:58:32','2024-10-24 03:58:34',0,1,0,'status_id',NULL,0,1,1,1,1,1,0,NULL,0),(5,1,'App\\Model\\helpdesk\\Form\\FormCategory',5,'Priority','api',1,1,1,1,1,0,0,'url:=/api/dependency/priorities;;',NULL,NULL,'2024-10-24 03:58:32','2024-10-24 03:58:34',1,1,0,'priority_id',NULL,0,1,1,1,1,1,0,NULL,0),(6,1,'App\\Model\\helpdesk\\Form\\FormCategory',6,'Location','api',0,0,1,0,1,0,0,'url:=/api/dependency/locations;;',NULL,NULL,'2024-10-24 03:58:32','2024-10-24 03:58:34',1,1,0,'location_id',NULL,0,1,1,1,1,1,0,NULL,0),(7,1,'App\\Model\\helpdesk\\Form\\FormCategory',7,'Source','api',0,0,1,0,1,0,0,'url:=/api/dependency/sources;;',NULL,NULL,'2024-10-24 03:58:32','2024-10-24 03:58:34',1,1,0,'source_id',NULL,0,1,1,1,1,1,0,NULL,0),(8,1,'App\\Model\\helpdesk\\Form\\FormCategory',8,'Help Topic','api',1,1,1,1,1,0,0,'url:=/api/dependency/help-topics?meta=true;;',NULL,NULL,'2024-10-24 03:58:32','2024-10-24 03:58:34',1,1,0,'help_topic_id',NULL,0,1,1,1,1,1,0,NULL,0),(9,1,'App\\Model\\helpdesk\\Form\\FormCategory',9,'Department','api',0,0,1,0,1,0,0,'url:=/api/dependency/departments?meta=true;;',NULL,NULL,'2024-10-24 03:58:32','2024-10-24 03:58:34',1,1,0,'department_id',NULL,0,1,1,1,1,1,0,NULL,0),(10,1,'App\\Model\\helpdesk\\Form\\FormCategory',10,'Type','api',0,0,1,1,1,0,0,'url:=/api/dependency/types;;',NULL,NULL,'2024-10-24 03:58:32','2024-10-24 03:58:34',1,1,0,'type_id',NULL,0,1,1,1,1,1,0,NULL,0),(11,1,'App\\Model\\helpdesk\\Form\\FormCategory',11,'Assigned','api',0,0,1,0,1,0,0,'url:=/api/dependency/agents?meta=true;;',NULL,NULL,'2024-10-24 03:58:32','2024-10-24 03:58:34',0,1,0,'assigned_id',NULL,0,1,1,1,1,1,0,NULL,0),(12,1,'App\\Model\\helpdesk\\Form\\FormCategory',12,'Description','htmltextarea',1,1,1,1,1,0,0,NULL,NULL,NULL,'2024-10-24 03:58:32','2024-10-24 03:58:34',0,1,0,'description',NULL,0,1,1,1,1,1,0,NULL,0),(14,2,'App\\Model\\helpdesk\\Form\\FormCategory',1,'Organisation Name','text',1,1,1,1,1,0,0,NULL,NULL,NULL,'2024-10-24 03:58:32','2024-10-24 03:58:32',1,1,0,'organisation_name',NULL,0,1,1,1,1,1,0,NULL,0),(15,2,'App\\Model\\helpdesk\\Form\\FormCategory',2,'Phone','number',1,0,1,1,1,0,0,NULL,NULL,NULL,'2024-10-24 03:58:32','2024-10-24 03:58:32',1,1,0,'phone',NULL,0,1,1,1,1,1,0,NULL,0),(16,2,'App\\Model\\helpdesk\\Form\\FormCategory',3,'Organisation Domain Name','taggable',0,0,1,1,1,0,0,NULL,NULL,NULL,'2024-10-24 03:58:32','2024-10-24 03:58:34',1,1,0,'organisation_domain_name',NULL,0,1,1,1,1,1,0,NULL,0),(17,2,'App\\Model\\helpdesk\\Form\\FormCategory',4,'Description','textarea',0,0,1,1,1,0,0,NULL,NULL,NULL,'2024-10-24 03:58:32','2024-10-24 03:58:34',1,1,0,'description',NULL,0,1,1,1,1,1,0,NULL,0),(18,2,'App\\Model\\helpdesk\\Form\\FormCategory',5,'Address','textarea',0,0,1,0,1,0,0,NULL,NULL,NULL,'2024-10-24 03:58:32','2024-10-24 03:58:33',1,1,0,'address',NULL,0,1,1,1,1,1,0,NULL,0),(19,2,'App\\Model\\helpdesk\\Form\\FormCategory',6,'Organisation Logo','file',0,0,1,1,1,0,0,NULL,NULL,NULL,'2024-10-24 03:58:32','2024-10-24 03:58:33',1,1,0,'organisation_logo',NULL,0,1,1,1,1,1,0,NULL,0),(20,2,'App\\Model\\helpdesk\\Form\\FormCategory',7,'Organisation Department','taggable',0,0,1,0,1,0,0,'url:=/api/dependency/organisation-departments;;',NULL,NULL,'2024-10-24 03:58:32','2024-10-24 03:58:34',1,0,0,'organisation_department',NULL,0,1,1,1,1,1,0,NULL,0),(22,3,'App\\Model\\helpdesk\\Form\\FormCategory',1,'First Name','text',1,1,1,1,1,0,0,NULL,NULL,NULL,'2024-10-24 03:58:32','2024-10-24 03:58:33',1,1,0,'first_name',NULL,0,1,1,1,1,1,0,NULL,0),(23,3,'App\\Model\\helpdesk\\Form\\FormCategory',2,'Last Name','text',1,1,1,1,1,0,0,NULL,NULL,NULL,'2024-10-24 03:58:32','2024-10-24 03:58:33',1,1,0,'last_name',NULL,0,1,1,1,1,1,0,NULL,0),(24,3,'App\\Model\\helpdesk\\Form\\FormCategory',3,'User Name','text',0,0,1,0,1,0,0,NULL,NULL,NULL,'2024-10-24 03:58:32','2024-10-24 03:58:33',1,1,0,'user_name',NULL,0,1,1,1,1,1,0,NULL,0),(25,3,'App\\Model\\helpdesk\\Form\\FormCategory',4,'Work Phone','number',0,0,1,0,1,0,0,NULL,NULL,NULL,'2024-10-24 03:58:32','2024-10-24 03:58:34',1,1,0,'phone_number',NULL,0,1,1,1,1,1,0,NULL,0),(26,3,'App\\Model\\helpdesk\\Form\\FormCategory',5,'Email','email',1,1,1,1,1,0,0,NULL,NULL,NULL,'2024-10-24 03:58:32','2024-10-24 03:58:33',1,1,0,'email',NULL,0,1,1,1,1,1,0,NULL,0),(27,3,'App\\Model\\helpdesk\\Form\\FormCategory',6,'Mobile Phone','number',0,0,1,0,1,0,0,NULL,NULL,NULL,'2024-10-24 03:58:32','2024-10-24 03:58:34',1,1,0,'mobile',NULL,0,1,1,1,1,1,0,NULL,0),(28,3,'App\\Model\\helpdesk\\Form\\FormCategory',7,'Address','textarea',0,0,1,0,1,0,0,NULL,NULL,NULL,'2024-10-24 03:58:32','2024-10-24 03:58:33',1,1,0,'address',NULL,0,1,1,1,1,1,0,NULL,0),(29,3,'App\\Model\\helpdesk\\Form\\FormCategory',8,'Organisation','multiselect',0,0,1,0,1,0,0,'url:=/api/dependency/organizations;;',NULL,NULL,'2024-10-24 03:58:32','2024-10-24 03:58:34',1,1,0,'organisation',NULL,0,1,1,1,1,1,0,NULL,0),(30,3,'App\\Model\\helpdesk\\Form\\FormCategory',9,'Organisation Department','multiselect',0,0,1,0,1,0,0,'url:=/api/dependency/organisation-departments;;',NULL,NULL,'2024-10-24 03:58:32','2024-10-24 03:58:38',1,0,0,'organisation_department',NULL,0,1,1,1,1,1,0,NULL,0),(32,1,'App\\Model\\helpdesk\\Form\\FormCategory',14,'Billing','api',0,1,1,1,1,0,0,'url:=/ticket/form/dependancy?dependency=user-packages;;',NULL,NULL,'2024-10-24 03:58:33','2024-10-24 03:58:33',0,0,0,'package_order',NULL,0,0,0,0,1,1,0,NULL,0),(33,1,'App\\Model\\helpdesk\\Form\\FormCategory',9,'Team','api',0,0,0,0,1,0,0,'url:=/api/dependency/teams?meta=true;;',NULL,NULL,'2024-10-24 03:58:37','2024-10-24 03:58:37',1,1,0,'team_id',NULL,0,1,1,1,1,0,0,NULL,0),(34,3,'App\\Model\\helpdesk\\Form\\FormCategory',10,'Labels','multiselect',0,0,0,0,1,0,0,'url:=api/dependency/labels;;',NULL,NULL,'2024-10-24 03:58:40','2024-10-24 03:58:40',1,1,0,'label_ids',NULL,0,1,1,1,1,0,0,NULL,0),(35,2,'App\\Model\\helpdesk\\Form\\FormCategory',6,'Labels','multiselect',0,0,0,0,1,0,0,'url:=api/dependency/labels;;',NULL,NULL,'2024-10-24 03:58:40','2024-10-24 03:58:40',1,1,0,'orglabel_ids',NULL,0,1,1,1,1,0,0,NULL,0);
/*!40000 ALTER TABLE `form_fields` ENABLE KEYS */;
UNLOCK TABLES;

--
-- Table structure for table `form_groups`
--

DROP TABLE IF EXISTS `form_groups`;
/*!40101 SET @saved_cs_client     = @@character_set_client */;
/*!40101 SET character_set_client = utf8 */;
CREATE TABLE `form_groups` (
  `id` int(10) unsigned NOT NULL AUTO_INCREMENT,
  `name` varchar(255) NOT NULL,
  `active` tinyint(1) NOT NULL DEFAULT 1,
  `created_at` timestamp NULL DEFAULT NULL,
  `updated_at` timestamp NULL DEFAULT NULL,
  `group_type` varchar(25) NOT NULL DEFAULT 'ticket',
  `is_migrated` tinyint(4) NOT NULL DEFAULT 0,
  PRIMARY KEY (`id`)
) ENGINE=InnoDB DEFAULT CHARSET=utf8mb3 COLLATE=utf8mb3_unicode_ci;
/*!40101 SET character_set_client = @saved_cs_client */;

--
-- Dumping data for table `form_groups`
--

LOCK TABLES `form_groups` WRITE;
/*!40000 ALTER TABLE `form_groups` DISABLE KEYS */;
/*!40000 ALTER TABLE `form_groups` ENABLE KEYS */;
UNLOCK TABLES;

--
-- Table structure for table `forms`
--

DROP TABLE IF EXISTS `forms`;
/*!40101 SET @saved_cs_client     = @@character_set_client */;
/*!40101 SET character_set_client = utf8 */;
CREATE TABLE `forms` (
  `id` int(10) unsigned NOT NULL AUTO_INCREMENT,
  `form` varchar(255) NOT NULL,
  `json` longtext NOT NULL,
  `created_at` timestamp NULL DEFAULT NULL,
  `updated_at` timestamp NULL DEFAULT NULL,
  PRIMARY KEY (`id`)
) ENGINE=InnoDB DEFAULT CHARSET=utf8mb3 COLLATE=utf8mb3_unicode_ci;
/*!40101 SET character_set_client = @saved_cs_client */;

--
-- Dumping data for table `forms`
--

LOCK TABLES `forms` WRITE;
/*!40000 ALTER TABLE `forms` DISABLE KEYS */;
/*!40000 ALTER TABLE `forms` ENABLE KEYS */;
UNLOCK TABLES;

--
-- Table structure for table `global_search_filters`
--

DROP TABLE IF EXISTS `global_search_filters`;
/*!40101 SET @saved_cs_client     = @@character_set_client */;
/*!40101 SET character_set_client = utf8 */;
CREATE TABLE `global_search_filters` (
  `id` bigint(20) unsigned NOT NULL AUTO_INCREMENT,
  `key` varchar(255) NOT NULL,
  `label` varchar(255) NOT NULL,
  `category` varchar(255) NOT NULL,
  `created_at` timestamp NULL DEFAULT NULL,
  `updated_at` timestamp NULL DEFAULT NULL,
  PRIMARY KEY (`id`)
) ENGINE=InnoDB AUTO_INCREMENT=12 DEFAULT CHARSET=utf8mb3 COLLATE=utf8mb3_unicode_ci;
/*!40101 SET character_set_client = @saved_cs_client */;

--
-- Dumping data for table `global_search_filters`
--

LOCK TABLES `global_search_filters` WRITE;
/*!40000 ALTER TABLE `global_search_filters` DISABLE KEYS */;
INSERT INTO `global_search_filters` VALUES (1,'ticket_assignee','Ticket Assignee','tickets','2024-10-24 03:58:40','2024-10-24 03:58:40'),(2,'ticket_creator','Ticket Requester','tickets','2024-10-24 03:58:40','2024-10-24 03:58:40'),(3,'ticket_body','Ticket Body','tickets','2024-10-24 03:58:40','2024-10-24 03:58:40'),(4,'ticket_department','Ticket Department','tickets','2024-10-24 03:58:40','2024-10-24 03:58:40'),(5,'ticket_priority','Ticket Priority','tickets','2024-10-24 03:58:40','2024-10-24 03:58:40'),(6,'ticket_status','Ticket Status','tickets','2024-10-24 03:58:40','2024-10-24 03:58:40'),(7,'ticket_custom_values','Ticket Custom Values','tickets','2024-10-24 03:58:40','2024-10-24 03:58:40'),(8,'article_categories','Article Categories','articles','2024-10-24 03:58:40','2024-10-24 03:58:40'),(9,'article_tag','Article Tags','articles','2024-10-24 03:58:40','2024-10-24 03:58:40'),(10,'article_description','Article description','articles','2024-10-24 03:58:40','2024-10-24 03:58:40'),(11,'user_custom_values','Contacts Custom Value','contacts','2024-10-24 03:58:40','2024-10-24 03:58:40');
/*!40000 ALTER TABLE `global_search_filters` ENABLE KEYS */;
UNLOCK TABLES;

--
-- Table structure for table `global_search_preferences`
--

DROP TABLE IF EXISTS `global_search_preferences`;
/*!40101 SET @saved_cs_client     = @@character_set_client */;
/*!40101 SET character_set_client = utf8 */;
CREATE TABLE `global_search_preferences` (
  `id` bigint(20) unsigned NOT NULL AUTO_INCREMENT,
  `user_id` bigint(20) NOT NULL,
  `filter_id` bigint(20) NOT NULL,
  `created_at` timestamp NULL DEFAULT NULL,
  `updated_at` timestamp NULL DEFAULT NULL,
  PRIMARY KEY (`id`)
) ENGINE=InnoDB DEFAULT CHARSET=utf8mb3 COLLATE=utf8mb3_unicode_ci;
/*!40101 SET character_set_client = @saved_cs_client */;

--
-- Dumping data for table `global_search_preferences`
--

LOCK TABLES `global_search_preferences` WRITE;
/*!40000 ALTER TABLE `global_search_preferences` DISABLE KEYS */;
/*!40000 ALTER TABLE `global_search_preferences` ENABLE KEYS */;
UNLOCK TABLES;

--
-- Table structure for table `graphical_reports`
--

DROP TABLE IF EXISTS `graphical_reports`;
/*!40101 SET @saved_cs_client     = @@character_set_client */;
/*!40101 SET character_set_client = utf8 */;
CREATE TABLE `graphical_reports` (
  `id` bigint(20) unsigned NOT NULL AUTO_INCREMENT,
  `report_id` bigint(20) NOT NULL,
  `chart_name` varchar(255) NOT NULL,
  `categorized_by` varchar(255) NOT NULL,
  `selected_chart_type` varchar(30) DEFAULT NULL,
  `is_plugin` int(11) NOT NULL DEFAULT 1,
  `created_at` timestamp NULL DEFAULT NULL,
  `updated_at` timestamp NULL DEFAULT NULL,
  PRIMARY KEY (`id`)
) ENGINE=InnoDB DEFAULT CHARSET=utf8mb3 COLLATE=utf8mb3_unicode_ci;
/*!40101 SET character_set_client = @saved_cs_client */;

--
-- Dumping data for table `graphical_reports`
--

LOCK TABLES `graphical_reports` WRITE;
/*!40000 ALTER TABLE `graphical_reports` DISABLE KEYS */;
/*!40000 ALTER TABLE `graphical_reports` ENABLE KEYS */;
UNLOCK TABLES;

--
-- Table structure for table `group_assign_department`
--

DROP TABLE IF EXISTS `group_assign_department`;
/*!40101 SET @saved_cs_client     = @@character_set_client */;
/*!40101 SET character_set_client = utf8 */;
CREATE TABLE `group_assign_department` (
  `id` int(10) unsigned NOT NULL AUTO_INCREMENT,
  `group_id` int(10) unsigned NOT NULL,
  `department_id` int(10) unsigned NOT NULL,
  `created_at` timestamp NULL DEFAULT NULL,
  `updated_at` timestamp NULL DEFAULT NULL,
  PRIMARY KEY (`id`),
  KEY `group_id` (`group_id`),
  KEY `department_id` (`department_id`),
  CONSTRAINT `group_assign_department_ibfk_1` FOREIGN KEY (`group_id`) REFERENCES `groups` (`id`) ON UPDATE NO ACTION,
  CONSTRAINT `group_assign_department_ibfk_2` FOREIGN KEY (`department_id`) REFERENCES `department` (`id`) ON UPDATE NO ACTION
) ENGINE=InnoDB DEFAULT CHARSET=utf8mb3 COLLATE=utf8mb3_unicode_ci;
/*!40101 SET character_set_client = @saved_cs_client */;

--
-- Dumping data for table `group_assign_department`
--

LOCK TABLES `group_assign_department` WRITE;
/*!40000 ALTER TABLE `group_assign_department` DISABLE KEYS */;
/*!40000 ALTER TABLE `group_assign_department` ENABLE KEYS */;
UNLOCK TABLES;

--
-- Table structure for table `halts`
--

DROP TABLE IF EXISTS `halts`;
/*!40101 SET @saved_cs_client     = @@character_set_client */;
/*!40101 SET character_set_client = utf8 */;
CREATE TABLE `halts` (
  `id` int(10) unsigned NOT NULL AUTO_INCREMENT,
  `ticket_id` int(11) NOT NULL,
  `halted_at` timestamp NOT NULL DEFAULT current_timestamp() ON UPDATE current_timestamp(),
  `time_used` int(11) NOT NULL,
  `created_at` timestamp NULL DEFAULT NULL,
  `updated_at` timestamp NULL DEFAULT NULL,
  `halted_time` int(11) DEFAULT NULL,
  PRIMARY KEY (`id`)
) ENGINE=InnoDB DEFAULT CHARSET=utf8mb3 COLLATE=utf8mb3_unicode_ci;
/*!40101 SET character_set_client = @saved_cs_client */;

--
-- Dumping data for table `halts`
--

LOCK TABLES `halts` WRITE;
/*!40000 ALTER TABLE `halts` DISABLE KEYS */;
/*!40000 ALTER TABLE `halts` ENABLE KEYS */;
UNLOCK TABLES;

--
-- Table structure for table `health_checks`
--

DROP TABLE IF EXISTS `health_checks`;
/*!40101 SET @saved_cs_client     = @@character_set_client */;
/*!40101 SET character_set_client = utf8 */;
CREATE TABLE `health_checks` (
  `id` bigint(20) unsigned NOT NULL AUTO_INCREMENT,
  `check` varchar(255) NOT NULL,
  `is_os_compatibility` tinyint(4) NOT NULL DEFAULT 1,
  `alert` tinyint(4) NOT NULL DEFAULT 0,
  `api` varchar(255) NOT NULL DEFAULT 'default',
  `health_id` bigint(20) unsigned NOT NULL,
  `created_at` timestamp NULL DEFAULT NULL,
  `updated_at` timestamp NULL DEFAULT NULL,
  PRIMARY KEY (`id`),
  KEY `health_checks_health_id_foreign` (`health_id`),
  CONSTRAINT `health_checks_health_id_foreign` FOREIGN KEY (`health_id`) REFERENCES `healths` (`id`) ON DELETE CASCADE
) ENGINE=InnoDB AUTO_INCREMENT=19 DEFAULT CHARSET=utf8mb3 COLLATE=utf8mb3_unicode_ci;
/*!40101 SET character_set_client = @saved_cs_client */;

--
-- Dumping data for table `health_checks`
--

LOCK TABLES `health_checks` WRITE;
/*!40000 ALTER TABLE `health_checks` DISABLE KEYS */;
INSERT INTO `health_checks` VALUES (1,'db_check',1,0,'default',1,'2024-10-24 03:58:40','2024-10-24 03:58:40'),(2,'cron_check',1,1,'default',1,'2024-10-24 03:58:40','2024-10-24 03:58:40'),(3,'redis_check',0,1,'default',1,'2024-10-24 03:58:40','2024-10-24 03:58:40'),(4,'attachment_check',1,1,'default',1,'2024-10-24 03:58:40','2024-10-24 03:58:40'),(5,'supervisor_check',0,1,'default',1,'2024-10-24 03:58:40','2024-10-24 03:58:40'),(6,'php_version',1,0,'default',1,'2024-10-24 03:58:40','2024-10-24 03:58:40'),(7,'plugins_version',1,1,'default',1,'2024-10-24 03:58:40','2024-10-24 03:58:40'),(8,'cache_check',1,0,'default',1,'2024-10-24 03:58:40','2024-10-24 03:58:40'),(9,'disk_storage',1,1,'default',1,'2024-10-24 03:58:40','2024-10-24 03:58:40'),(10,'db_storage',1,0,'default',1,'2024-10-24 03:58:40','2024-10-24 03:58:40'),(11,'php_upload_size',1,0,'default',1,'2024-10-24 03:58:40','2024-10-24 03:58:40'),(12,'mysql_config',1,0,'default',1,'2024-10-24 03:58:40','2024-10-24 03:58:40'),(13,'billing_check',1,0,'billing',1,'2024-10-24 03:58:40','2024-10-24 03:58:40'),(14,'email_config',1,0,'default',1,'2024-10-24 03:58:40','2024-10-24 03:58:40'),(15,'horizon_check',0,1,'default',1,'2024-10-24 03:58:40','2024-10-24 03:58:40'),(16,'horizon_restart',0,0,'default',1,'2024-10-24 03:58:40','2024-10-24 03:58:40'),(17,'database_optimize',1,0,'default',1,'2024-10-24 03:58:40','2024-10-24 03:58:40'),(18,'search_driver_status',1,1,'billing',1,'2024-10-24 03:58:40','2024-10-24 03:58:40');
/*!40000 ALTER TABLE `health_checks` ENABLE KEYS */;
UNLOCK TABLES;

--
-- Table structure for table `health_system_alerts`
--

DROP TABLE IF EXISTS `health_system_alerts`;
/*!40101 SET @saved_cs_client     = @@character_set_client */;
/*!40101 SET character_set_client = utf8 */;
CREATE TABLE `health_system_alerts` (
  `id` bigint(20) unsigned NOT NULL AUTO_INCREMENT,
  `check_id` bigint(20) unsigned NOT NULL,
  `value` varchar(255) NOT NULL,
  `display` tinyint(4) NOT NULL DEFAULT 1,
  `created_at` timestamp NULL DEFAULT NULL,
  `updated_at` timestamp NULL DEFAULT NULL,
  PRIMARY KEY (`id`),
  KEY `health_system_alerts_check_id_foreign` (`check_id`),
  CONSTRAINT `health_system_alerts_check_id_foreign` FOREIGN KEY (`check_id`) REFERENCES `health_checks` (`id`)
) ENGINE=InnoDB AUTO_INCREMENT=9 DEFAULT CHARSET=utf8mb3 COLLATE=utf8mb3_unicode_ci;
/*!40101 SET character_set_client = @saved_cs_client */;

--
-- Dumping data for table `health_system_alerts`
--

LOCK TABLES `health_system_alerts` WRITE;
/*!40000 ALTER TABLE `health_system_alerts` DISABLE KEYS */;
INSERT INTO `health_system_alerts` VALUES (1,2,'120',1,'2024-10-24 03:58:40','2024-10-24 03:58:40'),(2,3,'Critical',1,'2024-10-24 03:58:40','2024-10-24 03:58:40'),(3,4,'Critical',1,'2024-10-24 03:58:40','2024-10-24 03:58:40'),(4,5,'Critical',1,'2024-10-24 03:58:40','2024-10-24 03:58:40'),(5,7,'Critical',1,'2024-10-24 03:58:40','2024-10-24 03:58:40'),(6,9,'10',1,'2024-10-24 03:58:40','2024-10-24 03:58:40'),(7,15,'Critical',1,'2024-10-24 03:58:40','2024-10-24 03:58:40'),(8,18,'Critical',1,'2024-10-24 03:58:40','2024-10-24 03:58:40');
/*!40000 ALTER TABLE `health_system_alerts` ENABLE KEYS */;
UNLOCK TABLES;

--
-- Table structure for table `healths`
--

DROP TABLE IF EXISTS `healths`;
/*!40101 SET @saved_cs_client     = @@character_set_client */;
/*!40101 SET character_set_client = utf8 */;
CREATE TABLE `healths` (
  `id` bigint(20) unsigned NOT NULL AUTO_INCREMENT,
  `key` varchar(255) NOT NULL,
  `name` varchar(255) NOT NULL,
  `created_at` timestamp NULL DEFAULT NULL,
  `updated_at` timestamp NULL DEFAULT NULL,
  PRIMARY KEY (`id`)
) ENGINE=InnoDB AUTO_INCREMENT=2 DEFAULT CHARSET=utf8mb3 COLLATE=utf8mb3_unicode_ci;
/*!40101 SET character_set_client = @saved_cs_client */;

--
-- Dumping data for table `healths`
--

LOCK TABLES `healths` WRITE;
/*!40000 ALTER TABLE `healths` DISABLE KEYS */;
INSERT INTO `healths` VALUES (1,'health_server_check','','2024-10-24 03:58:40','2024-10-24 03:58:40');
/*!40000 ALTER TABLE `healths` ENABLE KEYS */;
UNLOCK TABLES;

--
-- Table structure for table `help_topic`
--

DROP TABLE IF EXISTS `help_topic`;
/*!40101 SET @saved_cs_client     = @@character_set_client */;
/*!40101 SET character_set_client = utf8 */;
CREATE TABLE `help_topic` (
  `id` int(10) unsigned NOT NULL AUTO_INCREMENT,
  `topic` varchar(255) NOT NULL,
  `parent_topic` varchar(255) NOT NULL,
  `custom_form` int(10) unsigned DEFAULT NULL,
  `department` int(10) unsigned DEFAULT NULL,
  `ticket_status` int(10) unsigned DEFAULT NULL,
  `thank_page` varchar(255) NOT NULL,
  `ticket_num_format` varchar(255) NOT NULL,
  `internal_notes` text NOT NULL,
  `status` tinyint(1) NOT NULL,
  `type` tinyint(1) NOT NULL,
  `auto_response` tinyint(1) NOT NULL,
  `created_at` timestamp NULL DEFAULT NULL,
  `updated_at` timestamp NULL DEFAULT NULL,
  `linked_departments` varchar(5000) DEFAULT NULL,
  `under_deletion` tinyint(1) NOT NULL DEFAULT 0,
  PRIMARY KEY (`id`),
  KEY `help_topic_ibfk_2` (`department`),
  CONSTRAINT `help_topic_ibfk_2` FOREIGN KEY (`department`) REFERENCES `department` (`id`) ON UPDATE NO ACTION
) ENGINE=InnoDB AUTO_INCREMENT=4 DEFAULT CHARSET=utf8mb3 COLLATE=utf8mb3_unicode_ci;
/*!40101 SET character_set_client = @saved_cs_client */;

--
-- Dumping data for table `help_topic`
--

LOCK TABLES `help_topic` WRITE;
/*!40000 ALTER TABLE `help_topic` DISABLE KEYS */;
INSERT INTO `help_topic` VALUES (1,'Support query','',NULL,1,NULL,'','','',1,1,0,'2024-10-24 03:58:32','2024-10-24 03:58:32',NULL,0),(2,'Sales query','',NULL,2,NULL,'','','',0,1,0,'2024-10-24 03:58:32','2024-10-24 03:58:32',NULL,0),(3,'Operational query','',NULL,3,NULL,'','','',0,1,0,'2024-10-24 03:58:32','2024-10-24 03:58:32',NULL,0);
/*!40000 ALTER TABLE `help_topic` ENABLE KEYS */;
UNLOCK TABLES;

--
-- Table structure for table `help_topic_form_group`
--

DROP TABLE IF EXISTS `help_topic_form_group`;
/*!40101 SET @saved_cs_client     = @@character_set_client */;
/*!40101 SET character_set_client = utf8 */;
CREATE TABLE `help_topic_form_group` (
  `id` bigint(20) unsigned NOT NULL AUTO_INCREMENT,
  `form_group_id` int(10) unsigned NOT NULL,
  `help_topic_id` int(10) unsigned NOT NULL,
  `sort_order` int(11) NOT NULL,
  PRIMARY KEY (`id`),
  KEY `help_topic_form_group_form_group_id_foreign` (`form_group_id`),
  KEY `help_topic_form_group_help_topic_id_foreign` (`help_topic_id`),
  CONSTRAINT `help_topic_form_group_form_group_id_foreign` FOREIGN KEY (`form_group_id`) REFERENCES `form_groups` (`id`) ON DELETE CASCADE ON UPDATE CASCADE,
  CONSTRAINT `help_topic_form_group_help_topic_id_foreign` FOREIGN KEY (`help_topic_id`) REFERENCES `help_topic` (`id`) ON DELETE CASCADE ON UPDATE CASCADE
) ENGINE=InnoDB DEFAULT CHARSET=utf8mb3 COLLATE=utf8mb3_unicode_ci;
/*!40101 SET character_set_client = @saved_cs_client */;

--
-- Dumping data for table `help_topic_form_group`
--

LOCK TABLES `help_topic_form_group` WRITE;
/*!40000 ALTER TABLE `help_topic_form_group` DISABLE KEYS */;
/*!40000 ALTER TABLE `help_topic_form_group` ENABLE KEYS */;
UNLOCK TABLES;

--
-- Table structure for table `helptopic_assign_type`
--

DROP TABLE IF EXISTS `helptopic_assign_type`;
/*!40101 SET @saved_cs_client     = @@character_set_client */;
/*!40101 SET character_set_client = utf8 */;
CREATE TABLE `helptopic_assign_type` (
  `id` int(10) unsigned NOT NULL AUTO_INCREMENT,
  `helptopic_id` varchar(255) NOT NULL,
  `type_id` varchar(255) NOT NULL,
  `created_at` timestamp NULL DEFAULT NULL,
  `updated_at` timestamp NULL DEFAULT NULL,
  PRIMARY KEY (`id`)
) ENGINE=InnoDB DEFAULT CHARSET=utf8mb3 COLLATE=utf8mb3_unicode_ci;
/*!40101 SET character_set_client = @saved_cs_client */;

--
-- Dumping data for table `helptopic_assign_type`
--

LOCK TABLES `helptopic_assign_type` WRITE;
/*!40000 ALTER TABLE `helptopic_assign_type` DISABLE KEYS */;
/*!40000 ALTER TABLE `helptopic_assign_type` ENABLE KEYS */;
UNLOCK TABLES;

--
-- Table structure for table `import_progress`
--

DROP TABLE IF EXISTS `import_progress`;
/*!40101 SET @saved_cs_client     = @@character_set_client */;
/*!40101 SET character_set_client = utf8 */;
CREATE TABLE `import_progress` (
  `id` bigint(20) unsigned NOT NULL AUTO_INCREMENT,
  `is_complete` tinyint(4) NOT NULL DEFAULT 0,
  `total_number_of_records` bigint(20) NOT NULL DEFAULT 0,
  `import_name` varchar(255) NOT NULL,
  `type` varchar(255) NOT NULL,
  `currently_processing_now` int(11) NOT NULL DEFAULT 0,
  `scheduled_at` timestamp NOT NULL DEFAULT current_timestamp() ON UPDATE current_timestamp(),
  `started_at` timestamp NULL DEFAULT NULL,
  `ended_at` timestamp NULL DEFAULT NULL,
  `created_at` timestamp NULL DEFAULT NULL,
  `updated_at` timestamp NULL DEFAULT NULL,
  PRIMARY KEY (`id`)
) ENGINE=InnoDB DEFAULT CHARSET=utf8mb3 COLLATE=utf8mb3_unicode_ci;
/*!40101 SET character_set_client = @saved_cs_client */;

--
-- Dumping data for table `import_progress`
--

LOCK TABLES `import_progress` WRITE;
/*!40000 ALTER TABLE `import_progress` DISABLE KEYS */;
/*!40000 ALTER TABLE `import_progress` ENABLE KEYS */;
UNLOCK TABLES;

--
-- Table structure for table `import_progress_details`
--

DROP TABLE IF EXISTS `import_progress_details`;
/*!40101 SET @saved_cs_client     = @@character_set_client */;
/*!40101 SET character_set_client = utf8 */;
CREATE TABLE `import_progress_details` (
  `id` bigint(20) unsigned NOT NULL AUTO_INCREMENT,
  `import_progress_id` bigint(20) unsigned NOT NULL,
  `progress_type` varchar(255) NOT NULL,
  `progress_comment` text NOT NULL,
  `created_at` timestamp NULL DEFAULT NULL,
  `updated_at` timestamp NULL DEFAULT NULL,
  PRIMARY KEY (`id`),
  KEY `import_progress_details_import_progress_id_foreign` (`import_progress_id`),
  CONSTRAINT `import_progress_details_import_progress_id_foreign` FOREIGN KEY (`import_progress_id`) REFERENCES `import_progress` (`id`)
) ENGINE=InnoDB DEFAULT CHARSET=utf8mb3 COLLATE=utf8mb3_unicode_ci;
/*!40101 SET character_set_client = @saved_cs_client */;

--
-- Dumping data for table `import_progress_details`
--

LOCK TABLES `import_progress_details` WRITE;
/*!40000 ALTER TABLE `import_progress_details` DISABLE KEYS */;
/*!40000 ALTER TABLE `import_progress_details` ENABLE KEYS */;
UNLOCK TABLES;

--
-- Table structure for table `imports`
--

DROP TABLE IF EXISTS `imports`;
/*!40101 SET @saved_cs_client     = @@character_set_client */;
/*!40101 SET character_set_client = utf8 */;
CREATE TABLE `imports` (
  `id` bigint(20) unsigned NOT NULL AUTO_INCREMENT,
  `path` text NOT NULL,
  `columns` text DEFAULT NULL,
  `created_at` timestamp NULL DEFAULT NULL,
  `updated_at` timestamp NULL DEFAULT NULL,
  PRIMARY KEY (`id`)
) ENGINE=InnoDB DEFAULT CHARSET=utf8mb3 COLLATE=utf8mb3_unicode_ci;
/*!40101 SET character_set_client = @saved_cs_client */;

--
-- Dumping data for table `imports`
--

LOCK TABLES `imports` WRITE;
/*!40000 ALTER TABLE `imports` DISABLE KEYS */;
/*!40000 ALTER TABLE `imports` ENABLE KEYS */;
UNLOCK TABLES;

--
-- Table structure for table `in_app_push_notifications`
--

DROP TABLE IF EXISTS `in_app_push_notifications`;
/*!40101 SET @saved_cs_client     = @@character_set_client */;
/*!40101 SET character_set_client = utf8 */;
CREATE TABLE `in_app_push_notifications` (
  `id` int(10) unsigned NOT NULL AUTO_INCREMENT,
  `subscribed_user_id` int(11) NOT NULL,
  `message` varchar(255) NOT NULL,
  `url` varchar(255) NOT NULL,
  `status` enum('pending','failed','delivered') NOT NULL DEFAULT 'pending',
  `created_at` timestamp NULL DEFAULT NULL,
  `updated_at` timestamp NULL DEFAULT NULL,
  PRIMARY KEY (`id`)
) ENGINE=InnoDB DEFAULT CHARSET=utf8mb3 COLLATE=utf8mb3_unicode_ci;
/*!40101 SET character_set_client = @saved_cs_client */;

--
-- Dumping data for table `in_app_push_notifications`
--

LOCK TABLES `in_app_push_notifications` WRITE;
/*!40000 ALTER TABLE `in_app_push_notifications` DISABLE KEYS */;
/*!40000 ALTER TABLE `in_app_push_notifications` ENABLE KEYS */;
UNLOCK TABLES;

--
-- Table structure for table `inapp_notify`
--

DROP TABLE IF EXISTS `inapp_notify`;
/*!40101 SET @saved_cs_client     = @@character_set_client */;
/*!40101 SET character_set_client = utf8 */;
CREATE TABLE `inapp_notify` (
  `id` bigint(20) unsigned NOT NULL AUTO_INCREMENT,
  `is_read` tinyint(1) NOT NULL DEFAULT 0,
  `user_id` int(10) unsigned DEFAULT NULL,
  `from` int(10) unsigned DEFAULT NULL,
  `subject` varchar(255) DEFAULT NULL,
  `action_link` text NOT NULL,
  `mobile_scenario_id` varchar(255) DEFAULT NULL,
  `notify_message` text NOT NULL,
  `module` varchar(255) DEFAULT NULL,
  `created_at` timestamp NULL DEFAULT NULL,
  `updated_at` timestamp NULL DEFAULT NULL,
  PRIMARY KEY (`id`),
  KEY `inapp_notify_user_id_foreign` (`user_id`),
  KEY `inapp_notify_from_foreign` (`from`),
  CONSTRAINT `inapp_notify_from_foreign` FOREIGN KEY (`from`) REFERENCES `users` (`id`) ON DELETE CASCADE,
  CONSTRAINT `inapp_notify_user_id_foreign` FOREIGN KEY (`user_id`) REFERENCES `users` (`id`) ON DELETE CASCADE
) ENGINE=InnoDB DEFAULT CHARSET=utf8mb3 COLLATE=utf8mb3_unicode_ci;
/*!40101 SET character_set_client = @saved_cs_client */;

--
-- Dumping data for table `inapp_notify`
--

LOCK TABLES `inapp_notify` WRITE;
/*!40000 ALTER TABLE `inapp_notify` DISABLE KEYS */;
/*!40000 ALTER TABLE `inapp_notify` ENABLE KEYS */;
UNLOCK TABLES;

--
-- Table structure for table `invoices`
--

DROP TABLE IF EXISTS `invoices`;
/*!40101 SET @saved_cs_client     = @@character_set_client */;
/*!40101 SET character_set_client = utf8 */;
CREATE TABLE `invoices` (
  `id` int(10) unsigned NOT NULL AUTO_INCREMENT,
  `order_id` int(10) unsigned NOT NULL,
  `total_amount` int(11) NOT NULL,
  `tax` int(11) NOT NULL,
  `discount` int(11) NOT NULL,
  `payable_amount` int(11) NOT NULL,
  `amount_paid` int(11) NOT NULL,
  `payment_mode` varchar(100) DEFAULT NULL,
  `due_by` datetime DEFAULT NULL,
  `paid_date` datetime DEFAULT NULL,
  `created_at` timestamp NULL DEFAULT NULL,
  `updated_at` timestamp NULL DEFAULT NULL,
  PRIMARY KEY (`id`),
  KEY `invoices_order_id_foreign` (`order_id`),
  CONSTRAINT `invoices_order_id_foreign` FOREIGN KEY (`order_id`) REFERENCES `orders` (`id`)
) ENGINE=InnoDB DEFAULT CHARSET=utf8mb3 COLLATE=utf8mb3_unicode_ci;
/*!40101 SET character_set_client = @saved_cs_client */;

--
-- Dumping data for table `invoices`
--

LOCK TABLES `invoices` WRITE;
/*!40000 ALTER TABLE `invoices` DISABLE KEYS */;
/*!40000 ALTER TABLE `invoices` ENABLE KEYS */;
UNLOCK TABLES;

--
-- Table structure for table `job_batches`
--

DROP TABLE IF EXISTS `job_batches`;
/*!40101 SET @saved_cs_client     = @@character_set_client */;
/*!40101 SET character_set_client = utf8 */;
CREATE TABLE `job_batches` (
  `id` varchar(255) NOT NULL,
  `name` varchar(255) NOT NULL,
  `total_jobs` int(11) NOT NULL,
  `pending_jobs` int(11) NOT NULL,
  `failed_jobs` int(11) NOT NULL,
  `failed_job_ids` longtext NOT NULL,
  `options` mediumtext DEFAULT NULL,
  `cancelled_at` int(11) DEFAULT NULL,
  `created_at` int(11) NOT NULL,
  `finished_at` int(11) DEFAULT NULL,
  PRIMARY KEY (`id`)
) ENGINE=InnoDB DEFAULT CHARSET=utf8mb3 COLLATE=utf8mb3_unicode_ci;
/*!40101 SET character_set_client = @saved_cs_client */;

--
-- Dumping data for table `job_batches`
--

LOCK TABLES `job_batches` WRITE;
/*!40000 ALTER TABLE `job_batches` DISABLE KEYS */;
/*!40000 ALTER TABLE `job_batches` ENABLE KEYS */;
UNLOCK TABLES;

--
-- Table structure for table `jobs`
--

DROP TABLE IF EXISTS `jobs`;
/*!40101 SET @saved_cs_client     = @@character_set_client */;
/*!40101 SET character_set_client = utf8 */;
CREATE TABLE `jobs` (
  `id` bigint(20) unsigned NOT NULL AUTO_INCREMENT,
  `queue` varchar(255) NOT NULL,
  `payload` longtext NOT NULL,
  `attempts` tinyint(3) unsigned NOT NULL,
  `reserved_at` int(10) unsigned DEFAULT NULL,
  `available_at` int(10) unsigned NOT NULL,
  `created_at` int(10) unsigned NOT NULL,
  PRIMARY KEY (`id`),
  KEY `jobs_queue_reserved_at_index` (`queue`,`reserved_at`)
) ENGINE=InnoDB DEFAULT CHARSET=utf8mb3 COLLATE=utf8mb3_unicode_ci;
/*!40101 SET character_set_client = @saved_cs_client */;

--
-- Dumping data for table `jobs`
--

LOCK TABLES `jobs` WRITE;
/*!40000 ALTER TABLE `jobs` DISABLE KEYS */;
/*!40000 ALTER TABLE `jobs` ENABLE KEYS */;
UNLOCK TABLES;

--
-- Table structure for table `kb_article`
--

DROP TABLE IF EXISTS `kb_article`;
/*!40101 SET @saved_cs_client     = @@character_set_client */;
/*!40101 SET character_set_client = utf8 */;
CREATE TABLE `kb_article` (
  `id` int(10) unsigned NOT NULL AUTO_INCREMENT,
  `name` text NOT NULL,
  `slug` varchar(255) NOT NULL,
  `description` text NOT NULL,
  `summary` text DEFAULT NULL,
  `status` tinyint(1) NOT NULL,
  `type` tinyint(1) NOT NULL,
  `publish_time` datetime DEFAULT NULL,
  `created_at` timestamp NULL DEFAULT NULL,
  `updated_at` timestamp NULL DEFAULT NULL,
  `template` varchar(255) NOT NULL,
  `seo_title` varchar(255) NOT NULL,
  `meta_description` varchar(255) NOT NULL,
  `visible_to` varchar(255) NOT NULL DEFAULT 'all_users',
  `author` int(11) NOT NULL,
  `is_comment_enabled` tinyint(1) NOT NULL DEFAULT 0,
  `organization_id` int(10) unsigned DEFAULT NULL,
  PRIMARY KEY (`id`),
  KEY `kb_article_organization_id_foreign` (`organization_id`),
  FULLTEXT KEY `name_index` (`name`),
  FULLTEXT KEY `description_index` (`description`),
  FULLTEXT KEY `name_description_index` (`name`,`description`),
  FULLTEXT KEY `summary_index` (`summary`),
  FULLTEXT KEY `name_summary_description_index` (`name`,`summary`,`description`),
  CONSTRAINT `kb_article_organization_id_foreign` FOREIGN KEY (`organization_id`) REFERENCES `organization` (`id`) ON DELETE SET NULL
) ENGINE=InnoDB DEFAULT CHARSET=utf8mb3 COLLATE=utf8mb3_unicode_ci;
/*!40101 SET character_set_client = @saved_cs_client */;

--
-- Dumping data for table `kb_article`
--

LOCK TABLES `kb_article` WRITE;
/*!40000 ALTER TABLE `kb_article` DISABLE KEYS */;
/*!40000 ALTER TABLE `kb_article` ENABLE KEYS */;
UNLOCK TABLES;

--
-- Table structure for table `kb_article_relationship`
--

DROP TABLE IF EXISTS `kb_article_relationship`;
/*!40101 SET @saved_cs_client     = @@character_set_client */;
/*!40101 SET character_set_client = utf8 */;
CREATE TABLE `kb_article_relationship` (
  `id` int(10) unsigned NOT NULL AUTO_INCREMENT,
  `article_id` int(10) unsigned NOT NULL,
  `category_id` int(10) unsigned NOT NULL,
  `created_at` timestamp NULL DEFAULT NULL,
  `updated_at` timestamp NULL DEFAULT NULL,
  PRIMARY KEY (`id`),
  KEY `article_relationship_article_id_foreign` (`article_id`),
  KEY `article_relationship_category_id_foreign` (`category_id`),
  CONSTRAINT `article_relationship_article_id_foreign` FOREIGN KEY (`article_id`) REFERENCES `kb_article` (`id`),
  CONSTRAINT `article_relationship_category_id_foreign` FOREIGN KEY (`category_id`) REFERENCES `kb_category` (`id`)
) ENGINE=InnoDB DEFAULT CHARSET=utf8mb3 COLLATE=utf8mb3_unicode_ci;
/*!40101 SET character_set_client = @saved_cs_client */;

--
-- Dumping data for table `kb_article_relationship`
--

LOCK TABLES `kb_article_relationship` WRITE;
/*!40000 ALTER TABLE `kb_article_relationship` DISABLE KEYS */;
/*!40000 ALTER TABLE `kb_article_relationship` ENABLE KEYS */;
UNLOCK TABLES;

--
-- Table structure for table `kb_article_tag`
--

DROP TABLE IF EXISTS `kb_article_tag`;
/*!40101 SET @saved_cs_client     = @@character_set_client */;
/*!40101 SET character_set_client = utf8 */;
CREATE TABLE `kb_article_tag` (
  `id` bigint(20) unsigned NOT NULL AUTO_INCREMENT,
  `article_id` int(11) NOT NULL,
  `tag_id` int(11) NOT NULL,
  `created_at` timestamp NULL DEFAULT NULL,
  `updated_at` timestamp NULL DEFAULT NULL,
  PRIMARY KEY (`id`)
) ENGINE=InnoDB DEFAULT CHARSET=utf8mb3 COLLATE=utf8mb3_unicode_ci;
/*!40101 SET character_set_client = @saved_cs_client */;

--
-- Dumping data for table `kb_article_tag`
--

LOCK TABLES `kb_article_tag` WRITE;
/*!40000 ALTER TABLE `kb_article_tag` DISABLE KEYS */;
/*!40000 ALTER TABLE `kb_article_tag` ENABLE KEYS */;
UNLOCK TABLES;

--
-- Table structure for table `kb_article_template`
--

DROP TABLE IF EXISTS `kb_article_template`;
/*!40101 SET @saved_cs_client     = @@character_set_client */;
/*!40101 SET character_set_client = utf8 */;
CREATE TABLE `kb_article_template` (
  `id` int(10) unsigned NOT NULL AUTO_INCREMENT,
  `name` varchar(255) NOT NULL,
  `status` tinyint(1) NOT NULL,
  `description` text NOT NULL,
  `created_at` timestamp NULL DEFAULT NULL,
  `updated_at` timestamp NULL DEFAULT NULL,
  PRIMARY KEY (`id`)
) ENGINE=InnoDB DEFAULT CHARSET=utf8mb3 COLLATE=utf8mb3_unicode_ci;
/*!40101 SET character_set_client = @saved_cs_client */;

--
-- Dumping data for table `kb_article_template`
--

LOCK TABLES `kb_article_template` WRITE;
/*!40000 ALTER TABLE `kb_article_template` DISABLE KEYS */;
/*!40000 ALTER TABLE `kb_article_template` ENABLE KEYS */;
UNLOCK TABLES;

--
-- Table structure for table `kb_category`
--

DROP TABLE IF EXISTS `kb_category`;
/*!40101 SET @saved_cs_client     = @@character_set_client */;
/*!40101 SET character_set_client = utf8 */;
CREATE TABLE `kb_category` (
  `id` int(10) unsigned NOT NULL AUTO_INCREMENT,
  `name` varchar(255) NOT NULL,
  `slug` varchar(255) NOT NULL,
  `description` text NOT NULL,
  `status` tinyint(1) NOT NULL,
  `parent` int(11) NOT NULL,
  `created_at` timestamp NULL DEFAULT NULL,
  `updated_at` timestamp NULL DEFAULT NULL,
  `display_order` int(11) NOT NULL,
  `visible_to` varchar(255) NOT NULL,
  `is_default` tinyint(1) NOT NULL DEFAULT 0,
  `category_level` bigint(20) unsigned NOT NULL DEFAULT 0,
  PRIMARY KEY (`id`),
  FULLTEXT KEY `name_index` (`name`),
  FULLTEXT KEY `description_index` (`description`),
  FULLTEXT KEY `name_description_index` (`name`,`description`)
) ENGINE=InnoDB AUTO_INCREMENT=2 DEFAULT CHARSET=utf8mb3 COLLATE=utf8mb3_unicode_ci;
/*!40101 SET character_set_client = @saved_cs_client */;

--
-- Dumping data for table `kb_category`
--

LOCK TABLES `kb_category` WRITE;
/*!40000 ALTER TABLE `kb_category` DISABLE KEYS */;
INSERT INTO `kb_category` VALUES (1,'Uncategorized','Uncategorized','Uncategorized',1,0,'2024-10-24 03:58:38','2024-10-24 03:58:38',0,'',1,0);
/*!40000 ALTER TABLE `kb_category` ENABLE KEYS */;
UNLOCK TABLES;

--
-- Table structure for table `kb_comment`
--

DROP TABLE IF EXISTS `kb_comment`;
/*!40101 SET @saved_cs_client     = @@character_set_client */;
/*!40101 SET character_set_client = utf8 */;
CREATE TABLE `kb_comment` (
  `id` int(10) unsigned NOT NULL AUTO_INCREMENT,
  `article_id` int(10) unsigned NOT NULL,
  `name` varchar(255) NOT NULL,
  `email` varchar(255) NOT NULL,
  `website` varchar(255) NOT NULL,
  `comment` varchar(255) NOT NULL,
  `status` tinyint(1) NOT NULL,
  `created_at` timestamp NULL DEFAULT NULL,
  `updated_at` timestamp NULL DEFAULT NULL,
  `profile_pic` varchar(255) DEFAULT NULL,
  PRIMARY KEY (`id`),
  KEY `comment_article_id_foreign` (`article_id`),
  CONSTRAINT `comment_article_id_foreign` FOREIGN KEY (`article_id`) REFERENCES `kb_article` (`id`)
) ENGINE=InnoDB DEFAULT CHARSET=utf8mb3 COLLATE=utf8mb3_unicode_ci;
/*!40101 SET character_set_client = @saved_cs_client */;

--
-- Dumping data for table `kb_comment`
--

LOCK TABLES `kb_comment` WRITE;
/*!40000 ALTER TABLE `kb_comment` DISABLE KEYS */;
/*!40000 ALTER TABLE `kb_comment` ENABLE KEYS */;
UNLOCK TABLES;

--
-- Table structure for table `kb_pages`
--

DROP TABLE IF EXISTS `kb_pages`;
/*!40101 SET @saved_cs_client     = @@character_set_client */;
/*!40101 SET character_set_client = utf8 */;
CREATE TABLE `kb_pages` (
  `id` int(10) unsigned NOT NULL AUTO_INCREMENT,
  `name` varchar(255) NOT NULL,
  `status` tinyint(1) NOT NULL,
  `visibility` tinyint(1) NOT NULL,
  `slug` varchar(255) NOT NULL,
  `description` text NOT NULL,
  `created_at` timestamp NULL DEFAULT NULL,
  `updated_at` timestamp NULL DEFAULT NULL,
  `seo_title` varchar(255) NOT NULL,
  `meta_description` varchar(255) NOT NULL,
  PRIMARY KEY (`id`)
) ENGINE=InnoDB DEFAULT CHARSET=utf8mb3 COLLATE=utf8mb3_unicode_ci;
/*!40101 SET character_set_client = @saved_cs_client */;

--
-- Dumping data for table `kb_pages`
--

LOCK TABLES `kb_pages` WRITE;
/*!40000 ALTER TABLE `kb_pages` DISABLE KEYS */;
/*!40000 ALTER TABLE `kb_pages` ENABLE KEYS */;
UNLOCK TABLES;

--
-- Table structure for table `kb_settings`
--

DROP TABLE IF EXISTS `kb_settings`;
/*!40101 SET @saved_cs_client     = @@character_set_client */;
/*!40101 SET character_set_client = utf8 */;
CREATE TABLE `kb_settings` (
  `id` int(10) unsigned NOT NULL AUTO_INCREMENT,
  `pagination` int(11) NOT NULL,
  `created_at` timestamp NULL DEFAULT NULL,
  `updated_at` timestamp NULL DEFAULT NULL,
  `status` int(11) NOT NULL,
  `date_format` varchar(255) NOT NULL DEFAULT 'MMMM Do YYYY, h:mm:ss a',
  `is_comment_enabled` tinyint(1) NOT NULL DEFAULT 0,
  PRIMARY KEY (`id`)
) ENGINE=InnoDB AUTO_INCREMENT=2 DEFAULT CHARSET=utf8mb3 COLLATE=utf8mb3_unicode_ci;
/*!40101 SET character_set_client = @saved_cs_client */;

--
-- Dumping data for table `kb_settings`
--

LOCK TABLES `kb_settings` WRITE;
/*!40000 ALTER TABLE `kb_settings` DISABLE KEYS */;
INSERT INTO `kb_settings` VALUES (1,10,'2024-10-24 03:58:32','2024-10-24 03:58:32',1,'MMMM Do YYYY, h:mm:ss a',0);
/*!40000 ALTER TABLE `kb_settings` ENABLE KEYS */;
UNLOCK TABLES;

--
-- Table structure for table `kb_track_popular_articles`
--

DROP TABLE IF EXISTS `kb_track_popular_articles`;
/*!40101 SET @saved_cs_client     = @@character_set_client */;
/*!40101 SET character_set_client = utf8 */;
CREATE TABLE `kb_track_popular_articles` (
  `id` bigint(20) unsigned NOT NULL AUTO_INCREMENT,
  `article_id` int(11) NOT NULL,
  `visitor_ip_address` varchar(50) NOT NULL,
  `user_id` int(11) DEFAULT NULL,
  `visits` int(11) NOT NULL DEFAULT 0,
  `created_at` timestamp NULL DEFAULT NULL,
  `updated_at` timestamp NULL DEFAULT NULL,
  PRIMARY KEY (`id`)
) ENGINE=InnoDB DEFAULT CHARSET=utf8mb3 COLLATE=utf8mb3_unicode_ci;
/*!40101 SET character_set_client = @saved_cs_client */;

--
-- Dumping data for table `kb_track_popular_articles`
--

LOCK TABLES `kb_track_popular_articles` WRITE;
/*!40000 ALTER TABLE `kb_track_popular_articles` DISABLE KEYS */;
/*!40000 ALTER TABLE `kb_track_popular_articles` ENABLE KEYS */;
UNLOCK TABLES;

--
-- Table structure for table `labels`
--

DROP TABLE IF EXISTS `labels`;
/*!40101 SET @saved_cs_client     = @@character_set_client */;
/*!40101 SET character_set_client = utf8 */;
CREATE TABLE `labels` (
  `id` int(10) unsigned NOT NULL AUTO_INCREMENT,
  `title` varchar(255) NOT NULL,
  `color` varchar(255) NOT NULL,
  `status` tinyint(1) NOT NULL,
  `order` int(11) NOT NULL,
  `created_at` timestamp NULL DEFAULT NULL,
  `updated_at` timestamp NULL DEFAULT NULL,
  `visible_to` varchar(100) DEFAULT 'agents',
  PRIMARY KEY (`id`)
) ENGINE=InnoDB DEFAULT CHARSET=utf8mb3 COLLATE=utf8mb3_unicode_ci;
/*!40101 SET character_set_client = @saved_cs_client */;

--
-- Dumping data for table `labels`
--

LOCK TABLES `labels` WRITE;
/*!40000 ALTER TABLE `labels` DISABLE KEYS */;
/*!40000 ALTER TABLE `labels` ENABLE KEYS */;
UNLOCK TABLES;

--
-- Table structure for table `languages`
--

DROP TABLE IF EXISTS `languages`;
/*!40101 SET @saved_cs_client     = @@character_set_client */;
/*!40101 SET character_set_client = utf8 */;
CREATE TABLE `languages` (
  `id` int(10) unsigned NOT NULL AUTO_INCREMENT,
  `name` varchar(255) NOT NULL,
  `locale` varchar(255) NOT NULL,
  PRIMARY KEY (`id`)
) ENGINE=InnoDB AUTO_INCREMENT=10 DEFAULT CHARSET=utf8mb3 COLLATE=utf8mb3_unicode_ci;
/*!40101 SET character_set_client = @saved_cs_client */;

--
-- Dumping data for table `languages`
--

LOCK TABLES `languages` WRITE;
/*!40000 ALTER TABLE `languages` DISABLE KEYS */;
INSERT INTO `languages` VALUES (1,'English','en'),(2,'Italian','it'),(3,'German','de'),(4,'French','fr'),(5,'Brazilian Portuguese','pt_BR'),(6,'Dutch','nl'),(7,'Spanish','es'),(8,'Norwegian','nb_NO'),(9,'Danish','da');
/*!40000 ALTER TABLE `languages` ENABLE KEYS */;
UNLOCK TABLES;

--
-- Table structure for table `linked_attachments`
--

DROP TABLE IF EXISTS `linked_attachments`;
/*!40101 SET @saved_cs_client     = @@character_set_client */;
/*!40101 SET character_set_client = utf8 */;
CREATE TABLE `linked_attachments` (
  `id` int(10) unsigned NOT NULL AUTO_INCREMENT,
  `attachment_id` int(10) unsigned NOT NULL,
  `category_id` int(11) NOT NULL,
  `category_type` varchar(255) NOT NULL,
  `created_at` timestamp NULL DEFAULT NULL,
  `updated_at` timestamp NULL DEFAULT NULL,
  PRIMARY KEY (`id`),
  KEY `linked_attachments_attachment_id_foreign` (`attachment_id`),
  CONSTRAINT `linked_attachments_attachment_id_foreign` FOREIGN KEY (`attachment_id`) REFERENCES `attachments` (`id`) ON DELETE CASCADE
) ENGINE=InnoDB DEFAULT CHARSET=utf8mb3 COLLATE=utf8mb3_unicode_ci;
/*!40101 SET character_set_client = @saved_cs_client */;

--
-- Dumping data for table `linked_attachments`
--

LOCK TABLES `linked_attachments` WRITE;
/*!40000 ALTER TABLE `linked_attachments` DISABLE KEYS */;
/*!40000 ALTER TABLE `linked_attachments` ENABLE KEYS */;
UNLOCK TABLES;

--
-- Table structure for table `listener_actions`
--

DROP TABLE IF EXISTS `listener_actions`;
/*!40101 SET @saved_cs_client     = @@character_set_client */;
/*!40101 SET character_set_client = utf8 */;
CREATE TABLE `listener_actions` (
  `id` int(10) unsigned NOT NULL AUTO_INCREMENT,
  `listener_id` int(11) NOT NULL,
  `key` varchar(255) NOT NULL,
  `value` varchar(255) NOT NULL,
  `meta` longtext DEFAULT NULL,
  `created_at` timestamp NULL DEFAULT NULL,
  `updated_at` timestamp NULL DEFAULT NULL,
  `custom_action` longtext DEFAULT NULL,
  PRIMARY KEY (`id`)
) ENGINE=InnoDB DEFAULT CHARSET=utf8mb3 COLLATE=utf8mb3_unicode_ci;
/*!40101 SET character_set_client = @saved_cs_client */;

--
-- Dumping data for table `listener_actions`
--

LOCK TABLES `listener_actions` WRITE;
/*!40000 ALTER TABLE `listener_actions` DISABLE KEYS */;
/*!40000 ALTER TABLE `listener_actions` ENABLE KEYS */;
UNLOCK TABLES;

--
-- Table structure for table `listener_events`
--

DROP TABLE IF EXISTS `listener_events`;
/*!40101 SET @saved_cs_client     = @@character_set_client */;
/*!40101 SET character_set_client = utf8 */;
CREATE TABLE `listener_events` (
  `id` int(10) unsigned NOT NULL AUTO_INCREMENT,
  `listener_id` int(11) NOT NULL,
  `event` varchar(255) NOT NULL,
  `condition` varchar(255) NOT NULL,
  `old` varchar(255) DEFAULT NULL,
  `new` varchar(255) DEFAULT NULL,
  `created_at` timestamp NULL DEFAULT NULL,
  `updated_at` timestamp NULL DEFAULT NULL,
  PRIMARY KEY (`id`)
) ENGINE=InnoDB DEFAULT CHARSET=utf8mb3 COLLATE=utf8mb3_unicode_ci;
/*!40101 SET character_set_client = @saved_cs_client */;

--
-- Dumping data for table `listener_events`
--

LOCK TABLES `listener_events` WRITE;
/*!40000 ALTER TABLE `listener_events` DISABLE KEYS */;
/*!40000 ALTER TABLE `listener_events` ENABLE KEYS */;
UNLOCK TABLES;

--
-- Table structure for table `listener_rules`
--

DROP TABLE IF EXISTS `listener_rules`;
/*!40101 SET @saved_cs_client     = @@character_set_client */;
/*!40101 SET character_set_client = utf8 */;
CREATE TABLE `listener_rules` (
  `id` int(10) unsigned NOT NULL AUTO_INCREMENT,
  `listener_id` int(11) NOT NULL,
  `key` varchar(255) NOT NULL,
  `condition` varchar(255) NOT NULL,
  `value` varchar(255) DEFAULT NULL,
  `created_at` timestamp NULL DEFAULT NULL,
  `updated_at` timestamp NULL DEFAULT NULL,
  `custom_rule` longtext DEFAULT NULL,
  PRIMARY KEY (`id`)
) ENGINE=InnoDB DEFAULT CHARSET=utf8mb3 COLLATE=utf8mb3_unicode_ci;
/*!40101 SET character_set_client = @saved_cs_client */;

--
-- Dumping data for table `listener_rules`
--

LOCK TABLES `listener_rules` WRITE;
/*!40000 ALTER TABLE `listener_rules` DISABLE KEYS */;
/*!40000 ALTER TABLE `listener_rules` ENABLE KEYS */;
UNLOCK TABLES;

--
-- Table structure for table `listeners`
--

DROP TABLE IF EXISTS `listeners`;
/*!40101 SET @saved_cs_client     = @@character_set_client */;
/*!40101 SET character_set_client = utf8 */;
CREATE TABLE `listeners` (
  `id` int(10) unsigned NOT NULL AUTO_INCREMENT,
  `name` varchar(255) NOT NULL,
  `status` int(11) NOT NULL,
  `description` varchar(255) NOT NULL,
  `performed_by` varchar(255) NOT NULL,
  `order` int(11) NOT NULL,
  `rule_match` varchar(255) NOT NULL,
  `created_at` timestamp NULL DEFAULT NULL,
  `updated_at` timestamp NULL DEFAULT NULL,
  PRIMARY KEY (`id`)
) ENGINE=InnoDB DEFAULT CHARSET=utf8mb3 COLLATE=utf8mb3_unicode_ci;
/*!40101 SET character_set_client = @saved_cs_client */;

--
-- Dumping data for table `listeners`
--

LOCK TABLES `listeners` WRITE;
/*!40000 ALTER TABLE `listeners` DISABLE KEYS */;
/*!40000 ALTER TABLE `listeners` ENABLE KEYS */;
UNLOCK TABLES;

--
-- Table structure for table `location`
--

DROP TABLE IF EXISTS `location`;
/*!40101 SET @saved_cs_client     = @@character_set_client */;
/*!40101 SET character_set_client = utf8 */;
CREATE TABLE `location` (
  `id` int(10) unsigned NOT NULL AUTO_INCREMENT,
  `title` varchar(255) NOT NULL,
  `email` varchar(255) DEFAULT NULL,
  `phone` varchar(255) DEFAULT NULL,
  `phone_country_code` varchar(7) DEFAULT NULL,
  `phone_iso` varchar(4) DEFAULT NULL,
  `address` varchar(255) DEFAULT NULL,
  `country_id` int(10) unsigned DEFAULT NULL,
  `state_id` bigint(20) unsigned DEFAULT NULL,
  `pin_code` text DEFAULT NULL,
  `city` text DEFAULT NULL,
  `status` int(11) NOT NULL,
  `created_at` timestamp NULL DEFAULT NULL,
  `updated_at` timestamp NULL DEFAULT NULL,
  `is_default` int(11) NOT NULL,
  `under_deletion` tinyint(1) NOT NULL DEFAULT 0,
  PRIMARY KEY (`id`),
  KEY `location_country_id_foreign` (`country_id`),
  KEY `location_state_id_foreign` (`state_id`),
  CONSTRAINT `location_country_id_foreign` FOREIGN KEY (`country_id`) REFERENCES `country_code` (`id`) ON DELETE SET NULL ON UPDATE CASCADE,
  CONSTRAINT `location_state_id_foreign` FOREIGN KEY (`state_id`) REFERENCES `states` (`id`) ON DELETE SET NULL ON UPDATE CASCADE
) ENGINE=InnoDB AUTO_INCREMENT=4 DEFAULT CHARSET=utf8mb3 COLLATE=utf8mb3_unicode_ci;
/*!40101 SET character_set_client = @saved_cs_client */;

--
-- Dumping data for table `location`
--

LOCK TABLES `location` WRITE;
/*!40000 ALTER TABLE `location` DISABLE KEYS */;
INSERT INTO `location` VALUES (1,'Bangalore',NULL,NULL,NULL,NULL,NULL,NULL,NULL,NULL,NULL,0,'2024-10-24 03:58:32','2024-10-24 03:58:32',0,0),(2,'Delhi',NULL,NULL,NULL,NULL,NULL,NULL,NULL,NULL,NULL,0,'2024-10-24 03:58:32','2024-10-24 03:58:32',0,0),(3,'Kolkata',NULL,NULL,NULL,NULL,NULL,NULL,NULL,NULL,NULL,0,'2024-10-24 03:58:32','2024-10-24 03:58:32',0,0);
/*!40000 ALTER TABLE `location` ENABLE KEYS */;
UNLOCK TABLES;

--
-- Table structure for table `log_categories`
--

DROP TABLE IF EXISTS `log_categories`;
/*!40101 SET @saved_cs_client     = @@character_set_client */;
/*!40101 SET character_set_client = utf8 */;
CREATE TABLE `log_categories` (
  `id` int(10) unsigned NOT NULL AUTO_INCREMENT,
  `name` varchar(255) NOT NULL,
  PRIMARY KEY (`id`)
) ENGINE=InnoDB AUTO_INCREMENT=18 DEFAULT CHARSET=utf8mb3 COLLATE=utf8mb3_unicode_ci;
/*!40101 SET character_set_client = @saved_cs_client */;

--
-- Dumping data for table `log_categories`
--

LOCK TABLES `log_categories` WRITE;
/*!40000 ALTER TABLE `log_categories` DISABLE KEYS */;
INSERT INTO `log_categories` VALUES (1,'ticket-create'),(2,'ticket-reply'),(3,'ticket-update'),(4,'ticket-escalate'),(5,'user-create'),(6,'user-update'),(7,'mail-fetch'),(8,'report'),(9,'rating'),(10,'default'),(11,'mail-send'),(12,'user-deactivation'),(13,'Saml-login'),(14,'SD-Integrations'),(15,'report-scheduling'),(16,'webhook'),(17,'search');
/*!40000 ALTER TABLE `log_categories` ENABLE KEYS */;
UNLOCK TABLES;

--
-- Table structure for table `login_attempts`
--

DROP TABLE IF EXISTS `login_attempts`;
/*!40101 SET @saved_cs_client     = @@character_set_client */;
/*!40101 SET character_set_client = utf8 */;
CREATE TABLE `login_attempts` (
  `id` int(10) unsigned NOT NULL AUTO_INCREMENT,
  `User` varchar(255) NOT NULL,
  `IP` varchar(255) NOT NULL,
  `Attempts` varchar(255) NOT NULL,
  `LastLogin` datetime NOT NULL,
  `created_at` timestamp NULL DEFAULT NULL,
  `updated_at` timestamp NULL DEFAULT NULL,
  PRIMARY KEY (`id`)
) ENGINE=InnoDB AUTO_INCREMENT=2 DEFAULT CHARSET=utf8mb3 COLLATE=utf8mb3_unicode_ci;
/*!40101 SET character_set_client = @saved_cs_client */;

--
-- Dumping data for table `login_attempts`
--

LOCK TABLES `login_attempts` WRITE;
/*!40000 ALTER TABLE `login_attempts` DISABLE KEYS */;
INSERT INTO `login_attempts` VALUES (1,'','','','0000-00-00 00:00:00','2024-10-24 03:58:32','2024-10-24 03:58:32');
/*!40000 ALTER TABLE `login_attempts` ENABLE KEYS */;
UNLOCK TABLES;

--
-- Table structure for table `mail_logs`
--

DROP TABLE IF EXISTS `mail_logs`;
/*!40101 SET @saved_cs_client     = @@character_set_client */;
/*!40101 SET character_set_client = utf8 */;
CREATE TABLE `mail_logs` (
  `id` int(10) unsigned NOT NULL AUTO_INCREMENT,
  `log_category_id` int(10) unsigned NOT NULL,
  `referee_id` varchar(255) NOT NULL,
  `referee_type` varchar(255) NOT NULL,
  `sender_mail` varchar(255) NOT NULL,
  `reciever_mail` varchar(255) NOT NULL,
  `subject` tinyblob NOT NULL,
  `body` longblob DEFAULT NULL,
  `source` varchar(255) NOT NULL,
  `created_at` timestamp NULL DEFAULT NULL,
  `updated_at` timestamp NULL DEFAULT NULL,
  `status` varchar(30) DEFAULT NULL,
  `collaborators` varchar(255) DEFAULT NULL,
  `exception_log_id` bigint(20) DEFAULT NULL,
  `job_payload` longblob DEFAULT NULL,
  PRIMARY KEY (`id`),
  KEY `mail_logs_created_at_index` (`created_at`),
  KEY `mail_logs_updated_at_index` (`updated_at`),
  KEY `log_category_id` (`log_category_id`),
  KEY `status` (`status`),
  KEY `mail_logs_sender_mail_index` (`sender_mail`),
  KEY `mail_logs_reciever_mail_index` (`reciever_mail`)
) ENGINE=InnoDB DEFAULT CHARSET=utf8mb3 COLLATE=utf8mb3_unicode_ci;
/*!40101 SET character_set_client = @saved_cs_client */;

--
-- Dumping data for table `mail_logs`
--

LOCK TABLES `mail_logs` WRITE;
/*!40000 ALTER TABLE `mail_logs` DISABLE KEYS */;
/*!40000 ALTER TABLE `mail_logs` ENABLE KEYS */;
UNLOCK TABLES;

--
-- Table structure for table `mail_services`
--

DROP TABLE IF EXISTS `mail_services`;
/*!40101 SET @saved_cs_client     = @@character_set_client */;
/*!40101 SET character_set_client = utf8 */;
CREATE TABLE `mail_services` (
  `id` int(10) unsigned NOT NULL AUTO_INCREMENT,
  `name` varchar(255) NOT NULL,
  `short_name` varchar(255) NOT NULL,
  `created_at` timestamp NULL DEFAULT NULL,
  `updated_at` timestamp NULL DEFAULT NULL,
  PRIMARY KEY (`id`)
) ENGINE=InnoDB AUTO_INCREMENT=8 DEFAULT CHARSET=utf8mb3 COLLATE=utf8mb3_unicode_ci;
/*!40101 SET character_set_client = @saved_cs_client */;

--
-- Dumping data for table `mail_services`
--

LOCK TABLES `mail_services` WRITE;
/*!40000 ALTER TABLE `mail_services` DISABLE KEYS */;
INSERT INTO `mail_services` VALUES (1,'SMTP','smtp','2024-10-24 03:58:32','2024-10-24 03:58:32'),(2,'Php Mail','mail','2024-10-24 03:58:32','2024-10-24 03:58:32'),(3,'Send Mail','sendmail','2024-10-24 03:58:32','2024-10-24 03:58:32'),(4,'Mailgun','mailgun','2024-10-24 03:58:32','2024-10-24 03:58:32'),(5,'Mandrill','mandrill','2024-10-24 03:58:32','2024-10-24 03:58:32'),(6,'Log file','log','2024-10-24 03:58:32','2024-10-24 03:58:32'),(7,'Mailrelay','mailrelay','2024-10-24 03:58:32','2024-10-24 03:58:32');
/*!40000 ALTER TABLE `mail_services` ENABLE KEYS */;
UNLOCK TABLES;

--
-- Table structure for table `mailbox_protocol`
--

DROP TABLE IF EXISTS `mailbox_protocol`;
/*!40101 SET @saved_cs_client     = @@character_set_client */;
/*!40101 SET character_set_client = utf8 */;
CREATE TABLE `mailbox_protocol` (
  `id` int(10) unsigned NOT NULL AUTO_INCREMENT,
  `name` varchar(255) NOT NULL,
  `value` varchar(50) DEFAULT NULL,
  PRIMARY KEY (`id`)
) ENGINE=InnoDB AUTO_INCREMENT=5 DEFAULT CHARSET=utf8mb3 COLLATE=utf8mb3_unicode_ci;
/*!40101 SET character_set_client = @saved_cs_client */;

--
-- Dumping data for table `mailbox_protocol`
--

LOCK TABLES `mailbox_protocol` WRITE;
/*!40000 ALTER TABLE `mailbox_protocol` DISABLE KEYS */;
INSERT INTO `mailbox_protocol` VALUES (1,'IMAP','/imap'),(2,'IMAP+SSL','/imap/ssl'),(3,'IMAP+TLS','/imap/tls'),(4,'IMAP+SSL/No-validate','/imap/ssl/novalidate-cert');
/*!40000 ALTER TABLE `mailbox_protocol` ENABLE KEYS */;
UNLOCK TABLES;

--
-- Table structure for table `migrate_custom_fields`
--

DROP TABLE IF EXISTS `migrate_custom_fields`;
/*!40101 SET @saved_cs_client     = @@character_set_client */;
/*!40101 SET character_set_client = utf8 */;
CREATE TABLE `migrate_custom_fields` (
  `id` bigint(20) unsigned NOT NULL AUTO_INCREMENT,
  `form_field_id` int(10) unsigned NOT NULL,
  `new_form_field_id` bigint(20) unsigned NOT NULL,
  `activity_logs_replace` tinyint(4) NOT NULL DEFAULT 0,
  `form_id` varchar(255) DEFAULT NULL,
  `group` varchar(255) DEFAULT NULL,
  `group_id` varchar(255) DEFAULT NULL,
  `deleted_at` timestamp NULL DEFAULT NULL,
  `created_at` timestamp NULL DEFAULT NULL,
  `updated_at` timestamp NULL DEFAULT NULL,
  PRIMARY KEY (`id`),
  KEY `migrate_custom_fields_form_field_id_foreign` (`form_field_id`),
  CONSTRAINT `migrate_custom_fields_form_field_id_foreign` FOREIGN KEY (`form_field_id`) REFERENCES `form_fields` (`id`)
) ENGINE=InnoDB DEFAULT CHARSET=utf8mb3 COLLATE=utf8mb3_unicode_ci;
/*!40101 SET character_set_client = @saved_cs_client */;

--
-- Dumping data for table `migrate_custom_fields`
--

LOCK TABLES `migrate_custom_fields` WRITE;
/*!40000 ALTER TABLE `migrate_custom_fields` DISABLE KEYS */;
/*!40000 ALTER TABLE `migrate_custom_fields` ENABLE KEYS */;
UNLOCK TABLES;

--
-- Table structure for table `migrations`
--

DROP TABLE IF EXISTS `migrations`;
/*!40101 SET @saved_cs_client     = @@character_set_client */;
/*!40101 SET character_set_client = utf8 */;
CREATE TABLE `migrations` (
  `id` int(10) unsigned NOT NULL AUTO_INCREMENT,
  `migration` varchar(255) NOT NULL,
  `batch` int(11) NOT NULL,
  PRIMARY KEY (`id`)
) ENGINE=InnoDB AUTO_INCREMENT=604 DEFAULT CHARSET=utf8mb3 COLLATE=utf8mb3_unicode_ci;
/*!40101 SET character_set_client = @saved_cs_client */;

--
-- Dumping data for table `migrations`
--

LOCK TABLES `migrations` WRITE;
/*!40000 ALTER TABLE `migrations` DISABLE KEYS */;
INSERT INTO `migrations` VALUES (1,'2016_02_16_140450_create_banlist_table',1),(2,'2016_02_16_140450_create_canned_response_table',1),(3,'2016_02_16_140450_create_custom_form_fields_table',1),(4,'2016_02_16_140450_create_custom_forms_table',1),(5,'2016_02_16_140450_create_date_format_table',1),(6,'2016_02_16_140450_create_date_time_format_table',1),(7,'2016_02_16_140450_create_department_table',1),(8,'2016_02_16_140450_create_emails_table',1),(9,'2016_02_16_140450_create_group_assign_department_table',1),(10,'2016_02_16_140450_create_groups_table',1),(11,'2016_02_16_140450_create_help_topic_table',1),(12,'2016_02_16_140450_create_kb_article_relationship_table',1),(13,'2016_02_16_140450_create_kb_article_table',1),(14,'2016_02_16_140450_create_kb_category_table',1),(15,'2016_02_16_140450_create_kb_comment_table',1),(16,'2016_02_16_140450_create_kb_pages_table',1),(17,'2016_02_16_140450_create_kb_settings_table',1),(18,'2016_02_16_140450_create_languages_table',1),(19,'2016_02_16_140450_create_log_notification_table',1),(20,'2016_02_16_140450_create_mailbox_protocol_table',1),(21,'2016_02_16_140450_create_organization_table',1),(22,'2016_02_16_140450_create_password_resets_table',1),(23,'2016_02_16_140450_create_plugins_table',1),(24,'2016_02_16_140450_create_settings_auto_response_table',1),(25,'2016_02_16_140450_create_settings_company_table',1),(26,'2016_02_16_140450_create_settings_email_table',1),(27,'2016_02_16_140450_create_settings_ratings_table',1),(28,'2016_02_16_140450_create_settings_system_table',1),(29,'2016_02_16_140450_create_settings_ticket_table',1),(30,'2016_02_16_140450_create_sla_plan_table',1),(31,'2016_02_16_140450_create_team_assign_agent_table',1),(32,'2016_02_16_140450_create_teams_table',1),(33,'2016_02_16_140450_create_template_table',1),(34,'2016_02_16_140450_create_ticket_attachment_table',1),(35,'2016_02_16_140450_create_ticket_collaborator_table',1),(36,'2016_02_16_140450_create_ticket_form_data_table',1),(37,'2016_02_16_140450_create_ticket_priority_table',1),(38,'2016_02_16_140450_create_ticket_source_table',1),(39,'2016_02_16_140450_create_ticket_status_table',1),(40,'2016_02_16_140450_create_ticket_thread_table',1),(41,'2016_02_16_140450_create_tickets_table',1),(42,'2016_02_16_140450_create_time_format_table',1),(43,'2016_02_16_140450_create_timezone_table',1),(44,'2016_02_16_140450_create_user_assign_organization_table',1),(45,'2016_02_16_140450_create_users_table',1),(46,'2016_02_16_140450_create_version_check_table',1),(47,'2016_02_16_140450_create_widgets_table',1),(48,'2016_02_16_140454_add_foreign_keys_to_canned_response_table',1),(49,'2016_02_16_140454_add_foreign_keys_to_department_table',1),(50,'2016_02_16_140454_add_foreign_keys_to_emails_table',1),(51,'2016_02_16_140454_add_foreign_keys_to_group_assign_department_table',1),(52,'2016_02_16_140454_add_foreign_keys_to_help_topic_table',1),(53,'2016_02_16_140454_add_foreign_keys_to_kb_article_relationship_table',1),(54,'2016_02_16_140454_add_foreign_keys_to_kb_comment_table',1),(55,'2016_02_16_140454_add_foreign_keys_to_organization_table',1),(56,'2016_02_16_140454_add_foreign_keys_to_settings_system_table',1),(57,'2016_02_16_140454_add_foreign_keys_to_team_assign_agent_table',1),(58,'2016_02_16_140454_add_foreign_keys_to_teams_table',1),(59,'2016_02_16_140454_add_foreign_keys_to_ticket_attachment_table',1),(60,'2016_02_16_140454_add_foreign_keys_to_ticket_collaborator_table',1),(61,'2016_02_16_140454_add_foreign_keys_to_ticket_form_data_table',1),(62,'2016_02_16_140454_add_foreign_keys_to_ticket_thread_table',1),(63,'2016_02_16_140454_add_foreign_keys_to_tickets_table',1),(64,'2016_02_16_140454_add_foreign_keys_to_user_assign_organization_table',1),(65,'2016_02_16_140454_add_foreign_keys_to_users_table',1),(66,'2016_03_31_061239_create_notifications_table',1),(67,'2016_03_31_061534_create_notification_types_table',1),(68,'2016_03_31_061740_create_user_notification_table',1),(69,'2016_04_18_115852_create_workflow_name_table',1),(70,'2016_04_18_115900_create_workflow_rule_table',1),(71,'2016_04_18_115908_create_workflow_action_table',1),(72,'2016_05_10_102423_create_country_code_table',1),(73,'2016_05_10_102604_create_bar_notifications_table',1),(74,'2016_05_11_105244_create_api_settings_table',1),(75,'2016_05_19_055008_create_workflow_close_table',1),(76,'2016_06_01_000001_create_oauth_auth_codes_table',1),(77,'2016_06_01_000002_create_oauth_access_tokens_table',1),(78,'2016_06_01_000003_create_oauth_refresh_tokens_table',1),(79,'2016_06_01_000004_create_oauth_clients_table',1),(80,'2016_06_01_000005_create_oauth_personal_access_clients_table',1),(81,'2016_06_02_072210_create_common_settings_table',1),(82,'2016_06_02_074913_create_login_attempts_table',1),(83,'2016_06_02_080005_create_ratings_table',1),(84,'2016_06_02_081020_create_rating_ref_table',1),(85,'2016_06_02_090225_create_settings_security_table',1),(86,'2016_06_02_094420_create_template_types_table',1),(87,'2016_06_02_095357_create_ticket_token_table',1),(88,'2016_06_28_141613_version1079table',1),(89,'2016_07_02_051247_create_jobs_table',1),(90,'2016_07_02_051439_create_failed_jobs_table',1),(91,'2016_07_19_071910_create_field_values_table',1),(92,'2016_07_26_084458_create_faveo_mails_table',1),(93,'2016_07_26_090201_create_faveo_queues_table',1),(94,'2016_07_26_094753_create_mail_services_table',1),(95,'2016_07_26_095020_create_queue_services_table',1),(96,'2016_07_29_113012_create_conditions_table',1),(97,'2016_08_08_095744_create_social_media_table',1),(98,'2016_08_12_104410_create_user_additional_infos_table',1),(99,'2016_08_16_104539_alter_ticket_source_table',1),(100,'2016_09_05_140010_create_status_type_table',1),(101,'2016_09_05_140016_alter_status_table',1),(102,'2016_09_07_125906_business_hours_table',1),(103,'2016_09_07_130846_business_schedule_table',1),(104,'2016_09_07_130925_business_schedule_open_custom_time_table',1),(105,'2016_09_07_131000_business_holiday_table',1),(106,'2016_10_07_173423_create_ticket_type_table',1),(107,'2016_10_10_104534_create_labels_table',1),(108,'2016_10_10_113555_create_sla_targets_table',1),(109,'2016_10_10_124120_create_filters_table',1),(110,'2016_10_12_072502_create_tags_table',1),(111,'2016_10_18_085435_create_bills_table',1),(112,'2016_11_07_123810_create_halts_table',1),(113,'2016_12_13_073613_create_department_assign_agents_table',1),(114,'2017_02_02_073016_update_ticket_thread',1),(115,'2017_02_07_104802_update_notification_table',1),(116,'2017_02_09_093019_create_system_portal_table',1),(117,'2017_02_11_072240_create_sla_violated_escalatetable',1),(118,'2017_02_11_074259_create_sla_approach_escalatetable',1),(119,'2017_02_22_075706_update_users_table_22_1_2017',1),(120,'2017_02_23_044150_report_updates',1),(121,'2017_02_25_072334_DepartmentCannedResponse',1),(122,'2017_03_06_074629_notification_update',1),(123,'2017_03_07_073611_alter_tickets_table',1),(124,'2017_03_07_121632_updated_halts',1),(125,'2017_03_10_044621_update_settings_system',1),(126,'2017_03_24_095825_update_job',1),(127,'2017_04_03_063230_update_business_hours',1),(128,'2017_04_03_090919_create_no_assign_escalates_table',1),(129,'2017_04_30_151807_create_update_organization',1),(130,'2017_04_30_192424_create_update_groups',1),(131,'2017_05_05_082718_update_custom_form',1),(132,'2017_05_25_062940_update_ticket_status',1),(133,'2017_06_15_115324_create_email_threads_table',1),(134,'2017_06_16_113453_permision_update',1),(135,'2017_07_04_200732_AlterUserTableForAccountVerification',1),(136,'2017_07_20_115612_create_requireds_table',1),(137,'2017_07_24_102940_update_email_threads',1),(138,'2017_08_01_101844_create_extra_orgs_table',1),(139,'2017_08_07_130239_update_department',1),(140,'2017_08_08_072909_create_agent_type_relations_table',1),(141,'2017_08_12_063307_create_location_table',1),(142,'2017_08_14_054817_add_paid_to_kb_category',1),(143,'2017_08_14_073909_add_location_to_users',1),(144,'2017_08_17_115427_add_apply_sla_helptopic_to_sla_plan',1),(145,'2017_08_18_065645_add_domain_to_organization',1),(146,'2017_08_23_072141_add_apply_sla_orgdepts_to_sla_plan',1),(147,'2017_08_26_090230_create_organization_dept_table',1),(148,'2017_08_28_065405_add_department_to_user_assign_organization',1),(149,'2017_09_02_033151_bill_type_table',1),(150,'2017_09_07_110839_add_nodes_to_departments_table',1),(151,'2017_09_07_110924_add_nodes_to_helptopic_table',1),(152,'2017_09_12_104144_add_descriptin_to_ticket_source',1),(153,'2017_09_13_114806_create_recurs_table',1),(154,'2017_09_13_114826_create_recure_contents_table',1),(155,'2017_09_14_064053_add_location_to_ticket_source',1),(156,'2017_09_14_064205_add_apply_sla_labels_to_sla_plan',1),(157,'2017_09_14_092331_create_kb_article_template_table',1),(158,'2017_09_14_131434_add_template_to_kb_article',1),(159,'2017_09_19_083527_add_sco_to_kb_pages',1),(160,'2017_09_21_063508_alter_social_media_table',1),(161,'2017_09_26_052319_add_linked_departments_in_help_topic',1),(162,'2017_09_29_075059_add_sco_to_kb_article',1),(163,'2017_09_30_100735_add_status_to_kb_settings',1),(164,'2017_10_03_063738_add_serial_key_and_order_number_in_system_setting',1),(165,'2017_10_31_073326_add_is_default_to_location',1),(166,'2017_11_11_081711_create_listeners_table',1),(167,'2017_11_11_081739_create_listener_events_table',1),(168,'2017_11_11_081751_create_listener_rules_table',1),(169,'2017_11_11_081806_create_listener_actions_table',1),(170,'2017_11_23_105805_add_logo_to_organization',1),(171,'2017_12_05_055135_create_team_assign_department_table',1),(172,'2017_12_06_055652_add_order_to_sla_plan',1),(173,'2017_12_06_074424_add_in_app_to_sla_target',1),(174,'2017_12_09_111807_alter_listener_actions',1),(175,'2017_12_09_111905_alter_listener_rules',1),(176,'2017_12_14_093039_add_custom_rule',1),(177,'2017_12_14_093106_add_custom_action',1),(178,'2017_12_29_092541_add_is_default_to_sla_plan',1),(179,'2018_01_02_093934_create_department_assign_manager_table',1),(180,'2018_01_02_172636_create_helptopic_assign_type_table',1),(181,'2018_01_11_072745_rename_kb_article_column',1),(182,'2018_01_11_074226_rename_kb_pages_column',1),(183,'2018_01_15_121625_create_subscribed_users_table',1),(184,'2018_01_15_121833_create_in_app_push_notifications_table',1),(185,'2018_01_26_055048_alter_labels_table',1),(186,'2018_02_16_060521_add_match_rule_column_in_workflow_table',1),(187,'2018_04_06_074050_create_ticket_status_override_table',1),(188,'2018_04_17_083239_add_visible_to_to_kb_article',1),(189,'2018_04_17_185700_alter_user_assign_organization_table',1),(190,'2018_04_24_110724_add_profile_pic_to_kb_comment',1),(191,'2018_04_27_041305_add_datetime_to_kb_settings',1),(192,'2018_04_28_130536_alter_custom_rule_column_make_nullable_in_workflow_rules',1),(193,'2018_04_28_130615_alter_custom_rule_column_make_nullable_in_listener_rules',1),(194,'2018_04_28_130734_alter_custom_rule_column_make_nullable_in_worflow_action',1),(195,'2018_04_28_130820_alter_custom_rule_column_make_nullable_in_listener_action',1),(196,'2018_05_01_051004_add_org_dept_manager_to_organization_dept',1),(197,'2018_05_01_170751_add_service_columns_to_emails',1),(198,'2018_05_28_114843_add_en_auto_assign_column_in_department_table',1),(199,'2018_06_04_071810_alter_emails_table',1),(200,'2018_06_08_070241_add_example_to_country_code',1),(201,'2018_07_01_131928_create_sla_custom_enforcements_fields',1),(202,'2018_07_09_102925_create_reports_table',1),(203,'2018_07_27_070308_create_activity_logs_table',1),(204,'2018_07_30_014930_add_new_inbox_settings_to_settings_ticket',1),(205,'2018_08_16_004121_create_form_categories_table',1),(206,'2018_08_16_115347_create_form_fields_table',1),(207,'2018_08_16_115357_create_form_field_labels_table',1),(208,'2018_08_16_115414_create_form_field_options_table',1),(209,'2018_08_16_124448_create_custom_form_value_table',1),(210,'2018_08_17_095204_alter_status_data_type_common_settings',1),(211,'2018_08_20_083143_add_custom_to_custom_form_value',1),(212,'2018_08_28_054723_create_ticket_rules_table',1),(213,'2018_08_28_054744_create_ticket_actions_table',1),(214,'2018_08_28_054756_create_ticket_workflows_table',1),(215,'2018_08_28_054806_create_ticket_listeners_table',1),(216,'2018_09_03_054808_create_ticket_filters_table',1),(217,'2018_09_03_113219_create_ticket_filter_metas_table',1),(218,'2018_09_03_115529_create_ticket_filter_shareables_table',1),(219,'2018_09_11_114447_add_base_rule_to_ticket_rule',1),(220,'2018_09_20_071459_create_approval_workflows_table',1),(221,'2018_09_20_072143_create_approval_levels_table',1),(222,'2018_09_20_073404_create_approval_level_approvers_table',1),(223,'2018_09_25_045654_add_internal_notes_to_ticket_workflows_table',1),(224,'2018_09_25_050116_add_internal_notes_to_ticket_listeners_table',1),(225,'2018_09_25_055020_add_category_to_ticket_rules_table',1),(226,'2018_09_25_060515_create_ticket_events_table',1),(227,'2018_10_05_064321_create_ticket_action_emails_table',1),(228,'2018_10_09_021450_create_approval_workflow_tickets_table',1),(229,'2018_10_09_021533_create_approval_level_statuses_table',1),(230,'2018_10_09_021548_create_approver_statuses_table',1),(231,'2018_10_09_110747_create_user_types_table',1),(232,'2018_10_10_121039_create_ticket_action_email_user_table',1),(233,'2018_10_16_084837_add_new_columns_to_conditions_table',1),(234,'2018_10_18_005529_add_comment_to_approver_statuses_table',1),(235,'2018_10_19_132628_add_status_columns_to_approval_workflows_table',1),(236,'2018_10_20_080140_create_log_categories_table',1),(237,'2018_10_22_080426_create_cron_logs_table',1),(238,'2018_10_22_080439_create_mail_logs_table',1),(239,'2018_10_22_080454_create_exception_logs_table',1),(240,'2018_10_24_025346_add_status_columns_to_approval_workflow_tickets_table',1),(241,'2018_10_25_113734_alter_tickets_table_add_column_last_estd_duedate',1),(242,'2018_10_31_090326_add_is_edit_visible_to_form_fields_table',1),(243,'2018_10_31_123651_alter_table_reports',1),(244,'2018_11_04_005537_add_category_type_to_form_fields_table',1),(245,'2018_11_15_060602_add_is_active_to_form_fields_table',1),(246,'2018_11_21_115351_add_rating_icon_in_ratings_table',1),(247,'2018_11_26_062439_create_attachments_table',1),(248,'2018_11_26_062543_create_linked_attachments_table',1),(249,'2018_11_27_110014_alter_user_table_phone_number',1),(250,'2018_11_27_122807_add_version_to_plugins_table',1),(251,'2018_12_01_045248_add_is_locked_to_form_fields_table',1),(252,'2018_12_06_073045_alter_id_column_in_workflow_close_table',1),(253,'2018_12_06_084441_add_autoclose_column_in_ticket_status_table',1),(254,'2018_12_07_044150_add_refrence_to_ticket_status_in_workflow_close_table',1),(255,'2018_12_12_061507_add_waiting_time_to_settings_ticket',1),(256,'2019_01_03_025455_alter_mail_logs_body_column',1),(257,'2019_01_09_061632_alter_exception_logs_trace_column',1),(258,'2019_01_11_164353_add_status_to_mail_logs_table',1),(259,'2019_01_11_164622_alter_message_in_exception_logs_table',1),(260,'2019_02_07_120304_create_packages_table',1),(261,'2019_02_09_073630_create_orders_table',1),(262,'2019_02_09_073650_create_user_order_tickets_table',1),(263,'2019_02_11_054748_create_invoices_table',1),(264,'2019_02_11_054800_create_transactions_table',1),(265,'2019_02_11_085033_create_payment_gateways_table',1),(266,'2019_02_15_054920_alter_organization_table_phone_and_address_nullable',1),(267,'2019_02_15_122816_add_location_id_tickets',1),(268,'2019_02_18_122817_alter_user_table_location',1),(269,'2019_02_25_050942_create_table_package_department_link',1),(270,'2019_03_13_090117_add_plugin_name_column_in_template_types',1),(271,'2019_03_14_064450_alter_added_comment_column_to_ticket_status_table',1),(272,'2019_03_19_091103_alter_emails_table_password_column',1),(273,'2019_03_22_053546_add_creator_id_to_tickets_table',1),(274,'2019_03_25_084647_alter_user_types_table_add_column_key',1),(275,'2019_04_01_051423_add_unique_column_to_form_fields_table',1),(276,'2019_04_01_110137_alter_organization_table_internal_notes_column',1),(277,'2019_04_01_133305_add_ticket_status_id_in_approval_workflow_tickets_table',1),(278,'2019_04_11_114608_add_type_user_id_name_and_execution_time_columns_in_recurs_table',1),(279,'2019_05_22_100319_add_value_meta_in_ticket_filter_meta_table',1),(280,'2019_05_29_044747_add_sort_order_to_form_field_options_table',1),(281,'2019_06_05_053332_create_form_groups_table',1),(282,'2019_06_05_053941_add_form_group_id_to_form_fields_table',1),(283,'2019_06_08_054155_create_help_topic_form_group_table',1),(284,'2019_06_08_054208_create_department_form_group_table',1),(285,'2019_06_08_073528_create_form_category_form_group_table',1),(286,'2019_06_08_093008_create_form_field_option_form_group_table',1),(287,'2019_06_12_124848_add_is_deletable_and_is_customizable_column_to_form_fields',1),(288,'2019_06_27_094804_add_is_filterable_column_to_form_fields_table',1),(289,'2019_07_04_084652_alter_kb_article_to_full_text_mode',1),(290,'2019_07_18_120113_remove_gender_column_from_users_table',1),(291,'2019_07_20_080933_update_username_in_users_table',1),(292,'2019_07_29_094015_add_type_column_in_approval_workflows_table',1),(293,'2019_08_06_050305_add_version_column_to_emails_table',1),(294,'2019_08_26_052209_alter_tickets_table_add_response_due_by_column',1),(295,'2019_08_27_064104_create_report_columns_table',1),(296,'2019_09_13_122615_rename_client_input_fild_color_in_system_portal_table',1),(297,'2019_09_13_124545_update_system_portal_table',1),(298,'2019_09_16_100817_alter_users_table_country_code',1),(299,'2019_09_16_121824_alter_ticket_action_emails_table_change_body_column_type',1),(300,'2019_09_30_104727_add_order_and_type_column_to_report_columns_table',1),(301,'2019_10_03_064517_create_backups_table',1),(302,'2019_10_11_055402_create_kb_article_tag_table',1),(303,'2019_10_22_072621_create_user_notification_tokens_table',1),(304,'2019_10_30_113947_create_backup_paths_table',1),(305,'2019_11_21_050957_add_is_manual_duedate_column_to_tickets_table',1),(306,'2019_11_30_034329_add_average_response_time_column_to_tickets_table',1),(307,'2019_12_05_070913_create_ticket_sla_approach_escalate_table',1),(308,'2019_12_05_070935_create_ticket_sla_violated_escalate_table',1),(309,'2019_12_08_235206_create_ticket_slas_table',1),(310,'2019_12_12_055103_add_resolution_due_by_column_to_tickets_table',1),(311,'2019_12_13_092111_add_google2fa_column_to_users',1),(312,'2019_12_19_073025_alter_ticket_thread_table_response_time_column',1),(313,'2019_12_19_073431_alter_tickets_table_resolution_time_column',1),(314,'2020_01_06_065804_create_ticket_sla_metas_table',1),(315,'2020_01_07_065754_add_agent_and_user_config_columns_to_form_fields_table',1),(316,'2020_01_08_030920_add_timestamp_format_to_report_columns_table',1),(317,'2020_01_09_051229_rename_reports_table_to_report_downloads_table',1),(318,'2020_01_09_052730_create_reports_table_new',1),(319,'2020_01_09_060829_add_parent_columns_to_ticket_filters_table',1),(320,'2020_01_13_075456_create_sub_reports_table',1),(321,'2020_01_13_115221_add_sub_report_id_column_to_report_columns_table',1),(322,'2020_01_16_000316_add_report_id_to_report_downloads_table',1),(323,'2020_01_17_081400_alter_tickets_table_to_make_sla_related_columns_nullable',1),(324,'2020_01_18_015838_add_collaborators_to_mail_logs_table',1),(325,'2020_01_19_143402_add_description_column_to_form_field_labels_table',1),(326,'2020_01_28_063634_add_name_column_in_form_categories_table',1),(327,'2020_01_29_021539_create_user_todos_table',1),(328,'2020_02_03_073331_rename_activity_logs_table_to_ticket_activity_logs_table',1),(329,'2020_02_03_074020_alter_ticket_activity_logs_table',1),(330,'2020_02_15_163835_alter_ticket_thread_table',1),(331,'2020_02_21_090110_add_content_id_column_to_ticket_attachment_table',1),(332,'2020_02_24_033238_add_display_on_dashboard_column_to_ticket_filters_table',1),(333,'2020_02_28_065418_alter_ticket_source_table_to_add_default_column',1),(334,'2020_03_02_073028_add_last_login_at_column_in_users_table',1),(335,'2020_03_03_085650_add_status_to_cron_logs_table',1),(336,'2020_03_07_070008_add_exception_log_id_to_mail_logs_table',1),(337,'2020_03_12_112529_add_parent_id_in_tickets_table',1),(338,'2020_03_30_040512_alter_widgets_table_add_type_column',1),(339,'2020_04_02_050957_add_type_column_to_form_groups_table',1),(340,'2020_04_20_113721_add_available_for_fetch_and_last_fetched_at_columns_to_emails_table',1),(341,'2020_04_24_235942_add_indexes_to_tickets_table',1),(342,'2020_04_30_000523_add_icon_columns_to_ticket_filters_table',1),(343,'2020_05_07_095946_create_websockets_statistics_entries_table',1),(344,'2020_05_11_053415_alter_user_table_correct_various_columns_datatype',1),(345,'2020_05_15_025828_optimize_custom_form_value_table',1),(346,'2020_05_20_123349_add_date_time_format_columns_to_settings_system_table',1),(347,'2020_06_18_092739_add_import_identifier_to_users_table',1),(348,'2020_07_01_065026_rename_mobile_otp_verify_column',1),(349,'2020_07_13_125916_add_ticket_number_prefix_column_to_settings_ticket_table',1),(350,'2020_07_16_053351_create_imports_table',1),(351,'2020_08_03_071544_create_third_party_apps_table',1),(352,'2020_08_03_101537_rename_api_enpoint_in_form_fields_table',1),(353,'2020_08_19_053352_alter_labels_table_status_column_type_to_boolean',1),(354,'2020_08_25_053351_alter_ticket_priority_table_status_and_is_default_column_type_to_boolean',1),(355,'2020_08_26_123603_alter_ticket_workflows_table_to_make_internal_note_column_text_from_varchar',1),(356,'2020_09_03_061519_alter_users_table_drop_token_columns',1),(357,'2020_09_08_122217_alter_user_table_add_delete_account_requested_and_processing_account_disabling_column',1),(358,'2020_09_25_121639_create_file_manager_acl_rules_table',1),(359,'2020_09_29_105425_create_file_manager_acl_rules_departments',1),(360,'2020_09_30_073618_create_user_import_maps_table',1),(361,'2020_10_07_103120_alter_file_manager_acl_rules_table_to_add_type',1),(362,'2020_10_08_015815_alter_file_manager_acl_rules_table_to_add_extension_size_timestamp',1),(363,'2020_10_12_080822_alter_team_lead_column_to_team_lead_id_in_teams_table',1),(364,'2020_10_15_103645_create_user_permissions_table',1),(365,'2020_10_15_104236_create_user_permission_table',1),(366,'2020_10_19_065650_alter_settings_ticket_table_to_add_show_user_location_column',1),(367,'2020_10_19_111658_alter_ticket_events_table',1),(368,'2020_10_28_095422_add_iso_column_in_users_table',1),(369,'2020_11_10_104042_alter_common_settings_table',1),(370,'2020_11_10_120418_alter_time_zone_and_time_farmat_column_in_settings_system_table',1),(371,'2020_11_20_122736_create_settings_filesystem_table',1),(372,'2020_11_24_074858_alter_settings_filesystem_table_to_add_public_folder_and_copy_settings',1),(373,'2020_11_26_162237_alter_ticket_activity_logs_table_value_column',1),(374,'2020_12_11_062203_alter_settings_filesystem_table_to_add_files_moved_from_old_private_disk',1),(375,'2020_12_14_075005_alter_file_manager_acl_rules_to_add_visibility_column',1),(376,'2020_12_16_043951_alter_users_table_to_add_profile_pic_driver_column',1),(377,'2020_12_16_053612_alter_organization_table_to_add_logo_driver_column',1),(378,'2020_12_16_062738_alter_settings_company_table_to_add_logo_driver_column',1),(379,'2020_12_16_063009_alter_system_portal_table_to_add_logo_icon_driver_column',1),(380,'2020_12_31_062655_add_is_comment_enabled_to_kb_settings',1),(381,'2020_12_31_064845_add_is_comment_enabled_and_counter_to_kb_article',1),(382,'2020_12_31_080242_add_is_enabled_breadcrumb_to_system_portal',1),(383,'2021_01_12_061154_add_hours_js_format_and_is_active_columns_in_time_format_table',1),(384,'2021_01_12_061333_add_js_format_and_is_active_columns_in_date_format_table',1),(385,'2021_01_21_064230_alter_tickets_table_to_add_parent_ticket_id_column',1),(386,'2021_02_03_113535_create_track_popular_articles',1),(387,'2021_02_18_131043_add_column_to_tags_table',1),(388,'2021_02_23_115146_add_coloumn_to_kb_articles_table',1),(389,'2021_03_01_043028_alter_form_fields_table_to_add_show_description_under_form_field_column',1),(390,'2021_03_05_085630_alter_approval_workflows_table_to_add_is_active_column',1),(391,'2021_03_09_070951_create_state_table',1),(392,'2021_03_09_100500_alter_type_outgoing_email_and_business_hour_and_add_under_deletion_columns_in_department_table',1),(393,'2021_03_09_104134_add_role_column_in_department_assign_agents_table',1),(394,'2021_03_10_062535_add_column_stateid_cityid_pincode_country_id_in_location_table',1),(395,'2021_03_17_043345_alter_filter_table',1),(396,'2021_03_17_070324_alter_ticket_activity_logs_table_add_index_on_ticket_id_column',1),(397,'2021_03_23_094419_add_column_under_deletion_in_ticket_type_table',1),(398,'2021_03_31_084656_add_column_under_deletion_in_ticket_status_table',1),(399,'2021_03_31_115534_add_column_under_deletion_in_ticket_source_table',1),(400,'2021_04_08_100103_alter_visible_to_column_in_labels_table',1),(401,'2021_04_20_000000_create_authentication_log_table',1),(402,'2021_04_27_075417_add_notify_unrecognized_login_to_users',1),(403,'2021_05_26_114047_add_delete_login_logs_older_than_to_settings_security',1),(404,'2021_07_13_183412_drop_unused_template_table',1),(405,'2021_07_19_141750_create_breaklines_table',1),(406,'2021_07_20_090429_alter_form_field_label_to_change_size_of_description_column',1),(407,'2021_07_20_094342_create_notification_channels_table',1),(408,'2021_07_21_104140_alter_template_types_table_add_template_category_column',1),(409,'2021_07_23_120833_add_column_under_deletion_and_change_internal_notes_type_in_help_topic_table',1),(410,'2021_08_03_103550_create_team_department_table',1),(411,'2021_08_03_130124_add_column_under_deletion_in_teams_table',1),(412,'2021_08_04_123425_add_is_2fa_enforced_to_settings_security',1),(413,'2021_08_31_101520_add_admin_sidebar_color_and_agent_sidebar_color_in_system_portal_table',1),(414,'2021_09_13_081924_alter_ratings_table_to_add_extra_columns',1),(415,'2021_09_13_081925_create_rating_feedback_requests_table',1),(416,'2021_09_13_082149_create_rating_additional_questions_table',1),(417,'2021_09_13_100057_create_ratings_morph_table',1),(418,'2021_09_14_083251_add_column_type_in_ticket_filters_table',1),(419,'2021_09_15_045705_create_rating_additional_question_ticket_table',1),(420,'2021_09_27_115338_alter_attachments_table_to_add_morph_relations',1),(421,'2021_09_28_172815_alter_kb_category_table_add_is_default_column',1),(422,'2021_10_07_105818_add_organization_column_to_kb_article_table',1),(423,'2021_10_19_044108_create_versions_table',1),(424,'2021_11_10_044003_rename_priority_id_in_ticket_priority_table',1),(425,'2021_11_10_060020_alter_emails_table_add_inline_as_cids_column',1),(426,'2021_12_09_065542_create_daily_reports_table',1),(427,'2021_12_09_065719_create_daily_report_components_table',1),(428,'2021_12_15_080738_add_autoreminder_columns_to_approval_workflow_table',1),(429,'2021_12_17_052558_alter_ratings_table_to_add_parent_id_column',1),(430,'2021_12_20_101256_add_role_column_in_user_permissions_table',1),(431,'2021_12_22_062150_alter_emails_table_to_add_use_new_imap_package',1),(432,'2021_12_28_105926_alter_rating_feedback_requests_table_to_add_answered_column',1),(433,'2022_01_21_110359_create_comments_table',1),(434,'2022_02_23_074739_add_default_value_to_role_in_user_assign_organization_table',1),(435,'2022_03_03_110140_create_user_backup_codes_table',1),(436,'2022_03_14_104439_add_phone_country_code_and_phone_iso_columns_in_users_table',1),(437,'2022_04_20_063454_add_column_is_private_bucket_enabled_to_settings_filesystem_table',1),(438,'2022_05_06_151305_add_indexing_to_ticket_thread',1),(439,'2022_05_16_111850_create_ticket_department_time_trackings_table',1),(440,'2022_05_26_083931_create_notify_events_table',1),(441,'2022_05_26_084150_create_notify_channels_table',1),(442,'2022_05_26_084340_create_notify_channels_notify_events_table',1),(443,'2022_05_26_084540_create_notify_scenarios_table',1),(444,'2022_05_26_084818_create_notify_persons_table',1),(445,'2022_05_26_085051_create_notify_template_categories_table',1),(446,'2022_05_26_085629_create_notify_shortcodes_table',1),(447,'2022_05_26_085854_create_notify_template_drafts_table',1),(448,'2022_05_26_090013_create_notify_shortcodes_notify_template_drafts_table',1),(449,'2022_05_26_090058_create_notify_scenario_associates_table',1),(450,'2022_05_26_090251_create_notify_template_sets_table',1),(451,'2022_05_26_090422_create_notify_templates_table',1),(452,'2022_05_27_121355_add_category_type_column_to_ticket_workflow_table',1),(453,'2022_05_31_063223_create_notify_base_alerts_settings_table',1),(454,'2022_06_06_044614_create_notify_custom_alert_settings_table',1),(455,'2022_06_15_092650_add_column_ticket_template_id_to_recure_contents_table',1),(456,'2022_06_15_100935_create_ticket_templates_table',1),(457,'2022_06_18_202535_create_export-columns_table',1),(458,'2022_06_20_082223_add_rating_auto_request_field_to_ticket_status_table',1),(459,'2022_06_27_030947_add_category_type_column_to_ticket_listeners_table',1),(460,'2022_06_28_043926_create_inapp_notify_table',1),(461,'2022_06_28_065342_delete_in_app_push_notifications_table',1),(462,'2022_06_28_065416_delete_subscribed_users_table',1),(463,'2022_07_01_074128_add_category_type_to_ticket_slas_table',1),(464,'2022_07_20_074836_add_is_updated_to_settings_system_table',1),(465,'2022_07_23_070907_alter_workflow_close_table_remove_send_mail_column',1),(466,'2022_08_28_103746_alter_users_table_for_adding_deactivation_columns',1),(467,'2022_09_01_101741_add_columns_is_oauth_to_emails',1),(468,'2022_09_05_053312_create_oauth_integrations_table',1),(469,'2022_09_05_091642_create_email_oauth_table',1),(470,'2022_09_15_075605_create_user_assign_labels_table',1),(471,'2022_09_26_061023_create_modules_table',1),(472,'2022_09_26_093116_create_sub_modules_table',1),(473,'2022_09_26_094916_create_user_sub_modules_table',1),(474,'2022_09_29_045906_create_admin_sub_modules',1),(475,'2022_10_03_064616_create_organization_orders_table',1),(476,'2022_10_04_094156_alter_packages_table_add_is_private_column',1),(477,'2022_10_13_000000_add_uuid_to_failed_jobs_table',1),(478,'2022_10_19_050034_create_organisation_assign_labels_table',1),(479,'2022_11_14_075439_add_column_allowed_tickets_period_to_packages_table',1),(480,'2022_11_14_091410_add_column_period_expiry_date_to_orders_table',1),(481,'2022_11_18_070428_add_column_shortcode_to_form_fields_table',1),(482,'2022_11_21_062132_create_ticket_pdf_templates_table',1),(483,'2023_01_09_103819_create_healths_table',1),(484,'2023_01_09_104010_create_health_checks_table',1),(485,'2023_01_17_091537_create_health_system_alerts_table',1),(486,'2023_01_24_103409_create_saml_login_table',1),(487,'2023_01_27_030404_create_activity_log_table',1),(488,'2023_01_27_030405_add_event_column_to_activity_log_table',1),(489,'2023_01_27_030406_add_batch_uuid_column_to_activity_log_table',1),(490,'2023_02_21_062144_create_report_schedule_associates',1),(491,'2023_02_21_062156_create_report_schedule_details',1),(492,'2023_02_22_095644_alter_users_table_to_add_logout_time_coloumn_for_users',1),(493,'2023_02_22_155014_alter_saml_login_table_to_add_logout_time_coloumn',1),(494,'2023_03_16_112242_create_column_module_and_row_id_in_inapp_notify_table',1),(495,'2023_04_03_082334_add_columns_to_reports_table',1),(496,'2023_04_25_071314_create_third_party_applications_table',1),(497,'2023_05_08_075907_create_sessions_table',1),(498,'2023_05_17_082454_alter_packages_table_to_add_month_definition',1),(499,'2023_05_23_095220_create_global_search_filters_table',1),(500,'2023_05_23_095426_create_global_search_preferences_table',1),(501,'2023_06_16_135807_create_export_downloads_table',1),(502,'2023_07_17_103027_add_indexing_to_cron_logs_table',1),(503,'2023_07_17_103037_add_indexing_to_exception_logs_table',1),(504,'2023_07_17_103044_add_indexing_to_mail_logs_table',1),(505,'2023_07_18_113446_change_type_and_length_in_department_table',1),(506,'2023_07_21_074330_add_autoreminder_columns_to_approval_workflow_tickets_table',1),(507,'2023_07_24_055821_add_column_to_third_party_apps_table',1),(508,'2023_07_25_051917_alter_column_type_to_ticket_threads_table',1),(509,'2023_08_02_101134_ticket_mentions',1),(510,'2023_08_03_052557_add_columns_to_attachments_table',1),(511,'2023_08_04_081004_add_channel_id_to_ticket_mentions',1),(512,'2023_08_07_111014_alter_type_to_organization_table',1),(513,'2023_08_12_074357_create_system_activity_log_export_table',1),(514,'2023_08_18_051653_create_cache_table',1),(515,'2023_08_23_074223_create_report_schedule_periods',1),(516,'2023_08_23_075548_create_report_schedule_persons',1),(517,'2023_08_24_100858_add_is_schedule_to_report_downloads',1),(518,'2023_09_04_065522_create_popup_table',1),(519,'2023_09_04_075039_create_popup_users_table',1),(520,'2023_09_05_073954_add_column_default_to_file_manager_acl_rules_table',1),(521,'2023_09_05_075727_create_execution_timestamp_table',1),(522,'2023_09_15_084446_add_column_to_reports_table',1),(523,'2023_09_21_071855_add_columns_to_mail_logs_table',1),(524,'2023_09_22_045316_adding_index_to_mail_logs_table',1),(525,'2023_09_22_045704_adding_index_to_exception_logs_table',1),(526,'2023_09_22_060020_adding_index_to_cron_logs_table',1),(527,'2023_09_27_071027_alter_column_to_settings_company_table',1),(528,'2023_09_27_071100_alter_column_to_system_portal_table',1),(529,'2023_09_27_075005_alter_column_to_users_table',1),(530,'2023_09_28_052247_alter_columns_to_ticket_activity_logs_table',1),(531,'2023_10_09_123750_add_index_to_ticket_thread_table',1),(532,'2023_10_13_082545_add_index_to_ticket_activity_logs_table',1),(533,'2023_10_17_103955_alter_ratings_table_to_add_columns_for_feedback_reminder',1),(534,'2023_10_18_065759_create_ticket_reminders_table',1),(535,'2023_10_19_105927_create_form_category_configs_table',1),(536,'2023_10_26_095639_alter_tickets_table_to_add_category_id_column',1),(537,'2023_10_26_101146_alter_for_category_table_to_add_parent_id_column',1),(538,'2023_11_09_115451_alter_ticket_thread_table_to_change_collation',1),(539,'2023_11_20_063121_alter_tickets_table_to_add_full_text_index',1),(540,'2023_11_21_074647_alter_custom_form_value_change_value_column',1),(541,'2023_11_27_124934_create_websocket_configurations_table',1),(542,'2023_11_28_055521_create_import_progress_table',1),(543,'2023_11_28_055548_create_import_progress_details_table',1),(544,'2023_11_28_113208_add_columns_to_conditions_table',1),(545,'2023_12_05_082509_create_search_drivers_table',1),(546,'2023_12_05_082913_add_provider_column_to_oauth_clients_table',1),(547,'2023_12_14_114845_add_columns_to_settings_ticket_table',1),(548,'2023_12_15_105037_create_ticket_archive_database_setting_table',1),(549,'2023_12_18_094518_create_new_form_categories_table',1),(550,'2023_12_18_113637_create_new_form_sections_table',1),(551,'2023_12_18_113651_create_new_form_fields_table',1),(552,'2023_12_19_114327_create_new_form_field_labels',1),(553,'2024_01_11_112520_alter_attachments_to_add_redaction_columns',1),(554,'2024_01_13_160605_add_updated_by_to_canned_response_table',1),(555,'2024_01_22_062844_add_phone_country_code_and_phone_iso_columns_in_settings_company_table',1),(556,'2024_01_22_062849_add_phone_country_code_and_phone_iso_columns_in_location_table',1),(557,'2024_01_23_095346_create_new_form_field_options_table',1),(558,'2024_01_24_055429_create_new_form_select_options_table',1),(559,'2024_02_05_065017_create_new_custom_form_value_table',1),(560,'2024_02_06_104232_create_fetched_mails_table',1),(561,'2024_02_09_131944_alert_mail_logs_subject_column',1),(562,'2024_02_12_085420_create_field_managers_table',1),(563,'2024_02_14_051343_create_graphical_reports_table',1),(564,'2024_02_14_111003_alter_settings_ticket_to_add_redaction_columns',1),(565,'2024_02_20_071731_alter_settings_security_table_to_add_reset_attempts_column',1),(566,'2024_02_20_085437_alter_password_reset_table_to_add_attempts_related_columns',1),(567,'2024_02_23_073806_create_temporary_redaction_table',1),(568,'2024_02_27_083316_create_oauth_faveo_attributes_table',1),(569,'2024_03_01_092327_add_column_form_category_id_to_tickets_table',1),(570,'2024_03_12_034611_create_user_columns_table',1),(571,'2024_03_13_045421_add_columns_to_authentication_log_table',1),(572,'2024_03_15_050938_add_column_to_settings_ticket_table',1),(573,'2024_03_15_052905_create_new_form_category_associations_table',1),(574,'2024_03_22_071514_alter_report_columns_table',1),(575,'2024_03_27_105543_create_triggers_table',1),(576,'2024_04_15_123244_create_job_batches_table',1),(577,'2024_04_16_171055_alter_settings_filesystem_table_to_add_wkhtmltopdf_path_column',1),(578,'2024_04_18_021951_add_index_to_parent_id_column',1),(579,'2024_04_28_173838_alter_report_columns_table_to_add_user_id_column',1),(580,'2024_05_21_033230_alter_report_columns_table_to_add_indexing',1),(581,'2024_05_27_061152_add_soft_deletes_column_to_custom_form_value_table',1),(582,'2024_05_28_071348_add_status_changed_assigned_at_to_tickets_table',1),(583,'2024_06_01_075346_alter_fetched_mail_table_to_change_content_column_type_as_longblob',1),(584,'2024_06_05_092914_add_indexes_to_mail_logs_table',1),(585,'2024_06_12_055130_add_columns_group_to_new_form_fields_table',1),(586,'2024_06_12_055712_add_column_display_on_navigation_bar_and_is_deletable_to_ticket_filters_table',1),(587,'2024_06_14_102248_alter_ticket_pdf_template_table_to_add_logs_column',1),(588,'2024_06_17_051108_add_columns_to_form_categories_table',1),(589,'2024_06_17_051116_add_columns_to_form_groups_table',1),(590,'2024_06_18_060751_add_columns_to_form_fields_table',1),(591,'2024_06_18_060918_create_migrate_custom_fields_table',1),(592,'2024_06_21_051348_create_notify_encrypter_table',1),(593,'2024_06_30_183720_add_column_is_migrated_to_users_table',1),(594,'2024_06_30_183742_add_column_is_migrated_to_organization_table',1),(595,'2024_07_02_152114_add_display_order_column_to_ticket_filters_table',1),(596,'2024_07_04_071120_add_columns_to_settings_system_table',1),(597,'2024_07_05_095831_add_trigger_count_to_tickets_table',1),(598,'2024_08_01_083631_add_client_button_font_color_column_to_system_portal',1),(599,'2024_08_06_095221_alter_reports_table_to_add_display_order_column',1),(600,'2024_08_08_063620_add_columns_is_migrated_to_tickets_table',1),(601,'2024_08_08_101138_create_sd_asset_component_associations_table',1),(602,'2024_08_27_125333_add_columns_to_new_form_fields_table',1),(603,'2024_09_23_074801_alter_reference_id_column_in_email_threads_table',1);
/*!40000 ALTER TABLE `migrations` ENABLE KEYS */;
UNLOCK TABLES;

--
-- Table structure for table `modules`
--

DROP TABLE IF EXISTS `modules`;
/*!40101 SET @saved_cs_client     = @@character_set_client */;
/*!40101 SET character_set_client = utf8 */;
CREATE TABLE `modules` (
  `id` bigint(20) unsigned NOT NULL AUTO_INCREMENT,
  `key` varchar(255) NOT NULL,
  `description` text NOT NULL,
  `key_url` text DEFAULT NULL,
  `panel` varchar(255) NOT NULL,
  `is_enabled` tinyint(4) NOT NULL DEFAULT 0,
  `created_at` timestamp NULL DEFAULT NULL,
  `updated_at` timestamp NULL DEFAULT NULL,
  PRIMARY KEY (`id`)
) ENGINE=InnoDB AUTO_INCREMENT=2 DEFAULT CHARSET=utf8mb3 COLLATE=utf8mb3_unicode_ci;
/*!40101 SET character_set_client = @saved_cs_client */;

--
-- Dumping data for table `modules`
--

LOCK TABLES `modules` WRITE;
/*!40000 ALTER TABLE `modules` DISABLE KEYS */;
INSERT INTO `modules` VALUES (1,'dashboard','dashboard-description','api/sub-module/1','helpdesk',0,'2024-10-24 03:58:40','2024-10-24 03:58:40');
/*!40000 ALTER TABLE `modules` ENABLE KEYS */;
UNLOCK TABLES;

--
-- Table structure for table `new_custom_form_value`
--

DROP TABLE IF EXISTS `new_custom_form_value`;
/*!40101 SET @saved_cs_client     = @@character_set_client */;
/*!40101 SET character_set_client = utf8 */;
CREATE TABLE `new_custom_form_value` (
  `id` bigint(20) unsigned NOT NULL AUTO_INCREMENT,
  `form_field_id` bigint(20) unsigned NOT NULL,
  `value` longtext NOT NULL,
  `custom_type` varchar(255) NOT NULL,
  `custom_id` bigint(20) unsigned NOT NULL,
  `created_at` timestamp NULL DEFAULT NULL,
  `updated_at` timestamp NULL DEFAULT NULL,
  PRIMARY KEY (`id`),
  KEY `new_custom_form_value_custom_type_custom_id_index` (`custom_type`,`custom_id`),
  KEY `new_custom_form_value_form_field_id_foreign` (`form_field_id`),
  FULLTEXT KEY `new_custom_form_value_value_fulltext` (`value`),
  CONSTRAINT `new_custom_form_value_form_field_id_foreign` FOREIGN KEY (`form_field_id`) REFERENCES `new_form_fields` (`id`)
) ENGINE=InnoDB DEFAULT CHARSET=utf8mb3 COLLATE=utf8mb3_unicode_ci;
/*!40101 SET character_set_client = @saved_cs_client */;

--
-- Dumping data for table `new_custom_form_value`
--

LOCK TABLES `new_custom_form_value` WRITE;
/*!40000 ALTER TABLE `new_custom_form_value` DISABLE KEYS */;
/*!40000 ALTER TABLE `new_custom_form_value` ENABLE KEYS */;
UNLOCK TABLES;

--
-- Table structure for table `new_form_categories`
--

DROP TABLE IF EXISTS `new_form_categories`;
/*!40101 SET @saved_cs_client     = @@character_set_client */;
/*!40101 SET character_set_client = utf8 */;
CREATE TABLE `new_form_categories` (
  `id` bigint(20) unsigned NOT NULL AUTO_INCREMENT,
  `category` varchar(255) NOT NULL,
  `icon_class` varchar(255) DEFAULT NULL,
  `name` varchar(255) DEFAULT NULL,
  `type` varchar(255) DEFAULT NULL,
  `is_public` tinyint(4) NOT NULL DEFAULT 1,
  `is_delete` tinyint(4) NOT NULL DEFAULT 1,
  `is_clone` tinyint(4) NOT NULL DEFAULT 1,
  `is_default` tinyint(4) NOT NULL DEFAULT 0,
  `is_active` tinyint(4) NOT NULL DEFAULT 0,
  `is_multiple` tinyint(4) NOT NULL DEFAULT 0,
  `is_cloned_form` tinyint(4) NOT NULL DEFAULT 0,
  `is_delete_progress` tinyint(4) NOT NULL DEFAULT 0,
  `is_user_form` tinyint(4) NOT NULL DEFAULT 0,
  `created_at` timestamp NULL DEFAULT NULL,
  `updated_at` timestamp NULL DEFAULT NULL,
  PRIMARY KEY (`id`),
  KEY `new_form_categories_type_index` (`type`)
) ENGINE=InnoDB AUTO_INCREMENT=4 DEFAULT CHARSET=utf8mb3 COLLATE=utf8mb3_unicode_ci;
/*!40101 SET character_set_client = @saved_cs_client */;

--
-- Dumping data for table `new_form_categories`
--

LOCK TABLES `new_form_categories` WRITE;
/*!40000 ALTER TABLE `new_form_categories` DISABLE KEYS */;
INSERT INTO `new_form_categories` VALUES (1,'ticket','fa-user-tie','Default Ticket Form','helpdesk',1,0,1,1,1,1,0,0,1,'2024-10-24 03:58:41','2024-10-24 03:58:41'),(2,'requester','fa-user','Requester','helpdesk',1,0,1,1,1,0,0,0,0,'2024-10-24 03:58:41','2024-10-24 03:58:41'),(3,'organisation','fa-building','Organisation','helpdesk',1,0,1,1,1,0,0,0,0,'2024-10-24 03:58:41','2024-10-24 03:58:41');
/*!40000 ALTER TABLE `new_form_categories` ENABLE KEYS */;
UNLOCK TABLES;

--
-- Table structure for table `new_form_category_associations`
--

DROP TABLE IF EXISTS `new_form_category_associations`;
/*!40101 SET @saved_cs_client     = @@character_set_client */;
/*!40101 SET character_set_client = utf8 */;
CREATE TABLE `new_form_category_associations` (
  `id` bigint(20) unsigned NOT NULL AUTO_INCREMENT,
  `category_type` varchar(255) NOT NULL,
  `category_id` bigint(20) unsigned NOT NULL,
  `model_type` varchar(255) NOT NULL,
  `model_id` bigint(20) unsigned NOT NULL,
  `created_at` timestamp NULL DEFAULT NULL,
  `updated_at` timestamp NULL DEFAULT NULL,
  PRIMARY KEY (`id`),
  KEY `new_form_category_associations_category_type_category_id_index` (`category_type`,`category_id`),
  KEY `new_form_category_associations_model_type_model_id_index` (`model_type`,`model_id`)
) ENGINE=InnoDB DEFAULT CHARSET=utf8mb3 COLLATE=utf8mb3_unicode_ci;
/*!40101 SET character_set_client = @saved_cs_client */;

--
-- Dumping data for table `new_form_category_associations`
--

LOCK TABLES `new_form_category_associations` WRITE;
/*!40000 ALTER TABLE `new_form_category_associations` DISABLE KEYS */;
/*!40000 ALTER TABLE `new_form_category_associations` ENABLE KEYS */;
UNLOCK TABLES;

--
-- Table structure for table `new_form_field_labels`
--

DROP TABLE IF EXISTS `new_form_field_labels`;
/*!40101 SET @saved_cs_client     = @@character_set_client */;
/*!40101 SET character_set_client = utf8 */;
CREATE TABLE `new_form_field_labels` (
  `id` bigint(20) unsigned NOT NULL AUTO_INCREMENT,
  `labelable_type` varchar(255) NOT NULL,
  `labelable_id` bigint(20) unsigned NOT NULL,
  `language` varchar(255) NOT NULL DEFAULT 'en',
  `label` text NOT NULL,
  `place_holder` text DEFAULT NULL,
  `description` longtext DEFAULT NULL,
  `created_at` timestamp NULL DEFAULT NULL,
  `updated_at` timestamp NULL DEFAULT NULL,
  PRIMARY KEY (`id`),
  KEY `new_form_field_labels_labelable_type_labelable_id_index` (`labelable_type`,`labelable_id`),
  KEY `new_form_field_labels_language_index` (`language`),
  FULLTEXT KEY `new_form_field_labels_label_fulltext` (`label`)
) ENGINE=InnoDB AUTO_INCREMENT=35 DEFAULT CHARSET=utf8mb3 COLLATE=utf8mb3_unicode_ci;
/*!40101 SET character_set_client = @saved_cs_client */;

--
-- Dumping data for table `new_form_field_labels`
--

LOCK TABLES `new_form_field_labels` WRITE;
/*!40000 ALTER TABLE `new_form_field_labels` DISABLE KEYS */;
INSERT INTO `new_form_field_labels` VALUES (1,'App\\Form\\Models\\FormSection',1,'en','Ticket Properties',NULL,NULL,'2024-10-24 03:58:41','2024-10-24 03:58:41'),(2,'App\\Form\\Models\\FormField',1,'en','Requester',NULL,NULL,'2024-10-24 03:58:41','2024-10-24 03:58:41'),(3,'App\\Form\\Models\\FormField',2,'en','CC',NULL,NULL,'2024-10-24 03:58:41','2024-10-24 03:58:41'),(4,'App\\Form\\Models\\FormField',3,'en','Subject',NULL,NULL,'2024-10-24 03:58:41','2024-10-24 03:58:41'),(5,'App\\Form\\Models\\FormField',4,'en','Status',NULL,NULL,'2024-10-24 03:58:41','2024-10-24 03:58:41'),(6,'App\\Form\\Models\\FormField',5,'en','Priority',NULL,NULL,'2024-10-24 03:58:41','2024-10-24 03:58:41'),(7,'App\\Form\\Models\\FormField',6,'en','Location',NULL,NULL,'2024-10-24 03:58:41','2024-10-24 03:58:41'),(8,'App\\Form\\Models\\FormField',7,'en','Source',NULL,NULL,'2024-10-24 03:58:41','2024-10-24 03:58:41'),(9,'App\\Form\\Models\\FormField',8,'en','Help Topic',NULL,NULL,'2024-10-24 03:58:41','2024-10-24 03:58:41'),(10,'App\\Form\\Models\\FormField',9,'en','Department',NULL,NULL,'2024-10-24 03:58:41','2024-10-24 03:58:41'),(11,'App\\Form\\Models\\FormField',10,'en','Team',NULL,NULL,'2024-10-24 03:58:41','2024-10-24 03:58:41'),(12,'App\\Form\\Models\\FormField',11,'en','Type',NULL,NULL,'2024-10-24 03:58:41','2024-10-24 03:58:41'),(13,'App\\Form\\Models\\FormField',12,'en','Assigned',NULL,NULL,'2024-10-24 03:58:41','2024-10-24 03:58:41'),(14,'App\\Form\\Models\\FormField',13,'en','Description',NULL,NULL,'2024-10-24 03:58:41','2024-10-24 03:58:41'),(15,'App\\Form\\Models\\FormField',14,'en','Select Package',NULL,NULL,'2024-10-24 03:58:41','2024-10-24 03:58:41'),(16,'App\\Form\\Models\\FormSection',2,'en','Requester properties',NULL,NULL,'2024-10-24 03:58:41','2024-10-24 03:58:41'),(17,'App\\Form\\Models\\FormField',15,'en','First Name',NULL,NULL,'2024-10-24 03:58:41','2024-10-24 03:58:41'),(18,'App\\Form\\Models\\FormField',16,'en','Last Name',NULL,NULL,'2024-10-24 03:58:41','2024-10-24 03:58:41'),(19,'App\\Form\\Models\\FormField',17,'en','User Name',NULL,NULL,'2024-10-24 03:58:41','2024-10-24 03:58:41'),(20,'App\\Form\\Models\\FormField',18,'en','Email',NULL,NULL,'2024-10-24 03:58:41','2024-10-24 03:58:41'),(21,'App\\Form\\Models\\FormField',19,'en','Mobile',NULL,NULL,'2024-10-24 03:58:41','2024-10-24 03:58:41'),(22,'App\\Form\\Models\\FormField',20,'en','Address',NULL,NULL,'2024-10-24 03:58:41','2024-10-24 03:58:41'),(23,'App\\Form\\Models\\FormField',21,'en','Organisation',NULL,NULL,'2024-10-24 03:58:41','2024-10-24 03:58:41'),(24,'App\\Form\\Models\\FormField',22,'en','Organisation Department',NULL,NULL,'2024-10-24 03:58:41','2024-10-24 03:58:41'),(25,'App\\Form\\Models\\FormField',23,'en','Labels',NULL,NULL,'2024-10-24 03:58:41','2024-10-24 03:58:41'),(26,'App\\Form\\Models\\FormSection',3,'en','Organisation properties',NULL,NULL,'2024-10-24 03:58:41','2024-10-24 03:58:41'),(27,'App\\Form\\Models\\FormField',24,'en','Organisation Name',NULL,NULL,'2024-10-24 03:58:41','2024-10-24 03:58:41'),(28,'App\\Form\\Models\\FormField',25,'en','Phone',NULL,NULL,'2024-10-24 03:58:41','2024-10-24 03:58:41'),(29,'App\\Form\\Models\\FormField',26,'en','Organisation Domain Name',NULL,'Put domain name without \"http://\" or \"https://\". Example: \"example.com\"','2024-10-24 03:58:41','2024-10-24 03:58:41'),(30,'App\\Form\\Models\\FormField',27,'en','Description',NULL,NULL,'2024-10-24 03:58:41','2024-10-24 03:58:41'),(31,'App\\Form\\Models\\FormField',28,'en','Address',NULL,NULL,'2024-10-24 03:58:41','2024-10-24 03:58:41'),(32,'App\\Form\\Models\\FormField',29,'en','Organisation Logo',NULL,NULL,'2024-10-24 03:58:41','2024-10-24 03:58:41'),(33,'App\\Form\\Models\\FormField',30,'en','Organisation Department',NULL,NULL,'2024-10-24 03:58:41','2024-10-24 03:58:41'),(34,'App\\Form\\Models\\FormField',31,'en','Labels',NULL,NULL,'2024-10-24 03:58:41','2024-10-24 03:58:41');
/*!40000 ALTER TABLE `new_form_field_labels` ENABLE KEYS */;
UNLOCK TABLES;

--
-- Table structure for table `new_form_field_options`
--

DROP TABLE IF EXISTS `new_form_field_options`;
/*!40101 SET @saved_cs_client     = @@character_set_client */;
/*!40101 SET character_set_client = utf8 */;
CREATE TABLE `new_form_field_options` (
  `id` bigint(20) unsigned NOT NULL AUTO_INCREMENT,
  `form_field_id` bigint(20) unsigned NOT NULL,
  `value` varchar(255) DEFAULT NULL,
  `sort_order` int(11) DEFAULT NULL,
  `category_identifier` varchar(255) DEFAULT NULL,
  `created_at` timestamp NULL DEFAULT NULL,
  `updated_at` timestamp NULL DEFAULT NULL,
  PRIMARY KEY (`id`),
  KEY `new_form_field_options_form_field_id_foreign` (`form_field_id`),
  CONSTRAINT `new_form_field_options_form_field_id_foreign` FOREIGN KEY (`form_field_id`) REFERENCES `new_form_fields` (`id`)
) ENGINE=InnoDB DEFAULT CHARSET=utf8mb3 COLLATE=utf8mb3_unicode_ci;
/*!40101 SET character_set_client = @saved_cs_client */;

--
-- Dumping data for table `new_form_field_options`
--

LOCK TABLES `new_form_field_options` WRITE;
/*!40000 ALTER TABLE `new_form_field_options` DISABLE KEYS */;
/*!40000 ALTER TABLE `new_form_field_options` ENABLE KEYS */;
UNLOCK TABLES;

--
-- Table structure for table `new_form_fields`
--

DROP TABLE IF EXISTS `new_form_fields`;
/*!40101 SET @saved_cs_client     = @@character_set_client */;
/*!40101 SET character_set_client = utf8 */;
CREATE TABLE `new_form_fields` (
  `id` bigint(20) unsigned NOT NULL AUTO_INCREMENT,
  `category_type` varchar(255) DEFAULT NULL,
  `category_id` bigint(20) unsigned DEFAULT NULL,
  `key` varchar(255) DEFAULT NULL,
  `title` varchar(255) DEFAULT NULL,
  `data_type` varchar(255) NOT NULL,
  `api_info` varchar(255) DEFAULT NULL,
  `shortcode` varchar(255) DEFAULT NULL,
  `pattern` varchar(255) DEFAULT NULL,
  `validation_message` longtext DEFAULT NULL,
  `sort_order` int(11) DEFAULT NULL,
  `column` varchar(255) NOT NULL DEFAULT 'first',
  `is_active` tinyint(4) NOT NULL DEFAULT 1,
  `apply_form` tinyint(4) NOT NULL DEFAULT 0,
  `create_button` tinyint(4) NOT NULL DEFAULT 0,
  `is_edit_visible` tinyint(4) NOT NULL DEFAULT 1,
  `is_observable` tinyint(4) NOT NULL DEFAULT 1,
  `is_agent_config` tinyint(4) NOT NULL DEFAULT 1,
  `is_user_config` tinyint(4) NOT NULL DEFAULT 0,
  `required_for_agent` tinyint(4) NOT NULL DEFAULT 0,
  `required_for_user` tinyint(4) NOT NULL DEFAULT 0,
  `display_for_agent` tinyint(4) NOT NULL DEFAULT 1,
  `display_for_user` tinyint(4) NOT NULL DEFAULT 1,
  `default` tinyint(4) NOT NULL DEFAULT 0,
  `is_configurable` tinyint(4) NOT NULL DEFAULT 1,
  `is_deletable` tinyint(4) NOT NULL DEFAULT 0,
  `is_filterable` tinyint(4) NOT NULL DEFAULT 1,
  `show_description` tinyint(4) NOT NULL DEFAULT 0,
  `media_option` tinyint(4) NOT NULL DEFAULT 0,
  `request_time_information` tinyint(4) NOT NULL DEFAULT 1,
  `field_type` varchar(255) DEFAULT NULL,
  `field_id` bigint(20) unsigned DEFAULT NULL,
  `enable_extension` tinyint(4) NOT NULL DEFAULT 0,
  `concat_field_type` varchar(255) DEFAULT NULL,
  `concat_field_id` bigint(20) unsigned DEFAULT NULL,
  `category_identifier` varchar(255) DEFAULT NULL,
  `form_category_id` bigint(20) unsigned DEFAULT NULL,
  `created_at` timestamp NULL DEFAULT NULL,
  `updated_at` timestamp NULL DEFAULT NULL,
  `group` varchar(255) DEFAULT NULL,
  `display_on_edit` tinyint(4) NOT NULL DEFAULT 0,
  `required_on_edit` tinyint(4) NOT NULL DEFAULT 0,
  `required_for_closure` tinyint(4) NOT NULL DEFAULT 0,
  PRIMARY KEY (`id`),
  KEY `new_form_fields_category_type_category_id_index` (`category_type`,`category_id`),
  KEY `new_form_fields_field_type_field_id_index` (`field_type`,`field_id`),
  KEY `new_form_fields_concat_field_type_concat_field_id_index` (`concat_field_type`,`concat_field_id`),
  KEY `new_form_fields_form_category_id_foreign` (`form_category_id`),
  KEY `new_form_fields_group_index` (`group`),
  KEY `new_form_fields_display_on_edit_index` (`display_on_edit`),
  KEY `new_form_fields_required_on_edit_index` (`required_on_edit`),
  KEY `new_form_fields_required_for_closure_index` (`required_for_closure`),
  CONSTRAINT `new_form_fields_form_category_id_foreign` FOREIGN KEY (`form_category_id`) REFERENCES `new_form_categories` (`id`) ON DELETE SET NULL
) ENGINE=InnoDB AUTO_INCREMENT=32 DEFAULT CHARSET=utf8mb3 COLLATE=utf8mb3_unicode_ci;
/*!40101 SET character_set_client = @saved_cs_client */;

--
-- Dumping data for table `new_form_fields`
--

LOCK TABLES `new_form_fields` WRITE;
/*!40000 ALTER TABLE `new_form_fields` DISABLE KEYS */;
INSERT INTO `new_form_fields` VALUES (1,'App\\Form\\Models\\FormSection',1,'requester','Requester','api','url:=/api/dependency/users?meta=true;;',NULL,NULL,NULL,1,'first',1,0,0,1,0,1,1,1,1,1,1,1,0,0,1,0,0,1,NULL,NULL,0,NULL,NULL,'ticket',1,'2024-10-24 03:58:41','2024-10-24 03:58:41',NULL,0,0,0),(2,'App\\Form\\Models\\FormSection',1,'cc','CC','multiselect','url:=/api/dependency/users?meta=true;;',NULL,NULL,NULL,2,'first',1,0,0,0,0,1,0,0,0,1,0,1,1,0,1,0,0,1,NULL,NULL,0,NULL,NULL,'ticket',1,'2024-10-24 03:58:41','2024-10-24 03:58:41',NULL,0,0,0),(3,'App\\Form\\Models\\FormSection',1,'subject','Subject','text',NULL,NULL,NULL,NULL,3,'first',1,0,0,1,1,1,1,1,1,1,1,1,1,0,1,0,0,1,NULL,NULL,0,NULL,NULL,'ticket',1,'2024-10-24 03:58:41','2024-10-24 03:58:41',NULL,0,0,0),(4,'App\\Form\\Models\\FormSection',1,'status_id','Status','api','url:=/api/dependency/statuses;;',NULL,NULL,NULL,4,'first',1,0,0,0,1,1,1,0,0,1,0,1,1,0,1,0,0,1,NULL,NULL,0,NULL,NULL,'ticket',1,'2024-10-24 03:58:41','2024-10-24 03:58:41',NULL,0,0,0),(5,'App\\Form\\Models\\FormSection',1,'priority_id','Priority','api','url:=/api/dependency/priorities;;',NULL,NULL,NULL,5,'first',1,0,0,1,1,1,1,1,1,1,1,1,1,0,1,0,0,1,NULL,NULL,0,NULL,NULL,'ticket',1,'2024-10-24 03:58:41','2024-10-24 03:58:41',NULL,0,0,0),(6,'App\\Form\\Models\\FormSection',1,'location_id','Location','api','url:=/api/dependency/locations;;',NULL,NULL,NULL,6,'first',1,0,0,1,1,1,1,0,0,1,0,1,1,0,1,0,0,1,NULL,NULL,0,NULL,NULL,'ticket',1,'2024-10-24 03:58:41','2024-10-24 03:58:41',NULL,0,0,0),(7,'App\\Form\\Models\\FormSection',1,'source_id','Source','api','url:=/api/dependency/sources;;',NULL,NULL,NULL,7,'first',1,0,0,1,1,1,1,0,0,1,0,1,1,0,1,0,0,1,NULL,NULL,0,NULL,NULL,'ticket',1,'2024-10-24 03:58:41','2024-10-24 03:58:41',NULL,0,0,0),(8,'App\\Form\\Models\\FormSection',1,'help_topic_id','Help Topic','api','url:=/api/dependency/help-topics?meta=true;;',NULL,NULL,NULL,8,'first',1,0,0,1,1,1,1,1,1,1,1,1,1,0,1,0,0,1,NULL,NULL,0,NULL,NULL,'ticket',1,'2024-10-24 03:58:41','2024-10-24 03:58:41',NULL,0,0,0),(9,'App\\Form\\Models\\FormSection',1,'department_id','Department','api','url:=/api/dependency/departments?meta=true;;',NULL,NULL,NULL,9,'first',1,0,0,1,1,1,1,0,0,1,0,1,1,0,1,0,0,1,NULL,NULL,0,NULL,NULL,'ticket',1,'2024-10-24 03:58:41','2024-10-24 03:58:41',NULL,0,0,0),(10,'App\\Form\\Models\\FormSection',1,'team_id','Team','api','url:=/api/dependency/teams?meta=true;;',NULL,NULL,NULL,10,'first',1,0,0,1,1,1,0,0,0,0,0,1,1,0,1,0,0,1,NULL,NULL,0,NULL,NULL,'ticket',1,'2024-10-24 03:58:41','2024-10-24 03:58:41',NULL,0,0,0),(11,'App\\Form\\Models\\FormSection',1,'type_id','Type','api','url:=/api/dependency/types;;',NULL,NULL,NULL,11,'first',1,0,0,1,1,1,1,0,0,1,1,1,1,0,1,0,0,1,NULL,NULL,0,NULL,NULL,'ticket',1,'2024-10-24 03:58:41','2024-10-24 03:58:41',NULL,0,0,0),(12,'App\\Form\\Models\\FormSection',1,'assigned_id','Assigned','api','url:=/api/dependency/agents?meta=true;;',NULL,NULL,NULL,12,'first',1,0,0,0,1,1,0,0,0,1,0,1,1,0,1,0,0,1,NULL,NULL,0,NULL,NULL,'ticket',1,'2024-10-24 03:58:41','2024-10-24 03:58:41',NULL,0,0,0),(13,'App\\Form\\Models\\FormSection',1,'description','Description','htmltextarea',NULL,NULL,NULL,NULL,13,'first',1,0,0,0,1,1,1,1,1,1,1,1,1,0,1,0,0,1,NULL,NULL,0,NULL,NULL,'ticket',1,'2024-10-24 03:58:41','2024-10-24 03:58:41',NULL,0,0,0),(14,'App\\Form\\Models\\FormSection',1,'package_order','Select Package','api','url:=/ticket/form/dependancy?dependency=user-packages;;',NULL,NULL,NULL,14,'first',0,0,0,0,0,1,1,0,1,1,1,1,1,0,0,0,0,1,NULL,NULL,0,NULL,NULL,'ticket',1,'2024-10-24 03:58:41','2024-10-24 03:58:41',NULL,0,0,0),(15,'App\\Form\\Models\\FormSection',2,'first_name','First Name','text',NULL,NULL,NULL,NULL,1,'first',1,0,0,1,1,1,1,1,1,1,1,1,0,0,1,0,0,1,NULL,NULL,0,NULL,NULL,'requester',2,'2024-10-24 03:58:41','2024-10-24 03:58:41',NULL,0,0,0),(16,'App\\Form\\Models\\FormSection',2,'last_name','Last Name','text',NULL,NULL,NULL,NULL,2,'first',1,0,0,1,1,1,1,1,1,1,1,1,0,0,1,0,0,1,NULL,NULL,0,NULL,NULL,'requester',2,'2024-10-24 03:58:41','2024-10-24 03:58:41',NULL,0,0,0),(17,'App\\Form\\Models\\FormSection',2,'user_name','User Name','text',NULL,NULL,NULL,NULL,3,'first',1,0,0,1,1,1,1,0,0,1,0,1,1,0,1,0,0,1,NULL,NULL,0,NULL,NULL,'requester',2,'2024-10-24 03:58:41','2024-10-24 03:58:41',NULL,0,0,0),(18,'App\\Form\\Models\\FormSection',2,'email','Email','email',NULL,NULL,NULL,NULL,4,'first',1,0,0,1,1,1,1,1,1,1,1,1,1,0,1,0,0,1,NULL,NULL,0,NULL,NULL,'requester',2,'2024-10-24 03:58:41','2024-10-24 03:58:41',NULL,0,0,0),(19,'App\\Form\\Models\\FormSection',2,'mobile','Mobile','mobile',NULL,NULL,NULL,NULL,5,'first',1,0,0,1,1,1,1,0,0,1,0,1,1,0,1,0,0,1,NULL,NULL,0,NULL,NULL,'requester',2,'2024-10-24 03:58:41','2024-10-24 03:58:41',NULL,0,0,0),(20,'App\\Form\\Models\\FormSection',2,'address','Address','textarea',NULL,NULL,NULL,NULL,6,'first',1,0,0,1,1,1,1,0,0,1,0,1,1,0,1,0,0,1,NULL,NULL,0,NULL,NULL,'requester',2,'2024-10-24 03:58:41','2024-10-24 03:58:41',NULL,0,0,0),(21,'App\\Form\\Models\\FormSection',2,'organisation','Organisation','multiselect','url:=/api/dependency/organizations;;',NULL,NULL,NULL,7,'first',1,0,0,1,1,1,1,0,0,1,0,1,1,0,1,0,0,1,NULL,NULL,0,NULL,NULL,'requester',2,'2024-10-24 03:58:41','2024-10-24 03:58:41',NULL,0,0,0),(22,'App\\Form\\Models\\FormSection',2,'organisation_department','Organisation Department','multiselect','url:=/api/dependency/organisation-departments;;',NULL,NULL,NULL,8,'first',0,0,0,1,1,1,1,0,0,1,0,1,1,0,1,0,0,1,NULL,NULL,0,NULL,NULL,'requester',2,'2024-10-24 03:58:41','2024-10-24 03:58:41',NULL,0,0,0),(23,'App\\Form\\Models\\FormSection',2,'label_ids','Labels','multiselect','url:=api/dependency/labels;;',NULL,NULL,NULL,9,'first',1,0,0,1,1,1,0,0,0,0,0,1,1,0,1,0,0,1,NULL,NULL,0,NULL,NULL,'requester',2,'2024-10-24 03:58:41','2024-10-24 03:58:41',NULL,0,0,0),(24,'App\\Form\\Models\\FormSection',3,'organisation_name','Organisation Name','text',NULL,NULL,NULL,NULL,1,'first',1,0,0,1,1,1,0,1,0,1,1,1,1,0,1,0,0,1,NULL,NULL,0,NULL,NULL,'organisation',3,'2024-10-24 03:58:41','2024-10-24 03:58:41',NULL,0,0,0),(25,'App\\Form\\Models\\FormSection',3,'phone','Phone','mobile',NULL,NULL,NULL,NULL,2,'first',1,0,0,1,1,1,0,1,0,1,1,1,1,0,1,0,0,1,NULL,NULL,0,NULL,NULL,'organisation',3,'2024-10-24 03:58:41','2024-10-24 03:58:41',NULL,0,0,0),(26,'App\\Form\\Models\\FormSection',3,'organisation_domain_name','Organisation Domain Name','taggable',NULL,NULL,NULL,NULL,3,'first',1,0,0,1,1,1,0,0,0,1,1,1,1,0,1,0,0,1,NULL,NULL,0,NULL,NULL,'organisation',3,'2024-10-24 03:58:41','2024-10-24 03:58:41',NULL,0,0,0),(27,'App\\Form\\Models\\FormSection',3,'description','Description','textarea',NULL,NULL,NULL,NULL,4,'first',1,0,0,1,1,1,0,0,0,1,1,1,1,0,1,0,0,1,NULL,NULL,0,NULL,NULL,'organisation',3,'2024-10-24 03:58:41','2024-10-24 03:58:41',NULL,0,0,0),(28,'App\\Form\\Models\\FormSection',3,'address','Address','textarea',NULL,NULL,NULL,NULL,5,'first',1,0,0,1,1,1,0,0,0,1,1,1,1,0,1,0,0,1,NULL,NULL,0,NULL,NULL,'organisation',3,'2024-10-24 03:58:41','2024-10-24 03:58:41',NULL,0,0,0),(29,'App\\Form\\Models\\FormSection',3,'organisation_logo','Organisation Logo','file',NULL,NULL,NULL,NULL,6,'first',1,0,0,1,1,1,0,0,0,1,1,1,1,0,1,0,0,1,NULL,NULL,0,NULL,NULL,'organisation',3,'2024-10-24 03:58:41','2024-10-24 03:58:41',NULL,0,0,0),(30,'App\\Form\\Models\\FormSection',3,'organisation_department','Organisation Department','taggable','url:=/api/dependency/organisation-departments;;',NULL,NULL,NULL,7,'first',0,0,0,1,1,1,0,0,0,1,1,1,1,0,1,0,0,1,NULL,NULL,0,NULL,NULL,'organisation',3,'2024-10-24 03:58:41','2024-10-24 03:58:41',NULL,0,0,0),(31,'App\\Form\\Models\\FormSection',3,'orglabel_ids','Labels','multiselect','url:=api/dependency/labels;;',NULL,NULL,NULL,8,'first',1,0,0,1,1,1,0,0,0,1,1,1,1,0,1,0,0,1,NULL,NULL,0,NULL,NULL,'organisation',3,'2024-10-24 03:58:41','2024-10-24 03:58:41',NULL,0,0,0);
/*!40000 ALTER TABLE `new_form_fields` ENABLE KEYS */;
UNLOCK TABLES;

--
-- Table structure for table `new_form_sections`
--

DROP TABLE IF EXISTS `new_form_sections`;
/*!40101 SET @saved_cs_client     = @@character_set_client */;
/*!40101 SET character_set_client = utf8 */;
CREATE TABLE `new_form_sections` (
  `id` bigint(20) unsigned NOT NULL AUTO_INCREMENT,
  `category_type` varchar(255) NOT NULL,
  `category_id` bigint(20) unsigned NOT NULL,
  `key` varchar(255) DEFAULT NULL,
  `title` text DEFAULT NULL,
  `sort_order` int(11) DEFAULT NULL,
  `data_type` varchar(255) DEFAULT 'section',
  `field_type` varchar(255) DEFAULT NULL,
  `field_id` bigint(20) unsigned DEFAULT NULL,
  `created_at` timestamp NULL DEFAULT NULL,
  `updated_at` timestamp NULL DEFAULT NULL,
  PRIMARY KEY (`id`),
  KEY `new_form_sections_category_type_category_id_index` (`category_type`,`category_id`),
  KEY `new_form_sections_field_type_field_id_index` (`field_type`,`field_id`)
) ENGINE=InnoDB AUTO_INCREMENT=4 DEFAULT CHARSET=utf8mb3 COLLATE=utf8mb3_unicode_ci;
/*!40101 SET character_set_client = @saved_cs_client */;

--
-- Dumping data for table `new_form_sections`
--

LOCK TABLES `new_form_sections` WRITE;
/*!40000 ALTER TABLE `new_form_sections` DISABLE KEYS */;
INSERT INTO `new_form_sections` VALUES (1,'App\\Form\\Models\\FormCategory',1,'ticket_properties','Ticket Properties',1,'section',NULL,NULL,'2024-10-24 03:58:41','2024-10-24 03:58:41'),(2,'App\\Form\\Models\\FormCategory',2,'requester_properties','Requester properties',1,'section',NULL,NULL,'2024-10-24 03:58:41','2024-10-24 03:58:41'),(3,'App\\Form\\Models\\FormCategory',3,'organisation_properties','Organisation properties',1,'section',NULL,NULL,'2024-10-24 03:58:41','2024-10-24 03:58:41');
/*!40000 ALTER TABLE `new_form_sections` ENABLE KEYS */;
UNLOCK TABLES;

--
-- Table structure for table `new_form_select_options`
--

DROP TABLE IF EXISTS `new_form_select_options`;
/*!40101 SET @saved_cs_client     = @@character_set_client */;
/*!40101 SET character_set_client = utf8 */;
CREATE TABLE `new_form_select_options` (
  `id` bigint(20) unsigned NOT NULL AUTO_INCREMENT,
  `category_type` varchar(255) NOT NULL,
  `category_id` bigint(20) unsigned NOT NULL,
  `value` varchar(255) NOT NULL,
  `sort_order` int(11) DEFAULT NULL,
  `category_identifier` varchar(255) DEFAULT NULL,
  `created_at` timestamp NULL DEFAULT NULL,
  `updated_at` timestamp NULL DEFAULT NULL,
  PRIMARY KEY (`id`),
  KEY `new_form_select_options_category_type_category_id_index` (`category_type`,`category_id`)
) ENGINE=InnoDB DEFAULT CHARSET=utf8mb3 COLLATE=utf8mb3_unicode_ci;
/*!40101 SET character_set_client = @saved_cs_client */;

--
-- Dumping data for table `new_form_select_options`
--

LOCK TABLES `new_form_select_options` WRITE;
/*!40000 ALTER TABLE `new_form_select_options` DISABLE KEYS */;
/*!40000 ALTER TABLE `new_form_select_options` ENABLE KEYS */;
UNLOCK TABLES;

--
-- Table structure for table `no_assign_escalate`
--

DROP TABLE IF EXISTS `no_assign_escalate`;
/*!40101 SET @saved_cs_client     = @@character_set_client */;
/*!40101 SET character_set_client = utf8 */;
CREATE TABLE `no_assign_escalate` (
  `id` int(10) unsigned NOT NULL AUTO_INCREMENT,
  `sla_plan` int(11) NOT NULL,
  `escalate_time` varchar(255) NOT NULL,
  `escalate_type` varchar(255) NOT NULL,
  `escalate_person` varchar(255) NOT NULL,
  `created_at` timestamp NULL DEFAULT NULL,
  `updated_at` timestamp NULL DEFAULT NULL,
  PRIMARY KEY (`id`)
) ENGINE=InnoDB DEFAULT CHARSET=utf8mb3 COLLATE=utf8mb3_unicode_ci;
/*!40101 SET character_set_client = @saved_cs_client */;

--
-- Dumping data for table `no_assign_escalate`
--

LOCK TABLES `no_assign_escalate` WRITE;
/*!40000 ALTER TABLE `no_assign_escalate` DISABLE KEYS */;
/*!40000 ALTER TABLE `no_assign_escalate` ENABLE KEYS */;
UNLOCK TABLES;

--
-- Table structure for table `notification_channels`
--

DROP TABLE IF EXISTS `notification_channels`;
/*!40101 SET @saved_cs_client     = @@character_set_client */;
/*!40101 SET character_set_client = utf8 */;
CREATE TABLE `notification_channels` (
  `id` int(10) unsigned NOT NULL AUTO_INCREMENT,
  `channel_name` varchar(100) NOT NULL,
  `icon` varchar(100) NOT NULL,
  `description` text DEFAULT NULL,
  `system_default` tinyint(1) NOT NULL DEFAULT 0,
  `created_at` timestamp NULL DEFAULT NULL,
  `updated_at` timestamp NULL DEFAULT NULL,
  PRIMARY KEY (`id`)
) ENGINE=InnoDB DEFAULT CHARSET=utf8mb3 COLLATE=utf8mb3_unicode_ci;
/*!40101 SET character_set_client = @saved_cs_client */;

--
-- Dumping data for table `notification_channels`
--

LOCK TABLES `notification_channels` WRITE;
/*!40000 ALTER TABLE `notification_channels` DISABLE KEYS */;
/*!40000 ALTER TABLE `notification_channels` ENABLE KEYS */;
UNLOCK TABLES;

--
-- Table structure for table `notifications`
--

DROP TABLE IF EXISTS `notifications`;
/*!40101 SET @saved_cs_client     = @@character_set_client */;
/*!40101 SET character_set_client = utf8 */;
CREATE TABLE `notifications` (
  `id` int(10) unsigned NOT NULL AUTO_INCREMENT,
  `message` varchar(255) NOT NULL,
  `by` varchar(255) NOT NULL,
  `to` varchar(255) NOT NULL,
  `seen` varchar(255) NOT NULL,
  `table` varchar(255) DEFAULT NULL,
  `row_id` int(11) DEFAULT NULL,
  `url` varchar(255) DEFAULT NULL,
  `created_at` timestamp NULL DEFAULT NULL,
  `updated_at` timestamp NULL DEFAULT NULL,
  PRIMARY KEY (`id`)
) ENGINE=InnoDB DEFAULT CHARSET=utf8mb3 COLLATE=utf8mb3_unicode_ci;
/*!40101 SET character_set_client = @saved_cs_client */;

--
-- Dumping data for table `notifications`
--

LOCK TABLES `notifications` WRITE;
/*!40000 ALTER TABLE `notifications` DISABLE KEYS */;
/*!40000 ALTER TABLE `notifications` ENABLE KEYS */;
UNLOCK TABLES;

--
-- Table structure for table `notify_base_alerts_settings`
--

DROP TABLE IF EXISTS `notify_base_alerts_settings`;
/*!40101 SET @saved_cs_client     = @@character_set_client */;
/*!40101 SET character_set_client = utf8 */;
CREATE TABLE `notify_base_alerts_settings` (
  `id` int(10) unsigned NOT NULL AUTO_INCREMENT,
  `base_id` int(10) unsigned NOT NULL,
  `channel_id` int(10) unsigned NOT NULL,
  `created_at` timestamp NULL DEFAULT NULL,
  `updated_at` timestamp NULL DEFAULT NULL,
  PRIMARY KEY (`id`),
  KEY `notify_base_alerts_settings_base_id_foreign` (`base_id`),
  KEY `notify_base_alerts_settings_channel_id_foreign` (`channel_id`),
  CONSTRAINT `notify_base_alerts_settings_base_id_foreign` FOREIGN KEY (`base_id`) REFERENCES `notify_scenario_associates` (`id`) ON DELETE CASCADE,
  CONSTRAINT `notify_base_alerts_settings_channel_id_foreign` FOREIGN KEY (`channel_id`) REFERENCES `notify_channels` (`id`) ON DELETE CASCADE
) ENGINE=InnoDB AUTO_INCREMENT=102 DEFAULT CHARSET=utf8mb3 COLLATE=utf8mb3_unicode_ci;
/*!40101 SET character_set_client = @saved_cs_client */;

--
-- Dumping data for table `notify_base_alerts_settings`
--

LOCK TABLES `notify_base_alerts_settings` WRITE;
/*!40000 ALTER TABLE `notify_base_alerts_settings` DISABLE KEYS */;
INSERT INTO `notify_base_alerts_settings` VALUES (1,2,1,'2024-10-24 03:58:38','2024-10-24 03:58:38'),(2,2,2,'2024-10-24 03:58:38','2024-10-24 03:58:38'),(3,5,1,'2024-10-24 03:58:38','2024-10-24 03:58:38'),(4,5,2,'2024-10-24 03:58:38','2024-10-24 03:58:38'),(5,6,1,'2024-10-24 03:58:38','2024-10-24 03:58:38'),(6,7,1,'2024-10-24 03:58:38','2024-10-24 03:58:38'),(7,8,1,'2024-10-24 03:58:38','2024-10-24 03:58:38'),(8,9,1,'2024-10-24 03:58:38','2024-10-24 03:58:38'),(9,11,1,'2024-10-24 03:58:38','2024-10-24 03:58:38'),(10,11,2,'2024-10-24 03:58:38','2024-10-24 03:58:38'),(11,14,1,'2024-10-24 03:58:38','2024-10-24 03:58:38'),(12,14,2,'2024-10-24 03:58:38','2024-10-24 03:58:38'),(13,15,1,'2024-10-24 03:58:38','2024-10-24 03:58:38'),(14,15,2,'2024-10-24 03:58:38','2024-10-24 03:58:38'),(15,16,1,'2024-10-24 03:58:38','2024-10-24 03:58:38'),(16,19,1,'2024-10-24 03:58:38','2024-10-24 03:58:38'),(17,19,2,'2024-10-24 03:58:38','2024-10-24 03:58:38'),(18,22,1,'2024-10-24 03:58:38','2024-10-24 03:58:38'),(19,22,2,'2024-10-24 03:58:38','2024-10-24 03:58:38'),(20,23,1,'2024-10-24 03:58:38','2024-10-24 03:58:38'),(21,23,2,'2024-10-24 03:58:38','2024-10-24 03:58:38'),(22,24,1,'2024-10-24 03:58:38','2024-10-24 03:58:38'),(23,26,1,'2024-10-24 03:58:38','2024-10-24 03:58:38'),(24,26,2,'2024-10-24 03:58:38','2024-10-24 03:58:38'),(25,28,2,'2024-10-24 03:58:38','2024-10-24 03:58:38'),(26,29,2,'2024-10-24 03:58:38','2024-10-24 03:58:38'),(27,30,1,'2024-10-24 03:58:38','2024-10-24 03:58:38'),(28,32,1,'2024-10-24 03:58:38','2024-10-24 03:58:38'),(29,32,2,'2024-10-24 03:58:38','2024-10-24 03:58:38'),(30,35,1,'2024-10-24 03:58:38','2024-10-24 03:58:38'),(31,35,2,'2024-10-24 03:58:38','2024-10-24 03:58:38'),(32,36,1,'2024-10-24 03:58:38','2024-10-24 03:58:38'),(33,37,1,'2024-10-24 03:58:38','2024-10-24 03:58:38'),(34,37,2,'2024-10-24 03:58:38','2024-10-24 03:58:38'),(35,40,1,'2024-10-24 03:58:38','2024-10-24 03:58:38'),(36,40,2,'2024-10-24 03:58:38','2024-10-24 03:58:38'),(37,43,1,'2024-10-24 03:58:38','2024-10-24 03:58:38'),(38,43,2,'2024-10-24 03:58:38','2024-10-24 03:58:38'),(39,44,1,'2024-10-24 03:58:38','2024-10-24 03:58:38'),(40,44,2,'2024-10-24 03:58:38','2024-10-24 03:58:38'),(41,45,1,'2024-10-24 03:58:38','2024-10-24 03:58:38'),(42,48,1,'2024-10-24 03:58:39','2024-10-24 03:58:39'),(43,48,2,'2024-10-24 03:58:39','2024-10-24 03:58:39'),(44,50,1,'2024-10-24 03:58:39','2024-10-24 03:58:39'),(45,50,2,'2024-10-24 03:58:39','2024-10-24 03:58:39'),(46,52,1,'2024-10-24 03:58:39','2024-10-24 03:58:39'),(47,52,2,'2024-10-24 03:58:39','2024-10-24 03:58:39'),(48,54,1,'2024-10-24 03:58:39','2024-10-24 03:58:39'),(49,54,2,'2024-10-24 03:58:39','2024-10-24 03:58:39'),(50,57,1,'2024-10-24 03:58:39','2024-10-24 03:58:39'),(51,57,2,'2024-10-24 03:58:39','2024-10-24 03:58:39'),(52,58,1,'2024-10-24 03:58:39','2024-10-24 03:58:39'),(53,58,2,'2024-10-24 03:58:39','2024-10-24 03:58:39'),(54,74,1,'2024-10-24 03:58:39','2024-10-24 03:58:39'),(55,75,1,'2024-10-24 03:58:39','2024-10-24 03:58:39'),(56,77,1,'2024-10-24 03:58:39','2024-10-24 03:58:39'),(57,77,2,'2024-10-24 03:58:39','2024-10-24 03:58:39'),(58,78,1,'2024-10-24 03:58:39','2024-10-24 03:58:39'),(59,78,2,'2024-10-24 03:58:39','2024-10-24 03:58:39'),(60,79,1,'2024-10-24 03:58:39','2024-10-24 03:58:39'),(61,79,2,'2024-10-24 03:58:39','2024-10-24 03:58:39'),(62,80,1,'2024-10-24 03:58:39','2024-10-24 03:58:39'),(63,81,1,'2024-10-24 03:58:39','2024-10-24 03:58:39'),(64,82,1,'2024-10-24 03:58:39','2024-10-24 03:58:39'),(65,82,2,'2024-10-24 03:58:39','2024-10-24 03:58:39'),(66,83,1,'2024-10-24 03:58:39','2024-10-24 03:58:39'),(67,84,1,'2024-10-24 03:58:39','2024-10-24 03:58:39'),(68,85,1,'2024-10-24 03:58:39','2024-10-24 03:58:39'),(69,85,2,'2024-10-24 03:58:39','2024-10-24 03:58:39'),(70,96,1,'2024-10-24 03:58:40','2024-10-24 03:58:40'),(71,96,2,'2024-10-24 03:58:40','2024-10-24 03:58:40'),(72,99,1,'2024-10-24 03:58:40','2024-10-24 03:58:40'),(73,99,2,'2024-10-24 03:58:40','2024-10-24 03:58:40'),(74,103,1,'2024-10-24 03:58:40','2024-10-24 03:58:40'),(75,103,2,'2024-10-24 03:58:40','2024-10-24 03:58:40'),(76,108,1,'2024-10-24 03:58:40','2024-10-24 03:58:40'),(77,108,2,'2024-10-24 03:58:40','2024-10-24 03:58:40'),(78,109,1,'2024-10-24 03:58:40','2024-10-24 03:58:40'),(79,109,2,'2024-10-24 03:58:40','2024-10-24 03:58:40'),(80,110,1,'2024-10-24 03:58:40','2024-10-24 03:58:40'),(81,112,1,'2024-10-24 03:58:40','2024-10-24 03:58:40'),(82,112,2,'2024-10-24 03:58:40','2024-10-24 03:58:40'),(83,115,1,'2024-10-24 03:58:40','2024-10-24 03:58:40'),(84,115,2,'2024-10-24 03:58:40','2024-10-24 03:58:40'),(85,116,1,'2024-10-24 03:58:40','2024-10-24 03:58:40'),(86,117,1,'2024-10-24 03:58:40','2024-10-24 03:58:40'),(87,117,2,'2024-10-24 03:58:40','2024-10-24 03:58:40'),(88,120,1,'2024-10-24 03:58:40','2024-10-24 03:58:40'),(89,120,2,'2024-10-24 03:58:40','2024-10-24 03:58:40'),(90,123,1,'2024-10-24 03:58:40','2024-10-24 03:58:40'),(91,123,2,'2024-10-24 03:58:40','2024-10-24 03:58:40'),(92,124,1,'2024-10-24 03:58:40','2024-10-24 03:58:40'),(93,124,2,'2024-10-24 03:58:40','2024-10-24 03:58:40'),(94,125,1,'2024-10-24 03:58:40','2024-10-24 03:58:40'),(95,126,1,'2024-10-24 03:58:40','2024-10-24 03:58:40'),(96,127,1,'2024-10-24 03:58:40','2024-10-24 03:58:40'),(97,128,1,'2024-10-24 03:58:40','2024-10-24 03:58:40'),(98,128,2,'2024-10-24 03:58:40','2024-10-24 03:58:40'),(99,129,1,'2024-10-24 03:58:40','2024-10-24 03:58:40'),(100,129,2,'2024-10-24 03:58:40','2024-10-24 03:58:40'),(101,84,2,'2024-10-24 03:58:41','2024-10-24 03:58:41');
/*!40000 ALTER TABLE `notify_base_alerts_settings` ENABLE KEYS */;
UNLOCK TABLES;

--
-- Table structure for table `notify_channels`
--

DROP TABLE IF EXISTS `notify_channels`;
/*!40101 SET @saved_cs_client     = @@character_set_client */;
/*!40101 SET character_set_client = utf8 */;
CREATE TABLE `notify_channels` (
  `id` int(10) unsigned NOT NULL AUTO_INCREMENT,
  `channel` varchar(50) NOT NULL,
  `lang_key` varchar(100) NOT NULL,
  `desc_lang_key` varchar(100) NOT NULL,
  `icon` varchar(100) NOT NULL,
  `system_default` tinyint(1) NOT NULL DEFAULT 0,
  `template_types` enum('short','long') NOT NULL DEFAULT 'long',
  `event_listener_class` varchar(255) NOT NULL,
  `plugin_name` varchar(255) DEFAULT NULL,
  `created_at` timestamp NULL DEFAULT NULL,
  `updated_at` timestamp NULL DEFAULT NULL,
  PRIMARY KEY (`id`),
  UNIQUE KEY `notify_channels_channel_unique` (`channel`)
) ENGINE=InnoDB AUTO_INCREMENT=3 DEFAULT CHARSET=utf8mb3 COLLATE=utf8mb3_unicode_ci;
/*!40101 SET character_set_client = @saved_cs_client */;

--
-- Dumping data for table `notify_channels`
--

LOCK TABLES `notify_channels` WRITE;
/*!40000 ALTER TABLE `notify_channels` DISABLE KEYS */;
INSERT INTO `notify_channels` VALUES (1,'email','email_lang_key','email_notification_channel_template_description','fas fa-envelope',0,'long','App\\Events\\NotifyToEmail',NULL,'2024-10-24 03:58:38','2024-10-24 03:58:38'),(2,'in-app','in-app_lang_key','in_app_desc_key','far fa-bell',0,'short','App\\Events\\NotifyToInApp',NULL,'2024-10-24 03:58:38','2024-10-24 03:58:38');
/*!40000 ALTER TABLE `notify_channels` ENABLE KEYS */;
UNLOCK TABLES;

--
-- Table structure for table `notify_channels_notify_events`
--

DROP TABLE IF EXISTS `notify_channels_notify_events`;
/*!40101 SET @saved_cs_client     = @@character_set_client */;
/*!40101 SET character_set_client = utf8 */;
CREATE TABLE `notify_channels_notify_events` (
  `id` int(10) unsigned NOT NULL AUTO_INCREMENT,
  `event_id` int(10) unsigned NOT NULL,
  `channel_id` int(10) unsigned NOT NULL,
  `created_at` timestamp NULL DEFAULT NULL,
  `updated_at` timestamp NULL DEFAULT NULL,
  PRIMARY KEY (`id`),
  KEY `notify_channels_notify_events_event_id_foreign` (`event_id`),
  KEY `notify_channels_notify_events_channel_id_foreign` (`channel_id`),
  CONSTRAINT `notify_channels_notify_events_channel_id_foreign` FOREIGN KEY (`channel_id`) REFERENCES `notify_channels` (`id`) ON DELETE CASCADE,
  CONSTRAINT `notify_channels_notify_events_event_id_foreign` FOREIGN KEY (`event_id`) REFERENCES `notify_events` (`id`) ON DELETE CASCADE
) ENGINE=InnoDB AUTO_INCREMENT=47 DEFAULT CHARSET=utf8mb3 COLLATE=utf8mb3_unicode_ci;
/*!40101 SET character_set_client = @saved_cs_client */;

--
-- Dumping data for table `notify_channels_notify_events`
--

LOCK TABLES `notify_channels_notify_events` WRITE;
/*!40000 ALTER TABLE `notify_channels_notify_events` DISABLE KEYS */;
INSERT INTO `notify_channels_notify_events` VALUES (1,1,1,NULL,NULL),(2,1,2,NULL,NULL),(3,2,1,NULL,NULL),(4,2,2,NULL,NULL),(5,3,1,NULL,NULL),(6,3,2,NULL,NULL),(7,4,1,NULL,NULL),(8,5,1,NULL,NULL),(9,5,2,NULL,NULL),(10,6,1,NULL,NULL),(11,6,2,NULL,NULL),(12,7,1,NULL,NULL),(13,7,2,NULL,NULL),(14,8,1,NULL,NULL),(15,8,2,NULL,NULL),(16,9,1,NULL,NULL),(17,9,2,NULL,NULL),(18,10,1,NULL,NULL),(19,11,1,NULL,NULL),(20,12,1,NULL,NULL),(21,12,2,NULL,NULL),(22,13,1,NULL,NULL),(23,13,2,NULL,NULL),(24,14,1,NULL,NULL),(25,15,1,NULL,NULL),(26,16,1,NULL,NULL),(27,16,2,NULL,NULL),(28,17,1,NULL,NULL),(29,18,1,NULL,NULL),(30,18,2,NULL,NULL),(31,19,1,NULL,NULL),(32,19,2,NULL,NULL),(33,20,1,NULL,NULL),(34,20,2,NULL,NULL),(35,21,1,NULL,NULL),(36,21,2,NULL,NULL),(37,22,1,NULL,NULL),(38,22,2,NULL,NULL),(39,23,1,NULL,NULL),(40,23,2,NULL,NULL),(41,24,1,NULL,NULL),(43,25,1,NULL,NULL),(44,25,2,NULL,NULL),(45,26,1,NULL,NULL),(46,26,2,NULL,NULL);
/*!40000 ALTER TABLE `notify_channels_notify_events` ENABLE KEYS */;
UNLOCK TABLES;

--
-- Table structure for table `notify_custom_alert_settings`
--

DROP TABLE IF EXISTS `notify_custom_alert_settings`;
/*!40101 SET @saved_cs_client     = @@character_set_client */;
/*!40101 SET character_set_client = utf8 */;
CREATE TABLE `notify_custom_alert_settings` (
  `id` int(10) unsigned NOT NULL AUTO_INCREMENT,
  `base_id` int(10) unsigned NOT NULL,
  `custom_id` int(11) NOT NULL,
  `custom_type` varchar(255) NOT NULL,
  `sub_condition` varchar(255) DEFAULT NULL,
  `channel_id` int(10) unsigned NOT NULL,
  `created_at` timestamp NULL DEFAULT NULL,
  `updated_at` timestamp NULL DEFAULT NULL,
  PRIMARY KEY (`id`),
  KEY `notify_custom_alert_settings_base_id_foreign` (`base_id`),
  KEY `notify_custom_alert_settings_channel_id_foreign` (`channel_id`),
  CONSTRAINT `notify_custom_alert_settings_base_id_foreign` FOREIGN KEY (`base_id`) REFERENCES `notify_scenario_associates` (`id`) ON DELETE CASCADE,
  CONSTRAINT `notify_custom_alert_settings_channel_id_foreign` FOREIGN KEY (`channel_id`) REFERENCES `notify_channels` (`id`) ON DELETE CASCADE
) ENGINE=InnoDB AUTO_INCREMENT=77 DEFAULT CHARSET=utf8mb3 COLLATE=utf8mb3_unicode_ci;
/*!40101 SET character_set_client = @saved_cs_client */;

--
-- Dumping data for table `notify_custom_alert_settings`
--

LOCK TABLES `notify_custom_alert_settings` WRITE;
/*!40000 ALTER TABLE `notify_custom_alert_settings` DISABLE KEYS */;
INSERT INTO `notify_custom_alert_settings` VALUES (1,64,1,'',NULL,1,'2024-10-24 03:58:39','2024-10-24 03:58:39'),(2,59,1,'',NULL,1,'2024-10-24 03:58:39','2024-10-24 03:58:39'),(3,65,1,'',NULL,1,'2024-10-24 03:58:39','2024-10-24 03:58:39'),(4,64,3,'',NULL,1,'2024-10-24 03:58:39','2024-10-24 03:58:39'),(5,59,3,'',NULL,1,'2024-10-24 03:58:39','2024-10-24 03:58:39'),(6,65,3,'',NULL,1,'2024-10-24 03:58:39','2024-10-24 03:58:39'),(7,64,7,'',NULL,1,'2024-10-24 03:58:39','2024-10-24 03:58:39'),(8,59,7,'',NULL,1,'2024-10-24 03:58:39','2024-10-24 03:58:39'),(9,65,7,'',NULL,1,'2024-10-24 03:58:39','2024-10-24 03:58:39'),(10,64,8,'',NULL,1,'2024-10-24 03:58:39','2024-10-24 03:58:39'),(11,59,8,'',NULL,1,'2024-10-24 03:58:39','2024-10-24 03:58:39'),(12,65,8,'',NULL,1,'2024-10-24 03:58:39','2024-10-24 03:58:39'),(13,66,1,'',NULL,1,'2024-10-24 03:58:39','2024-10-24 03:58:39'),(14,66,1,'',NULL,2,'2024-10-24 03:58:39','2024-10-24 03:58:39'),(15,67,1,'',NULL,1,'2024-10-24 03:58:39','2024-10-24 03:58:39'),(16,67,1,'',NULL,2,'2024-10-24 03:58:39','2024-10-24 03:58:39'),(17,68,1,'',NULL,1,'2024-10-24 03:58:39','2024-10-24 03:58:39'),(18,68,1,'',NULL,2,'2024-10-24 03:58:39','2024-10-24 03:58:39'),(19,69,1,'',NULL,1,'2024-10-24 03:58:39','2024-10-24 03:58:39'),(20,69,1,'',NULL,2,'2024-10-24 03:58:39','2024-10-24 03:58:39'),(21,70,1,'',NULL,1,'2024-10-24 03:58:39','2024-10-24 03:58:39'),(22,70,1,'',NULL,2,'2024-10-24 03:58:39','2024-10-24 03:58:39'),(23,71,1,'',NULL,1,'2024-10-24 03:58:39','2024-10-24 03:58:39'),(24,71,1,'',NULL,2,'2024-10-24 03:58:39','2024-10-24 03:58:39'),(25,72,1,'',NULL,1,'2024-10-24 03:58:39','2024-10-24 03:58:39'),(26,72,1,'',NULL,2,'2024-10-24 03:58:39','2024-10-24 03:58:39'),(27,73,1,'',NULL,1,'2024-10-24 03:58:39','2024-10-24 03:58:39'),(28,73,1,'',NULL,2,'2024-10-24 03:58:39','2024-10-24 03:58:39'),(29,66,2,'',NULL,1,'2024-10-24 03:58:39','2024-10-24 03:58:39'),(30,66,2,'',NULL,2,'2024-10-24 03:58:39','2024-10-24 03:58:39'),(31,67,2,'',NULL,1,'2024-10-24 03:58:39','2024-10-24 03:58:39'),(32,67,2,'',NULL,2,'2024-10-24 03:58:39','2024-10-24 03:58:39'),(33,68,2,'',NULL,1,'2024-10-24 03:58:39','2024-10-24 03:58:39'),(34,68,2,'',NULL,2,'2024-10-24 03:58:39','2024-10-24 03:58:39'),(35,69,2,'',NULL,1,'2024-10-24 03:58:39','2024-10-24 03:58:39'),(36,69,2,'',NULL,2,'2024-10-24 03:58:39','2024-10-24 03:58:39'),(37,70,2,'',NULL,1,'2024-10-24 03:58:39','2024-10-24 03:58:39'),(38,70,2,'',NULL,2,'2024-10-24 03:58:39','2024-10-24 03:58:39'),(39,71,2,'',NULL,1,'2024-10-24 03:58:39','2024-10-24 03:58:39'),(40,71,2,'',NULL,2,'2024-10-24 03:58:39','2024-10-24 03:58:39'),(41,72,2,'',NULL,1,'2024-10-24 03:58:39','2024-10-24 03:58:39'),(42,72,2,'',NULL,2,'2024-10-24 03:58:39','2024-10-24 03:58:39'),(43,73,2,'',NULL,1,'2024-10-24 03:58:39','2024-10-24 03:58:39'),(44,73,2,'',NULL,2,'2024-10-24 03:58:39','2024-10-24 03:58:39'),(45,66,3,'',NULL,1,'2024-10-24 03:58:39','2024-10-24 03:58:39'),(46,66,3,'',NULL,2,'2024-10-24 03:58:39','2024-10-24 03:58:39'),(47,67,3,'',NULL,1,'2024-10-24 03:58:39','2024-10-24 03:58:39'),(48,67,3,'',NULL,2,'2024-10-24 03:58:39','2024-10-24 03:58:39'),(49,68,3,'',NULL,1,'2024-10-24 03:58:39','2024-10-24 03:58:39'),(50,68,3,'',NULL,2,'2024-10-24 03:58:39','2024-10-24 03:58:39'),(51,69,3,'',NULL,1,'2024-10-24 03:58:39','2024-10-24 03:58:39'),(52,69,3,'',NULL,2,'2024-10-24 03:58:39','2024-10-24 03:58:39'),(53,70,3,'',NULL,1,'2024-10-24 03:58:39','2024-10-24 03:58:39'),(54,70,3,'',NULL,2,'2024-10-24 03:58:39','2024-10-24 03:58:39'),(55,71,3,'',NULL,1,'2024-10-24 03:58:39','2024-10-24 03:58:39'),(56,71,3,'',NULL,2,'2024-10-24 03:58:39','2024-10-24 03:58:39'),(57,72,3,'',NULL,1,'2024-10-24 03:58:39','2024-10-24 03:58:39'),(58,72,3,'',NULL,2,'2024-10-24 03:58:39','2024-10-24 03:58:39'),(59,73,3,'',NULL,1,'2024-10-24 03:58:39','2024-10-24 03:58:39'),(60,73,3,'',NULL,2,'2024-10-24 03:58:39','2024-10-24 03:58:39'),(61,66,4,'',NULL,1,'2024-10-24 03:58:39','2024-10-24 03:58:39'),(62,66,4,'',NULL,2,'2024-10-24 03:58:39','2024-10-24 03:58:39'),(63,67,4,'',NULL,1,'2024-10-24 03:58:39','2024-10-24 03:58:39'),(64,67,4,'',NULL,2,'2024-10-24 03:58:39','2024-10-24 03:58:39'),(65,68,4,'',NULL,1,'2024-10-24 03:58:39','2024-10-24 03:58:39'),(66,68,4,'',NULL,2,'2024-10-24 03:58:39','2024-10-24 03:58:39'),(67,69,4,'',NULL,1,'2024-10-24 03:58:39','2024-10-24 03:58:39'),(68,69,4,'',NULL,2,'2024-10-24 03:58:39','2024-10-24 03:58:39'),(69,70,4,'',NULL,1,'2024-10-24 03:58:39','2024-10-24 03:58:39'),(70,70,4,'',NULL,2,'2024-10-24 03:58:39','2024-10-24 03:58:39'),(71,71,4,'',NULL,1,'2024-10-24 03:58:39','2024-10-24 03:58:39'),(72,71,4,'',NULL,2,'2024-10-24 03:58:39','2024-10-24 03:58:39'),(73,72,4,'',NULL,1,'2024-10-24 03:58:39','2024-10-24 03:58:39'),(74,72,4,'',NULL,2,'2024-10-24 03:58:39','2024-10-24 03:58:39'),(75,73,4,'',NULL,1,'2024-10-24 03:58:39','2024-10-24 03:58:39'),(76,73,4,'',NULL,2,'2024-10-24 03:58:39','2024-10-24 03:58:39');
/*!40000 ALTER TABLE `notify_custom_alert_settings` ENABLE KEYS */;
UNLOCK TABLES;

--
-- Table structure for table `notify_encrypter`
--

DROP TABLE IF EXISTS `notify_encrypter`;
/*!40101 SET @saved_cs_client     = @@character_set_client */;
/*!40101 SET character_set_client = utf8 */;
CREATE TABLE `notify_encrypter` (
  `id` bigint(20) unsigned NOT NULL AUTO_INCREMENT,
  `who` varchar(255) NOT NULL,
  `what` blob NOT NULL,
  `how` blob NOT NULL,
  `why` blob NOT NULL,
  `created_at` timestamp NULL DEFAULT NULL,
  `updated_at` timestamp NULL DEFAULT NULL,
  PRIMARY KEY (`id`)
) ENGINE=InnoDB AUTO_INCREMENT=5 DEFAULT CHARSET=utf8mb3 COLLATE=utf8mb3_unicode_ci;
/*!40101 SET character_set_client = @saved_cs_client */;

--
-- Dumping data for table `notify_encrypter`
--

LOCK TABLES `notify_encrypter` WRITE;
/*!40000 ALTER TABLE `notify_encrypter` DISABLE KEYS */;
INSERT INTO `notify_encrypter` VALUES (1,'alpha','rRkBVqt3J3nDSw/3BuDSBaex+aJeBhijmMICSoupeaYvokFSPGYN8+SZUBDebVYN','03/A4HXQNlSlhE6keHVD2/UUW/gcHuG37GZbETSxexdXjAwcnkC7qeVv6qM5LfzK14CjmMrClw+HkxEw+xn18m+ZIGn3fPMaZLEbtL+nfcCdcbBdOTUvk/4Fwt2Suk6KdKuzNwSZfjGLHDIHqkeEkQ==','mserzny+SyWYyHZmeCtmBejDHL4Fxo9onwCPuXoU9Cm7aT2DhL81k8JaJNeQ0o94W1YO4nIY+nUn+l3nbDVRpKA2VMfilsjUGjGxxYFBCUKITpo4aSMMtDWMLf21luNr','2024-10-24 03:58:41','2024-10-24 03:58:41'),(2,'beta','yogbntjRcvcBGC0/H+KzJ9xmGsmsh65SCGL4ibFD+fE3CE2GXEjaHAXb7CSbzlRCe0fsbr1Q0Fkyr9I89bXXH0fd+Cn7+cVs7qZkMI46m9vN1FxZ/cgKlLgvbgos6lfB9ou5RVSJooHf2y0uOOlo7vP4ZpMnObzTflyXveuCV5z12ebceVeDYii716eUFPrETgu4CRp97ENu46GWGenRwqE/ldZWm0/zosi+HDa2zUimvT9EAz6MHr5+zNrKUYdSXQsOEN3LyV5P1+4ODK5IVwC4TSBP6+DYkhltibMqmJoekyVh/WK4lhSlZeMsxGiL8B7HcIHgubW45uEWwfPlt09jTpoUlMN7sHSC4nZHHYtfScgDjRo4xTHwQgkT8f8jtJGhKdmZszAWNGXmnHwAY1z1TSz+RdledoRuP0F7sC13ijNEmZbpspcfcLdCIgQ9ob1Y+rHD2iylmIH4U46FJaphyzqOCj+R4f5v4wqGlLUoHZZ1QWOuSOcfXWr5mMjGwxzPGkrnEEgOpqxZApdOXkp9quFvDV1TumMWSV9I/d6ikxk7Ux6EYo414jAthfxp4xsuYt9lycN+OSDp0VhdeOgCMTXDQ6/zgZOj46P78V9cOmjS3sXHxVwQgj/kwGiqaKfjP8vjcseAD4vR48JGEGEN92/ZXz+cWAULByjz0VMz+OESItSUJ8Mt8GyiaO5anqyBgIMFdeQlfhWFWaoF7sm0DD5BbHGN1tcw42SR9P0x3utsjVbhZhxt+5WfUoOotLNLY4ilO9aStV4tb6SNSpVJFgVlrDuYyutQp5wKkyDbTax0690UPDmz1HRWsHIDT90nnYOPJY+sF7sP1gpmZcH/aLRpm8X2nVlU1Wl3cAx1bH3mUYL9PW/CPl08ORv6sFUzuePR6lD6Js7RPZXoonePwAQ0+q5GdarHhjqckgua+I33SXshZcFJzwz7Jefx41q6sLwJd31XLYDOJ66BOjbkt+PA/Kzme0XEzp0E4jFdjRlREm2u5QJ4JG7977Rmt3y914djmQRsbcYFB5eQvz+AdFJpw5U10moc/E5zFAljSmT83VDDbI6Vj8mk+x1Cv1Ctp6wpZcVoXvbWrW2J3UJed2rYIQDX/m4dqbjbCl6qNlsaHNHusFCXMpRmgtigvNeuvaLZrk8qxN1ATmQPO9A+9/K/muawmfGlDQ9qn1hY67vMwHuyrgEY85iyGz0lnDhITki7uwMVk45IeS+DkwdgNibaXDRyUhlRHV5/gmu11lVXfqIt7mI9PIgNoxinHBsVJmHp2jPiOS8wajY0u0walzxGSJWLTVKwofN1m0fnGz9lM2+J2saH/hOpZr09qflpuCFVfzZr9kMganhDkGF5G7idSo7/4PgHQ08tK5PSJpjxG7HIRKGpaYZlMBpfSzOouPu/rzG9H5T0yCTlNvqDs2m2szN9G8JZpzcdOuleca/DE7tdo2JF/9XBtsTgSNwynVM2OrJWf5AuBiU22a7bk5w5b5VkJT96byqp28e5zpN5HnK0DJOhrvrhefyRMTqIAluJRp7Ce8hKxm2W+/MNLTVyIrWrYE5CreAZQ2qY0M6cJJ8pIeh5Jg6Q19iqU74QaAH062f8QZBmESe9w07K0oZJeYtOI74cjCknZlrjtmqaohEIfIEcNdwNJ0HK9yh/rJKJhQ9ZsvI7/BLKxQZbv5iBxGpgqCIVMv/H31kgvDIbm3AGaRyWCKjZQaUg413nn1Z9QhpOEBCneesurQ6i5/o5LvtLMwjbyz0RSsMVbWMdkIRx7gB3sgYe27NqjgQp5/kisMeP2s8GEUcETdfMvlgjTgAB1Jl7U2GcCkNkmmNIp1kn8Wdii0rAcRFI525K6/3VaZuTIKQBCSeNp4AA69YmYDJZUG9xNeNf3qtNaJnbFq53w/CwUpNM40ym62hftlwRRc9KowS9bg2Pa0dXpUZQcbhbX1j5M6ejVxslpEge7Jq1tOnHr2CBDUSjVxYZARLlSF7mVsPqUouFGfTypsqK/FHZNZABOM9YVp8K/wrOBsSdWQuFQDujfcTl0B0rfxbCXcehwISCOkt2S8fm7awBauydPui36jCWmg/QFLAA1RcLE1ipn2AHrp3pqhspnneqRpwdYvJuFYYPyVRvP9H1BqddhPpV7Oyd0hn9L1s1DmR5UBARfbcuNEj8TFQzPS0YeQP9hrRvEHZ/JciNNoUXR4RGqjDhITDrrOtFCgtLtUCJqsvf0GIYvuYs0aWn1+RHvqqF3k35hp1vl3iXhRFPHtRDm78ZJpM9SpBqitWi7BSw8esINmk2KMoQ6dw+bKFLie0XHiXXpRzhbHIT2yTKsbmvLK6R8nYRc8hgfpCSXjCAutPozRSgD265k9c3PJi88XvakPVU81aQDA0wbDwLrXcwXF0od0vTwp2HnNrj4FbsTxGQ7neqwPcBMwpdiscyxz32fT0OABK12FXmyHMjjI0clfu4tzIgSsGEHdFtLB92LvTUBJtEgIpFdJTx8aRopHqDLVogLArqo3BNvGIOR8vza00ZA7hTa1ykulvdMCIMYBNcYIi1YKFMfbFGp+8wm2FXnCUN+OJL3SlOogKsSHQB/24MDQ33qc+n8KPBoHbp7A8JSryhJSTFiY0s0prNFGeqDh1pHRRnrWvRSIE+J9lKSL/UIEsPaaSYSnvHjn73Avg9L+x/CyLfZNcq0Gilb1Etuq7/lCnruuh5vge/cB93qgkPaJFsrhvSVT637lG5p36B5qEX57RLJfIAD1yMIR7HuwGfpeMNdQ9GY/kZpewTKAil2ZcPbmDu/eZpPzL62nxwkOsU9YS4Oeg5VkQkHuj454VyqagFxQGLdwfBHAG2Gs7Jt4pvcTyAQQcFP6VALvpwGByamWuopkWZ559g6NzpRYRLi+9NfdaAC47A1vw3lFiXhfKQOQLjdmG1oiJYAZsHkTIEsHJjf7HHYgFaJSKZWqd0Smw9gqHZktzqZVSDRy5Fh68KWdX/U5IlYPqfq1ILT4HMuItayOtqPdI62tQLrgMyZyf71pDk5xuFHlhmAjGpCJGdwPo=','03/A4HXQNlSlhE6keHVD2/UUW/gcHuG37GZbETSxexdXjAwcnkC7qeVv6qM5LfzK14CjmMrClw+HkxEw+xn18m+ZIGn3fPMaZLEbtL+nfcCdcbBdOTUvk/4Fwt2Suk6KdKuzNwSZfjGLHDIHqkeEkQ==','7+ukj4fc9fWOApvg4t+2dUGKmAvOZoiQAcCEOm9IZDmdLWUX4kfcLEH54w0o3OOUOMcCznLFdcepGV/pF0gTp25y5GSPzwjMENgyC1+oFAY=','2024-10-24 03:58:41','2024-10-24 03:58:41'),(3,'gamma','BoPhgz0zazDHodNSsjl1qKkVcaeDAYaPE2rIVQhtvFU2QYGlXplgJjnNJ8jB2GQKoe5NWAzNSNLK/mFp++bkcX/6jybEDkNaKKPV4AuOjGh8ol/T7S1qXWpY6dWgvz2zkm1ZKuY13lb5lM+ZYOiP8A==','kXAigkwrxXKbPgE4OB2PG2yrv6KviY2AC8MKncQBHLr8876iO1Ttk8J5p0CjT/ndysaTVNhuAGhyOC2mueLYJXKlJg0nemlKndza9eN4Ujw9NofkhaKPJYX9eEhdm1un','BwIFmQ5sNtdUSZ6gSFRyFrSZXLmTq4rcOsxCsIYfL1FEcWG1AZhjzpvWaFe9sYN3C1x+oIYILjAcXaiv+EmUH5Hm1qEkuH6IUiHkGitcdbY=','2024-10-24 03:58:41','2024-10-24 03:58:41'),(4,'delta','wSEHeAdV/rCCJqPS354mSH/ICXvJm92FWcoIi9zGq08irwm/B+cALrr9FbUIZoBsoKIEaCQg7J8q5ow4noSgqUCUzl2o87blk1nFMTr9RVk=','4d1xOUpxNofLxh9LCuRqT6dpe1gu+acSm8BwUpCyZQvrxLbWL0oyDV7fEA1MpVno1fwlJ9CuDfGMpp9LmIo7VA==','/O/vsLaqfXsAWnm2jL7I+jFis9744Hr3B60hO/Xq1+ltCRZKDEEuTVd16M9GPRTk','2024-10-24 03:58:41','2024-10-24 03:58:41');
/*!40000 ALTER TABLE `notify_encrypter` ENABLE KEYS */;
UNLOCK TABLES;

--
-- Table structure for table `notify_events`
--

DROP TABLE IF EXISTS `notify_events`;
/*!40101 SET @saved_cs_client     = @@character_set_client */;
/*!40101 SET character_set_client = utf8 */;
CREATE TABLE `notify_events` (
  `id` int(10) unsigned NOT NULL AUTO_INCREMENT,
  `event` varchar(50) NOT NULL,
  `lang_key` varchar(100) NOT NULL,
  `desc_lang_key` varchar(150) NOT NULL,
  `module` varchar(50) NOT NULL,
  `class_name` varchar(255) NOT NULL,
  `plugin_name` varchar(255) DEFAULT NULL,
  `restricted_channels` varchar(255) DEFAULT NULL,
  `has_custom_settings` tinyint(1) NOT NULL DEFAULT 0,
  `is_editing_allowed` tinyint(1) NOT NULL DEFAULT 1,
  `created_at` timestamp NULL DEFAULT NULL,
  `updated_at` timestamp NULL DEFAULT NULL,
  PRIMARY KEY (`id`),
  UNIQUE KEY `notify_events_event_unique` (`event`)
) ENGINE=InnoDB AUTO_INCREMENT=27 DEFAULT CHARSET=utf8mb3 COLLATE=utf8mb3_unicode_ci;
/*!40101 SET character_set_client = @saved_cs_client */;

--
-- Dumping data for table `notify_events`
--

LOCK TABLES `notify_events` WRITE;
/*!40000 ALTER TABLE `notify_events` DISABLE KEYS */;
INSERT INTO `notify_events` VALUES (1,'ticket_created','ticket_created_lang_key','ticket_created_desc_key','tickets','App\\Notify\\Controllers\\NotifyResolver\\TicketUserResolverController',NULL,NULL,0,1,'2024-10-24 03:58:38','2024-10-24 03:58:38'),(2,'ticket_reply','ticket_reply_lang_key','ticket_reply_desc_key','tickets','App\\Notify\\Controllers\\NotifyResolver\\TicketUserResolverController',NULL,NULL,0,1,'2024-10-24 03:58:38','2024-10-24 03:58:38'),(3,'new_user_registration_alert','new_user_registration_alert_lang_key','new_user_registration_alert_desc_key','users','App\\Notify\\Controllers\\NotifyResolver\\UserResolverController',NULL,NULL,0,1,'2024-10-24 03:58:38','2024-10-24 03:58:38'),(4,'new_user_registration_confirmation','new_user_registration_confirmation_lang_key','new_user_registration_confirmation_desc_key','users','App\\Notify\\Controllers\\NotifyResolver\\UserResolverController',NULL,'email',0,1,'2024-10-24 03:58:38','2024-10-24 03:58:38'),(5,'ticket_assignment','ticket_assignment_lang_key','ticket_assignment_desc_key','tickets','App\\Notify\\Controllers\\NotifyResolver\\TicketUserResolverController',NULL,NULL,0,1,'2024-10-24 03:58:38','2024-10-24 03:58:38'),(6,'ticket_rating_submitted','ticket_rating_submitted_lang_key','ticket_rating_submitted_desc_key','ratings','App\\Notify\\Controllers\\NotifyResolver\\TicketUserResolverController',NULL,NULL,0,1,'2024-10-24 03:58:39','2024-10-24 03:58:39'),(7,'internal_change','internal_change_lang_key','internal_change_desc_key','tickets','App\\Notify\\Controllers\\NotifyResolver\\TicketUserResolverController',NULL,NULL,0,1,'2024-10-24 03:58:39','2024-10-24 03:58:39'),(8,'ticket_status_changed','ticket_status_changed_lang_key','ticket_status_changed_desc_key','tickets','App\\Notify\\Controllers\\NotifyResolver\\TicketUserResolverController',NULL,NULL,1,1,'2024-10-24 03:58:39','2024-10-24 03:58:39'),(9,'sla_alerts','sla_alerts_lang_key','sla_alerts_desc_key','sla','App\\Notify\\Controllers\\NotifyResolver\\TicketUserResolverController',NULL,NULL,1,1,'2024-10-24 03:58:39','2024-10-24 03:58:39'),(10,'email_verify','email_verify_lang_key','email_verify_desc_key','users','App\\Notify\\Controllers\\NotifyResolver\\UserResolverController',NULL,'email',0,0,'2024-10-24 03:58:39','2024-10-24 03:58:39'),(11,'password_reset','password_reset_lang_key','password_reset_desc_key','users','App\\Notify\\Controllers\\NotifyResolver\\UserResolverController',NULL,'email',0,0,'2024-10-24 03:58:39','2024-10-24 03:58:39'),(12,'login_alerts','login_alerts_lang_key','login_alerts_desc_key','users','App\\Notify\\Controllers\\NotifyResolver\\UserResolverController',NULL,NULL,0,0,'2024-10-24 03:58:39','2024-10-24 03:58:39'),(13,'backup_alerts','backup_alerts_lang_key','backup_alerts_desc_key','users','App\\Notify\\Controllers\\NotifyResolver\\UserResolverController',NULL,NULL,0,0,'2024-10-24 03:58:39','2024-10-24 03:58:39'),(14,'rating_feedback_requests','rating_feedback_requests_lang_key','rating_feedback_requests_desc_key','ratings','App\\Notify\\Controllers\\NotifyResolver\\TicketUserResolverController',NULL,'email',0,0,'2024-10-24 03:58:39','2024-10-24 03:58:39'),(15,'check_ticket_alert','check_ticket_alert_lang_key','check_ticket_alert_desc_key','tickets','App\\Notify\\Controllers\\NotifyResolver\\TicketUserResolverController',NULL,'email',0,0,'2024-10-24 03:58:39','2024-10-24 03:58:39'),(16,'report_export','report_export_lang_key','report_export_desc_key','reports','App\\Notify\\Controllers\\NotifyResolver\\UserResolverController',NULL,NULL,0,0,'2024-10-24 03:58:39','2024-10-24 03:58:39'),(17,'ticket_forwarding','ticket_forwarding_lang_key','ticket_forwarding_desc_key','tickets','App\\Notify\\Controllers\\NotifyResolver\\TicketUserResolverController',NULL,'email',0,0,'2024-10-24 03:58:39','2024-10-24 03:58:39'),(18,'ticket_approval','ticket_approval_lang_key','ticket_approval_desc_key','tickets','App\\Notify\\Controllers\\NotifyResolver\\TicketUserResolverController',NULL,NULL,0,0,'2024-10-24 03:58:39','2024-10-24 03:58:39'),(19,'custom_alerts','custom_alerts_lang_key','custom_alerts_desc_key','users','App\\Notify\\Controllers\\NotifyResolver\\UserResolverController',NULL,NULL,0,0,'2024-10-24 03:58:39','2024-10-24 03:58:39'),(20,'ticket_pdf_template_generate','ticket_pdf_template_generate_lang_key','ticket_pdf_template_generate_desc_key','tickets','App\\Notify\\Controllers\\NotifyResolver\\TicketUserResolverController',NULL,NULL,0,1,'2024-10-24 03:58:40','2024-10-24 03:58:40'),(21,'ticket_fork','ticket_fork_lang_key','ticket_fork_desc_key','tickets','App\\Notify\\Controllers\\NotifyResolver\\TicketUserResolverController',NULL,NULL,0,1,'2024-10-24 03:58:40','2024-10-24 03:58:40'),(22,'fork_ticket_assignment','fork_ticket_assignment_lang_key','fork_ticket_assignment_desc_key','tickets','App\\Notify\\Controllers\\NotifyResolver\\TicketUserResolverController',NULL,NULL,0,1,'2024-10-24 03:58:40','2024-10-24 03:58:40'),(23,'ticket_merge','ticket_merge_lang_key','ticket_merge_desc_key','tickets','App\\Notify\\Controllers\\NotifyResolver\\TicketUserResolverController',NULL,NULL,0,1,'2024-10-24 03:58:40','2024-10-24 03:58:40'),(24,'job_dispatch_alert','job_dispatch_alert_lang_key','job_dispatch_alert_desc_key','jobs','App\\Health\\Controllers\\Alerts\\JobUserResolverController',NULL,NULL,0,1,'2024-10-24 03:58:40','2024-10-24 03:58:40'),(25,'user_export','user_export_lang_key','user_export_desc_key','users','App\\Notify\\Controllers\\NotifyResolver\\UserResolverController',NULL,NULL,0,0,'2024-10-24 03:58:40','2024-10-24 03:58:40'),(26,'report_schedule_export','report_schedule_export_lang_key','report_schedule_export_desc_key','reports','App\\Notify\\Controllers\\NotifyResolver\\UserResolverController',NULL,NULL,0,0,'2024-10-24 03:58:40','2024-10-24 03:58:40');
/*!40000 ALTER TABLE `notify_events` ENABLE KEYS */;
UNLOCK TABLES;

--
-- Table structure for table `notify_persons`
--

DROP TABLE IF EXISTS `notify_persons`;
/*!40101 SET @saved_cs_client     = @@character_set_client */;
/*!40101 SET character_set_client = utf8 */;
CREATE TABLE `notify_persons` (
  `id` int(10) unsigned NOT NULL AUTO_INCREMENT,
  `person` varchar(100) NOT NULL,
  `lang_key` varchar(100) NOT NULL,
  `desc_lang_key` varchar(100) NOT NULL,
  `plugin_name` varchar(255) DEFAULT NULL,
  `created_at` timestamp NULL DEFAULT NULL,
  `updated_at` timestamp NULL DEFAULT NULL,
  PRIMARY KEY (`id`),
  UNIQUE KEY `notify_persons_person_unique` (`person`)
) ENGINE=InnoDB AUTO_INCREMENT=17 DEFAULT CHARSET=utf8mb3 COLLATE=utf8mb3_unicode_ci;
/*!40101 SET character_set_client = @saved_cs_client */;

--
-- Dumping data for table `notify_persons`
--

LOCK TABLES `notify_persons` WRITE;
/*!40000 ALTER TABLE `notify_persons` DISABLE KEYS */;
INSERT INTO `notify_persons` VALUES (1,'admins','admins_lang_key','admins_desc_key',NULL,'2024-10-24 03:58:38','2024-10-24 03:58:38'),(2,'department_managers','department_managers_lang_key','department_managers_desc_key',NULL,'2024-10-24 03:58:38','2024-10-24 03:58:38'),(3,'department_members','department_members_lang_key','department_members_desc_key',NULL,'2024-10-24 03:58:38','2024-10-24 03:58:38'),(4,'team_members','team_members_lang_key','team_members_desc_key',NULL,'2024-10-24 03:58:38','2024-10-24 03:58:38'),(5,'team_leads','team_leads_lang_key','team_leads_desc_key',NULL,'2024-10-24 03:58:38','2024-10-24 03:58:38'),(6,'requester','requester_lang_key','requester_desc_key',NULL,'2024-10-24 03:58:38','2024-10-24 03:58:38'),(7,'organization_managers','organization_managers_lang_key','organization_managers_desc_key',NULL,'2024-10-24 03:58:38','2024-10-24 03:58:38'),(8,'assigned_agent','assigned_agent_lang_key','assigned_agent_desc_key',NULL,'2024-10-24 03:58:38','2024-10-24 03:58:38'),(9,'agents','agents_lang_key','agents_desc_key',NULL,'2024-10-24 03:58:38','2024-10-24 03:58:38'),(10,'managers_all_departments','managers_all_departments_lang_key','managers_all_departments_desc_key',NULL,'2024-10-24 03:58:38','2024-10-24 03:58:38'),(11,'leads_all_teams','leads_all_teams_lang_key','leads_all_teams_desc_key',NULL,'2024-10-24 03:58:38','2024-10-24 03:58:38'),(12,'custom','custom_lang_key','custom_desc_key',NULL,'2024-10-24 03:58:39','2024-10-24 03:58:39'),(13,'collaborators','collaborators_lang_key','collaborators_desc_key',NULL,'2024-10-24 03:58:39','2024-10-24 03:58:39'),(14,'mentioned_agents','mentioned_agents_lang_key','mentioned_agents_desc_key',NULL,'2024-10-24 03:58:40','2024-10-24 03:58:40'),(15,'mentioned_departments','mentioned_departments_lang_key','mentioned_departments_desc_key',NULL,'2024-10-24 03:58:40','2024-10-24 03:58:40'),(16,'mentioned_teams','mentioned_teams_lang_key','mentioned_teams_desc_key',NULL,'2024-10-24 03:58:40','2024-10-24 03:58:40');
/*!40000 ALTER TABLE `notify_persons` ENABLE KEYS */;
UNLOCK TABLES;

--
-- Table structure for table `notify_scenario_associates`
--

DROP TABLE IF EXISTS `notify_scenario_associates`;
/*!40101 SET @saved_cs_client     = @@character_set_client */;
/*!40101 SET character_set_client = utf8 */;
CREATE TABLE `notify_scenario_associates` (
  `id` int(10) unsigned NOT NULL AUTO_INCREMENT,
  `person_id` int(10) unsigned NOT NULL,
  `scenario_id` int(10) unsigned NOT NULL,
  `template_id` int(10) unsigned NOT NULL,
  `created_at` timestamp NULL DEFAULT NULL,
  `updated_at` timestamp NULL DEFAULT NULL,
  PRIMARY KEY (`id`),
  KEY `notify_scenario_associates_person_id_foreign` (`person_id`),
  KEY `notify_scenario_associates_scenario_id_foreign` (`scenario_id`),
  KEY `notify_scenario_associates_template_id_foreign` (`template_id`),
  CONSTRAINT `notify_scenario_associates_person_id_foreign` FOREIGN KEY (`person_id`) REFERENCES `notify_persons` (`id`) ON DELETE CASCADE,
  CONSTRAINT `notify_scenario_associates_scenario_id_foreign` FOREIGN KEY (`scenario_id`) REFERENCES `notify_scenarios` (`id`) ON DELETE CASCADE,
  CONSTRAINT `notify_scenario_associates_template_id_foreign` FOREIGN KEY (`template_id`) REFERENCES `notify_template_drafts` (`id`) ON DELETE CASCADE
) ENGINE=InnoDB AUTO_INCREMENT=133 DEFAULT CHARSET=utf8mb3 COLLATE=utf8mb3_unicode_ci;
/*!40101 SET character_set_client = @saved_cs_client */;

--
-- Dumping data for table `notify_scenario_associates`
--

LOCK TABLES `notify_scenario_associates` WRITE;
/*!40000 ALTER TABLE `notify_scenario_associates` DISABLE KEYS */;
INSERT INTO `notify_scenario_associates` VALUES (1,1,1,1,'2024-10-24 03:58:38','2024-10-24 03:58:38'),(2,2,1,1,'2024-10-24 03:58:38','2024-10-24 03:58:38'),(3,3,1,1,'2024-10-24 03:58:38','2024-10-24 03:58:38'),(4,4,1,1,'2024-10-24 03:58:38','2024-10-24 03:58:38'),(5,5,1,1,'2024-10-24 03:58:38','2024-10-24 03:58:38'),(6,6,2,2,'2024-10-24 03:58:38','2024-10-24 03:58:38'),(7,7,2,3,'2024-10-24 03:58:38','2024-10-24 03:58:38'),(8,6,3,4,'2024-10-24 03:58:38','2024-10-24 03:58:38'),(9,7,3,5,'2024-10-24 03:58:38','2024-10-24 03:58:38'),(10,1,4,6,'2024-10-24 03:58:38','2024-10-24 03:58:38'),(11,2,4,6,'2024-10-24 03:58:38','2024-10-24 03:58:38'),(12,3,4,6,'2024-10-24 03:58:38','2024-10-24 03:58:38'),(13,4,4,6,'2024-10-24 03:58:38','2024-10-24 03:58:38'),(14,5,4,6,'2024-10-24 03:58:38','2024-10-24 03:58:38'),(15,8,4,7,'2024-10-24 03:58:38','2024-10-24 03:58:38'),(16,6,4,8,'2024-10-24 03:58:38','2024-10-24 03:58:38'),(17,7,4,9,'2024-10-24 03:58:38','2024-10-24 03:58:38'),(18,1,5,10,'2024-10-24 03:58:38','2024-10-24 03:58:38'),(19,2,5,10,'2024-10-24 03:58:38','2024-10-24 03:58:38'),(20,3,5,10,'2024-10-24 03:58:38','2024-10-24 03:58:38'),(21,4,5,10,'2024-10-24 03:58:38','2024-10-24 03:58:38'),(22,5,5,10,'2024-10-24 03:58:38','2024-10-24 03:58:38'),(23,8,5,11,'2024-10-24 03:58:38','2024-10-24 03:58:38'),(24,6,5,12,'2024-10-24 03:58:38','2024-10-24 03:58:38'),(25,7,5,13,'2024-10-24 03:58:38','2024-10-24 03:58:38'),(26,1,6,14,'2024-10-24 03:58:38','2024-10-24 03:58:38'),(27,9,6,14,'2024-10-24 03:58:38','2024-10-24 03:58:38'),(28,10,6,14,'2024-10-24 03:58:38','2024-10-24 03:58:38'),(29,11,6,14,'2024-10-24 03:58:38','2024-10-24 03:58:38'),(30,6,7,15,'2024-10-24 03:58:38','2024-10-24 03:58:38'),(31,1,8,16,'2024-10-24 03:58:38','2024-10-24 03:58:38'),(32,2,8,16,'2024-10-24 03:58:38','2024-10-24 03:58:38'),(33,3,8,16,'2024-10-24 03:58:38','2024-10-24 03:58:38'),(34,4,8,16,'2024-10-24 03:58:38','2024-10-24 03:58:38'),(35,5,8,16,'2024-10-24 03:58:38','2024-10-24 03:58:38'),(36,6,8,17,'2024-10-24 03:58:38','2024-10-24 03:58:38'),(37,8,8,18,'2024-10-24 03:58:38','2024-10-24 03:58:38'),(38,7,8,19,'2024-10-24 03:58:38','2024-10-24 03:58:38'),(39,1,9,20,'2024-10-24 03:58:38','2024-10-24 03:58:38'),(40,2,9,20,'2024-10-24 03:58:38','2024-10-24 03:58:38'),(41,3,9,20,'2024-10-24 03:58:38','2024-10-24 03:58:38'),(42,4,9,20,'2024-10-24 03:58:38','2024-10-24 03:58:38'),(43,5,9,20,'2024-10-24 03:58:38','2024-10-24 03:58:38'),(44,8,9,20,'2024-10-24 03:58:38','2024-10-24 03:58:38'),(45,6,9,21,'2024-10-24 03:58:38','2024-10-24 03:58:38'),(46,7,9,22,'2024-10-24 03:58:39','2024-10-24 03:58:39'),(47,1,10,23,'2024-10-24 03:58:39','2024-10-24 03:58:39'),(48,2,10,23,'2024-10-24 03:58:39','2024-10-24 03:58:39'),(49,3,10,23,'2024-10-24 03:58:39','2024-10-24 03:58:39'),(50,8,10,23,'2024-10-24 03:58:39','2024-10-24 03:58:39'),(51,4,10,23,'2024-10-24 03:58:39','2024-10-24 03:58:39'),(52,5,10,23,'2024-10-24 03:58:39','2024-10-24 03:58:39'),(53,1,11,24,'2024-10-24 03:58:39','2024-10-24 03:58:39'),(54,2,11,24,'2024-10-24 03:58:39','2024-10-24 03:58:39'),(55,3,11,24,'2024-10-24 03:58:39','2024-10-24 03:58:39'),(56,4,11,24,'2024-10-24 03:58:39','2024-10-24 03:58:39'),(57,5,11,24,'2024-10-24 03:58:39','2024-10-24 03:58:39'),(58,8,11,25,'2024-10-24 03:58:39','2024-10-24 03:58:39'),(59,1,12,26,'2024-10-24 03:58:39','2024-10-24 03:58:39'),(60,2,12,26,'2024-10-24 03:58:39','2024-10-24 03:58:39'),(61,3,12,26,'2024-10-24 03:58:39','2024-10-24 03:58:39'),(62,4,12,26,'2024-10-24 03:58:39','2024-10-24 03:58:39'),(63,5,12,26,'2024-10-24 03:58:39','2024-10-24 03:58:39'),(64,6,12,27,'2024-10-24 03:58:39','2024-10-24 03:58:39'),(65,8,12,28,'2024-10-24 03:58:39','2024-10-24 03:58:39'),(66,12,13,29,'2024-10-24 03:58:39','2024-10-24 03:58:39'),(67,8,13,30,'2024-10-24 03:58:39','2024-10-24 03:58:39'),(68,12,14,31,'2024-10-24 03:58:39','2024-10-24 03:58:39'),(69,8,14,32,'2024-10-24 03:58:39','2024-10-24 03:58:39'),(70,12,15,33,'2024-10-24 03:58:39','2024-10-24 03:58:39'),(71,8,15,34,'2024-10-24 03:58:39','2024-10-24 03:58:39'),(72,12,16,35,'2024-10-24 03:58:39','2024-10-24 03:58:39'),(73,8,16,36,'2024-10-24 03:58:39','2024-10-24 03:58:39'),(74,6,17,37,'2024-10-24 03:58:39','2024-10-24 03:58:39'),(75,6,18,38,'2024-10-24 03:58:39','2024-10-24 03:58:39'),(76,6,19,39,'2024-10-24 03:58:39','2024-10-24 03:58:39'),(77,6,20,40,'2024-10-24 03:58:39','2024-10-24 03:58:39'),(78,6,21,41,'2024-10-24 03:58:39','2024-10-24 03:58:39'),(79,12,22,42,'2024-10-24 03:58:39','2024-10-24 03:58:39'),(80,6,23,43,'2024-10-24 03:58:39','2024-10-24 03:58:39'),(81,6,24,44,'2024-10-24 03:58:39','2024-10-24 03:58:39'),(82,12,25,45,'2024-10-24 03:58:39','2024-10-24 03:58:39'),(83,12,26,46,'2024-10-24 03:58:39','2024-10-24 03:58:39'),(84,12,27,47,'2024-10-24 03:58:39','2024-10-24 03:58:39'),(85,12,28,48,'2024-10-24 03:58:39','2024-10-24 03:58:39'),(92,1,29,50,'2024-10-24 03:58:40','2024-10-24 03:58:40'),(93,6,29,50,'2024-10-24 03:58:40','2024-10-24 03:58:40'),(94,8,29,50,'2024-10-24 03:58:40','2024-10-24 03:58:40'),(95,7,29,50,'2024-10-24 03:58:40','2024-10-24 03:58:40'),(96,2,29,50,'2024-10-24 03:58:40','2024-10-24 03:58:40'),(97,3,29,50,'2024-10-24 03:58:40','2024-10-24 03:58:40'),(98,4,29,50,'2024-10-24 03:58:40','2024-10-24 03:58:40'),(99,5,29,50,'2024-10-24 03:58:40','2024-10-24 03:58:40'),(100,14,11,51,'2024-10-24 03:58:40','2024-10-24 03:58:40'),(101,15,11,52,'2024-10-24 03:58:40','2024-10-24 03:58:40'),(102,16,11,53,'2024-10-24 03:58:40','2024-10-24 03:58:40'),(103,1,30,54,'2024-10-24 03:58:40','2024-10-24 03:58:40'),(104,2,30,54,'2024-10-24 03:58:40','2024-10-24 03:58:40'),(105,3,30,54,'2024-10-24 03:58:40','2024-10-24 03:58:40'),(106,4,30,54,'2024-10-24 03:58:40','2024-10-24 03:58:40'),(107,5,30,54,'2024-10-24 03:58:40','2024-10-24 03:58:40'),(108,8,30,54,'2024-10-24 03:58:40','2024-10-24 03:58:40'),(109,7,30,55,'2024-10-24 03:58:40','2024-10-24 03:58:40'),(110,6,30,56,'2024-10-24 03:58:40','2024-10-24 03:58:40'),(111,1,31,57,'2024-10-24 03:58:40','2024-10-24 03:58:40'),(112,2,31,57,'2024-10-24 03:58:40','2024-10-24 03:58:40'),(113,3,31,57,'2024-10-24 03:58:40','2024-10-24 03:58:40'),(114,4,31,57,'2024-10-24 03:58:40','2024-10-24 03:58:40'),(115,5,31,57,'2024-10-24 03:58:40','2024-10-24 03:58:40'),(116,6,31,58,'2024-10-24 03:58:40','2024-10-24 03:58:40'),(117,8,31,59,'2024-10-24 03:58:40','2024-10-24 03:58:40'),(118,7,31,60,'2024-10-24 03:58:40','2024-10-24 03:58:40'),(119,1,32,61,'2024-10-24 03:58:40','2024-10-24 03:58:40'),(120,2,32,61,'2024-10-24 03:58:40','2024-10-24 03:58:40'),(121,3,32,61,'2024-10-24 03:58:40','2024-10-24 03:58:40'),(122,4,32,61,'2024-10-24 03:58:40','2024-10-24 03:58:40'),(123,5,32,61,'2024-10-24 03:58:40','2024-10-24 03:58:40'),(124,8,32,61,'2024-10-24 03:58:40','2024-10-24 03:58:40'),(125,7,32,62,'2024-10-24 03:58:40','2024-10-24 03:58:40'),(126,6,32,63,'2024-10-24 03:58:40','2024-10-24 03:58:40'),(127,1,33,64,'2024-10-24 03:58:40','2024-10-24 03:58:40'),(128,12,34,65,'2024-10-24 03:58:40','2024-10-24 03:58:40'),(129,12,35,66,'2024-10-24 03:58:40','2024-10-24 03:58:40'),(130,14,4,67,'2024-10-24 03:58:40','2024-10-24 03:58:40'),(131,15,4,68,'2024-10-24 03:58:40','2024-10-24 03:58:40'),(132,16,4,69,'2024-10-24 03:58:40','2024-10-24 03:58:40');
/*!40000 ALTER TABLE `notify_scenario_associates` ENABLE KEYS */;
UNLOCK TABLES;

--
-- Table structure for table `notify_scenarios`
--

DROP TABLE IF EXISTS `notify_scenarios`;
/*!40101 SET @saved_cs_client     = @@character_set_client */;
/*!40101 SET character_set_client = utf8 */;
CREATE TABLE `notify_scenarios` (
  `id` int(10) unsigned NOT NULL AUTO_INCREMENT,
  `scenario` varchar(50) NOT NULL,
  `lang_key` varchar(100) NOT NULL,
  `desc_lang_key` varchar(150) NOT NULL,
  `event_id` int(10) unsigned NOT NULL,
  `created_at` timestamp NULL DEFAULT NULL,
  `updated_at` timestamp NULL DEFAULT NULL,
  PRIMARY KEY (`id`),
  UNIQUE KEY `notify_scenarios_scenario_unique` (`scenario`),
  KEY `notify_scenarios_event_id_foreign` (`event_id`),
  CONSTRAINT `notify_scenarios_event_id_foreign` FOREIGN KEY (`event_id`) REFERENCES `notify_events` (`id`) ON DELETE CASCADE
) ENGINE=InnoDB AUTO_INCREMENT=36 DEFAULT CHARSET=utf8mb3 COLLATE=utf8mb3_unicode_ci;
/*!40101 SET character_set_client = @saved_cs_client */;

--
-- Dumping data for table `notify_scenarios`
--

LOCK TABLES `notify_scenarios` WRITE;
/*!40000 ALTER TABLE `notify_scenarios` DISABLE KEYS */;
INSERT INTO `notify_scenarios` VALUES (1,'ticket_created_alert','ticket_created_alert_lang_key','ticket_created_alert_desc_key',1,'2024-10-24 03:58:38','2024-10-24 03:58:38'),(2,'ticket_created_by_agents','ticket_created_by_agents_lang_key','ticket_created_by_agents_desc_key',1,'2024-10-24 03:58:38','2024-10-24 03:58:38'),(3,'ticket_created_by_clients','ticket_created_by_clients_lang_key','ticket_created_by_clients_desc_key',1,'2024-10-24 03:58:38','2024-10-24 03:58:38'),(4,'ticket_reply_by_agent','ticket_reply_by_agent_lang_key','ticket_reply_by_agent_desc_key',2,'2024-10-24 03:58:38','2024-10-24 03:58:38'),(5,'ticket_reply_by_client','ticket_reply_by_client_lang_key','ticket_reply_by_client_desc_key',2,'2024-10-24 03:58:38','2024-10-24 03:58:38'),(6,'new_user_registration_alert','new_user_registration_alert_lang_key','new_user_registration_alert_desc_key',3,'2024-10-24 03:58:38','2024-10-24 03:58:38'),(7,'new_user_registration_confirmation','new_user_registration_confirmation_lang_key','new_user_registration_confirmation_desc_key',4,'2024-10-24 03:58:38','2024-10-24 03:58:38'),(8,'ticket_assignment_agents','ticket_assignment_agents_lang_key','ticket_assignment_agents_desc_key',5,'2024-10-24 03:58:38','2024-10-24 03:58:38'),(9,'ticket_assignment_team','ticket_assignment_team_lang_key','ticket_assignment_team_desc_key',5,'2024-10-24 03:58:38','2024-10-24 03:58:38'),(10,'ticket_rating_submitted','ticket_rating_submitted_lang_key','ticket_rating_submitted_desc_key',6,'2024-10-24 03:58:39','2024-10-24 03:58:39'),(11,'internal_change','internal_change_lang_key','internal_change_desc_key',7,'2024-10-24 03:58:39','2024-10-24 03:58:39'),(12,'ticket_status_changed','ticket_status_changed_lang_key','ticket_status_changed_desc_key',8,'2024-10-24 03:58:39','2024-10-24 03:58:39'),(13,'response_due_approach','response_due_approach_lang_key','response_due_approach_desc_key',9,'2024-10-24 03:58:39','2024-10-24 03:58:39'),(14,'response_due_violate','response_due_violate_lang_key','response_due_violate_desc_key',9,'2024-10-24 03:58:39','2024-10-24 03:58:39'),(15,'resolve_due_approach','resolve_due_approach_lang_key','resolve_due_approach_desc_key',9,'2024-10-24 03:58:39','2024-10-24 03:58:39'),(16,'resolve_due_violate','resolve_due_violate_lang_key','resolve_due_violate_desc_key',9,'2024-10-24 03:58:39','2024-10-24 03:58:39'),(17,'email_verify','email_verify_lang_key','email_verify_desc_key',10,'2024-10-24 03:58:39','2024-10-24 03:58:39'),(18,'password_reset_requested','password_reset_requested_lang_key','password_reset_requested_desc_key',11,'2024-10-24 03:58:39','2024-10-24 03:58:39'),(19,'password_resetted','password_resetted_lang_key','password_resetted_desc_key',11,'2024-10-24 03:58:39','2024-10-24 03:58:39'),(20,'invalid_login_alert','invalid_login_alert_lang_key','invalid_login_alert_desc_key',12,'2024-10-24 03:58:39','2024-10-24 03:58:39'),(21,'new_device_login_alert','new_device_login_alert_lang_key','new_device_login_alert_desc_key',12,'2024-10-24 03:58:39','2024-10-24 03:58:39'),(22,'backup_alerts','backup_alerts_lang_key','backup_alerts_desc_key',13,'2024-10-24 03:58:39','2024-10-24 03:58:39'),(23,'rating_feedback_requests','rating_feedback_requests_lang_key','rating_feedback_requests_desc_key',14,'2024-10-24 03:58:39','2024-10-24 03:58:39'),(24,'check_ticket_alert','check_ticket_alert_lang_key','check_ticket_alert_desc_key',15,'2024-10-24 03:58:39','2024-10-24 03:58:39'),(25,'report_export','report_export_lang_key','report_export_desc_key',16,'2024-10-24 03:58:39','2024-10-24 03:58:39'),(26,'ticket_forwarding','ticket_forwarding_lang_key','ticket_forwarding_desc_key',17,'2024-10-24 03:58:39','2024-10-24 03:58:39'),(27,'ticket_approval','ticket_approval_lang_key','ticket_approval_desc_key',18,'2024-10-24 03:58:39','2024-10-24 03:58:39'),(28,'custom_alerts','custom_alerts_lang_key','custom_alerts_desc_key',19,'2024-10-24 03:58:39','2024-10-24 03:58:39'),(29,'ticket_pdf_generate_alert','ticket_pdf_generate_alert_lang_key','ticket_pdf_generate_alert_desc_key',20,'2024-10-24 03:58:40','2024-10-24 03:58:40'),(30,'ticket_fork_alert','ticket_fork_alert_lang_key','ticket_fork_alert_desc_key',21,'2024-10-24 03:58:40','2024-10-24 03:58:40'),(31,'fork_ticket_assignment_agents','fork_ticket_assignment_agents_lang_key','fork_ticket_assignment_agents_desc_key',22,'2024-10-24 03:58:40','2024-10-24 03:58:40'),(32,'ticket_merge_alert','ticket_merge_alert_lang_key','ticket_merge_alert_desc_key',23,'2024-10-24 03:58:40','2024-10-24 03:58:40'),(33,'job_dispatch_alert','job_dispatch_alert_lang_key','job_dispatch_alert_desc_key',24,'2024-10-24 03:58:40','2024-10-24 03:58:40'),(34,'user_export','user_export_lang_key','user_export_desc_key',25,'2024-10-24 03:58:40','2024-10-24 03:58:40'),(35,'report_schedule_export','report_schedule_export_lang_key','report_schedule_export_desc_key',26,'2024-10-24 03:58:40','2024-10-24 03:58:40');
/*!40000 ALTER TABLE `notify_scenarios` ENABLE KEYS */;
UNLOCK TABLES;

--
-- Table structure for table `notify_shortcode_notify_template_draft`
--

DROP TABLE IF EXISTS `notify_shortcode_notify_template_draft`;
/*!40101 SET @saved_cs_client     = @@character_set_client */;
/*!40101 SET character_set_client = utf8 */;
CREATE TABLE `notify_shortcode_notify_template_draft` (
  `id` int(10) unsigned NOT NULL AUTO_INCREMENT,
  `template_id` int(10) unsigned NOT NULL,
  `shortcode_id` int(10) unsigned NOT NULL,
  `created_at` timestamp NULL DEFAULT NULL,
  `updated_at` timestamp NULL DEFAULT NULL,
  PRIMARY KEY (`id`),
  KEY `notify_shortcode_notify_template_draft_template_id_foreign` (`template_id`),
  KEY `notify_shortcode_notify_template_draft_shortcode_id_foreign` (`shortcode_id`),
  CONSTRAINT `notify_shortcode_notify_template_draft_shortcode_id_foreign` FOREIGN KEY (`shortcode_id`) REFERENCES `notify_shortcodes` (`id`) ON DELETE CASCADE,
  CONSTRAINT `notify_shortcode_notify_template_draft_template_id_foreign` FOREIGN KEY (`template_id`) REFERENCES `notify_template_drafts` (`id`) ON DELETE CASCADE
) ENGINE=InnoDB AUTO_INCREMENT=1501 DEFAULT CHARSET=utf8mb3 COLLATE=utf8mb3_unicode_ci;
/*!40101 SET character_set_client = @saved_cs_client */;

--
-- Dumping data for table `notify_shortcode_notify_template_draft`
--

LOCK TABLES `notify_shortcode_notify_template_draft` WRITE;
/*!40000 ALTER TABLE `notify_shortcode_notify_template_draft` DISABLE KEYS */;
INSERT INTO `notify_shortcode_notify_template_draft` VALUES (1,1,7,NULL,NULL),(2,1,8,NULL,NULL),(3,1,9,NULL,NULL),(4,1,10,NULL,NULL),(5,1,11,NULL,NULL),(6,1,12,NULL,NULL),(7,1,13,NULL,NULL),(8,1,14,NULL,NULL),(9,1,15,NULL,NULL),(10,1,16,NULL,NULL),(11,1,17,NULL,NULL),(12,1,18,NULL,NULL),(13,1,19,NULL,NULL),(14,1,20,NULL,NULL),(15,1,6,NULL,NULL),(16,1,21,NULL,NULL),(17,1,22,NULL,NULL),(18,1,23,NULL,NULL),(19,1,24,NULL,NULL),(20,1,25,NULL,NULL),(21,1,26,NULL,NULL),(22,1,27,NULL,NULL),(23,1,28,NULL,NULL),(24,1,29,NULL,NULL),(25,2,7,NULL,NULL),(26,2,8,NULL,NULL),(27,2,9,NULL,NULL),(28,2,10,NULL,NULL),(29,2,11,NULL,NULL),(30,2,12,NULL,NULL),(31,2,13,NULL,NULL),(32,2,14,NULL,NULL),(33,2,15,NULL,NULL),(34,2,16,NULL,NULL),(35,2,17,NULL,NULL),(36,2,18,NULL,NULL),(37,2,19,NULL,NULL),(38,2,20,NULL,NULL),(39,2,6,NULL,NULL),(40,2,21,NULL,NULL),(41,2,22,NULL,NULL),(42,2,23,NULL,NULL),(43,2,24,NULL,NULL),(44,2,25,NULL,NULL),(45,2,26,NULL,NULL),(46,2,27,NULL,NULL),(47,2,28,NULL,NULL),(48,2,29,NULL,NULL),(49,2,30,NULL,NULL),(50,2,31,NULL,NULL),(51,2,32,NULL,NULL),(52,2,33,NULL,NULL),(53,3,7,NULL,NULL),(54,3,8,NULL,NULL),(55,3,9,NULL,NULL),(56,3,10,NULL,NULL),(57,3,11,NULL,NULL),(58,3,12,NULL,NULL),(59,3,13,NULL,NULL),(60,3,14,NULL,NULL),(61,3,15,NULL,NULL),(62,3,16,NULL,NULL),(63,3,17,NULL,NULL),(64,3,18,NULL,NULL),(65,3,19,NULL,NULL),(66,3,20,NULL,NULL),(67,3,6,NULL,NULL),(68,3,21,NULL,NULL),(69,3,22,NULL,NULL),(70,3,23,NULL,NULL),(71,3,24,NULL,NULL),(72,3,25,NULL,NULL),(73,3,26,NULL,NULL),(74,3,27,NULL,NULL),(75,3,28,NULL,NULL),(76,3,29,NULL,NULL),(77,3,30,NULL,NULL),(78,3,31,NULL,NULL),(79,3,32,NULL,NULL),(80,3,33,NULL,NULL),(81,4,7,NULL,NULL),(82,4,8,NULL,NULL),(83,4,9,NULL,NULL),(84,4,10,NULL,NULL),(85,4,11,NULL,NULL),(86,4,12,NULL,NULL),(87,4,13,NULL,NULL),(88,4,14,NULL,NULL),(89,4,15,NULL,NULL),(90,4,16,NULL,NULL),(91,4,17,NULL,NULL),(92,4,18,NULL,NULL),(93,4,19,NULL,NULL),(94,4,20,NULL,NULL),(95,4,6,NULL,NULL),(96,4,21,NULL,NULL),(97,4,22,NULL,NULL),(98,4,23,NULL,NULL),(99,4,24,NULL,NULL),(100,4,25,NULL,NULL),(101,4,26,NULL,NULL),(102,4,27,NULL,NULL),(103,4,28,NULL,NULL),(104,4,29,NULL,NULL),(105,5,7,NULL,NULL),(106,5,8,NULL,NULL),(107,5,9,NULL,NULL),(108,5,10,NULL,NULL),(109,5,11,NULL,NULL),(110,5,12,NULL,NULL),(111,5,13,NULL,NULL),(112,5,14,NULL,NULL),(113,5,15,NULL,NULL),(114,5,16,NULL,NULL),(115,5,17,NULL,NULL),(116,5,18,NULL,NULL),(117,5,19,NULL,NULL),(118,5,20,NULL,NULL),(119,5,6,NULL,NULL),(120,5,21,NULL,NULL),(121,5,22,NULL,NULL),(122,5,23,NULL,NULL),(123,5,24,NULL,NULL),(124,5,25,NULL,NULL),(125,5,26,NULL,NULL),(126,5,27,NULL,NULL),(127,5,28,NULL,NULL),(128,5,29,NULL,NULL),(129,6,7,NULL,NULL),(130,6,8,NULL,NULL),(131,6,9,NULL,NULL),(132,6,10,NULL,NULL),(133,6,11,NULL,NULL),(134,6,12,NULL,NULL),(135,6,13,NULL,NULL),(136,6,14,NULL,NULL),(137,6,15,NULL,NULL),(138,6,16,NULL,NULL),(139,6,17,NULL,NULL),(140,6,18,NULL,NULL),(141,6,19,NULL,NULL),(142,6,20,NULL,NULL),(143,6,6,NULL,NULL),(144,6,21,NULL,NULL),(145,6,22,NULL,NULL),(146,6,23,NULL,NULL),(147,6,24,NULL,NULL),(148,6,25,NULL,NULL),(149,6,26,NULL,NULL),(150,6,27,NULL,NULL),(151,6,28,NULL,NULL),(152,6,29,NULL,NULL),(153,6,30,NULL,NULL),(154,6,31,NULL,NULL),(155,6,32,NULL,NULL),(156,6,33,NULL,NULL),(157,7,7,NULL,NULL),(158,7,8,NULL,NULL),(159,7,9,NULL,NULL),(160,7,10,NULL,NULL),(161,7,11,NULL,NULL),(162,7,12,NULL,NULL),(163,7,13,NULL,NULL),(164,7,14,NULL,NULL),(165,7,15,NULL,NULL),(166,7,16,NULL,NULL),(167,7,17,NULL,NULL),(168,7,18,NULL,NULL),(169,7,19,NULL,NULL),(170,7,20,NULL,NULL),(171,7,6,NULL,NULL),(172,7,21,NULL,NULL),(173,7,22,NULL,NULL),(174,7,23,NULL,NULL),(175,7,24,NULL,NULL),(176,7,25,NULL,NULL),(177,7,26,NULL,NULL),(178,7,27,NULL,NULL),(179,7,28,NULL,NULL),(180,7,29,NULL,NULL),(181,7,30,NULL,NULL),(182,7,31,NULL,NULL),(183,7,32,NULL,NULL),(184,7,33,NULL,NULL),(185,8,7,NULL,NULL),(186,8,8,NULL,NULL),(187,8,9,NULL,NULL),(188,8,10,NULL,NULL),(189,8,11,NULL,NULL),(190,8,12,NULL,NULL),(191,8,13,NULL,NULL),(192,8,14,NULL,NULL),(193,8,15,NULL,NULL),(194,8,16,NULL,NULL),(195,8,17,NULL,NULL),(196,8,18,NULL,NULL),(197,8,19,NULL,NULL),(198,8,20,NULL,NULL),(199,8,6,NULL,NULL),(200,8,21,NULL,NULL),(201,8,22,NULL,NULL),(202,8,23,NULL,NULL),(203,8,24,NULL,NULL),(204,8,25,NULL,NULL),(205,8,26,NULL,NULL),(206,8,27,NULL,NULL),(207,8,28,NULL,NULL),(208,8,29,NULL,NULL),(209,8,30,NULL,NULL),(210,8,31,NULL,NULL),(211,8,32,NULL,NULL),(212,8,33,NULL,NULL),(213,9,7,NULL,NULL),(214,9,8,NULL,NULL),(215,9,9,NULL,NULL),(216,9,10,NULL,NULL),(217,9,11,NULL,NULL),(218,9,12,NULL,NULL),(219,9,13,NULL,NULL),(220,9,14,NULL,NULL),(221,9,15,NULL,NULL),(222,9,16,NULL,NULL),(223,9,17,NULL,NULL),(224,9,18,NULL,NULL),(225,9,19,NULL,NULL),(226,9,20,NULL,NULL),(227,9,6,NULL,NULL),(228,9,21,NULL,NULL),(229,9,22,NULL,NULL),(230,9,23,NULL,NULL),(231,9,24,NULL,NULL),(232,9,25,NULL,NULL),(233,9,26,NULL,NULL),(234,9,27,NULL,NULL),(235,9,28,NULL,NULL),(236,9,29,NULL,NULL),(237,9,30,NULL,NULL),(238,9,31,NULL,NULL),(239,9,32,NULL,NULL),(240,9,33,NULL,NULL),(241,10,7,NULL,NULL),(242,10,8,NULL,NULL),(243,10,9,NULL,NULL),(244,10,10,NULL,NULL),(245,10,11,NULL,NULL),(246,10,12,NULL,NULL),(247,10,13,NULL,NULL),(248,10,14,NULL,NULL),(249,10,15,NULL,NULL),(250,10,16,NULL,NULL),(251,10,17,NULL,NULL),(252,10,18,NULL,NULL),(253,10,19,NULL,NULL),(254,10,20,NULL,NULL),(255,10,6,NULL,NULL),(256,10,21,NULL,NULL),(257,10,22,NULL,NULL),(258,10,23,NULL,NULL),(259,10,24,NULL,NULL),(260,10,25,NULL,NULL),(261,10,26,NULL,NULL),(262,10,27,NULL,NULL),(263,10,28,NULL,NULL),(264,10,29,NULL,NULL),(265,10,30,NULL,NULL),(266,10,31,NULL,NULL),(267,10,32,NULL,NULL),(268,10,33,NULL,NULL),(269,11,7,NULL,NULL),(270,11,8,NULL,NULL),(271,11,9,NULL,NULL),(272,11,10,NULL,NULL),(273,11,11,NULL,NULL),(274,11,12,NULL,NULL),(275,11,13,NULL,NULL),(276,11,14,NULL,NULL),(277,11,15,NULL,NULL),(278,11,16,NULL,NULL),(279,11,17,NULL,NULL),(280,11,18,NULL,NULL),(281,11,19,NULL,NULL),(282,11,20,NULL,NULL),(283,11,6,NULL,NULL),(284,11,21,NULL,NULL),(285,11,22,NULL,NULL),(286,11,23,NULL,NULL),(287,11,24,NULL,NULL),(288,11,25,NULL,NULL),(289,11,26,NULL,NULL),(290,11,27,NULL,NULL),(291,11,28,NULL,NULL),(292,11,29,NULL,NULL),(293,11,30,NULL,NULL),(294,11,31,NULL,NULL),(295,11,32,NULL,NULL),(296,11,33,NULL,NULL),(297,12,7,NULL,NULL),(298,12,8,NULL,NULL),(299,12,9,NULL,NULL),(300,12,10,NULL,NULL),(301,12,11,NULL,NULL),(302,12,12,NULL,NULL),(303,12,13,NULL,NULL),(304,12,14,NULL,NULL),(305,12,15,NULL,NULL),(306,12,16,NULL,NULL),(307,12,17,NULL,NULL),(308,12,18,NULL,NULL),(309,12,19,NULL,NULL),(310,12,20,NULL,NULL),(311,12,6,NULL,NULL),(312,12,21,NULL,NULL),(313,12,22,NULL,NULL),(314,12,23,NULL,NULL),(315,12,24,NULL,NULL),(316,12,25,NULL,NULL),(317,12,26,NULL,NULL),(318,12,27,NULL,NULL),(319,12,28,NULL,NULL),(320,12,29,NULL,NULL),(321,12,30,NULL,NULL),(322,12,31,NULL,NULL),(323,12,32,NULL,NULL),(324,12,33,NULL,NULL),(325,13,7,NULL,NULL),(326,13,8,NULL,NULL),(327,13,9,NULL,NULL),(328,13,10,NULL,NULL),(329,13,11,NULL,NULL),(330,13,12,NULL,NULL),(331,13,13,NULL,NULL),(332,13,14,NULL,NULL),(333,13,15,NULL,NULL),(334,13,16,NULL,NULL),(335,13,17,NULL,NULL),(336,13,18,NULL,NULL),(337,13,19,NULL,NULL),(338,13,20,NULL,NULL),(339,13,6,NULL,NULL),(340,13,21,NULL,NULL),(341,13,22,NULL,NULL),(342,13,23,NULL,NULL),(343,13,24,NULL,NULL),(344,13,25,NULL,NULL),(345,13,26,NULL,NULL),(346,13,27,NULL,NULL),(347,13,28,NULL,NULL),(348,13,29,NULL,NULL),(349,13,30,NULL,NULL),(350,13,31,NULL,NULL),(351,13,32,NULL,NULL),(352,13,33,NULL,NULL),(353,14,34,NULL,NULL),(354,14,35,NULL,NULL),(355,14,36,NULL,NULL),(356,15,34,NULL,NULL),(357,15,35,NULL,NULL),(358,15,37,NULL,NULL),(359,16,7,NULL,NULL),(360,16,8,NULL,NULL),(361,16,9,NULL,NULL),(362,16,10,NULL,NULL),(363,16,11,NULL,NULL),(364,16,12,NULL,NULL),(365,16,13,NULL,NULL),(366,16,14,NULL,NULL),(367,16,15,NULL,NULL),(368,16,16,NULL,NULL),(369,16,17,NULL,NULL),(370,16,18,NULL,NULL),(371,16,19,NULL,NULL),(372,16,20,NULL,NULL),(373,16,6,NULL,NULL),(374,16,21,NULL,NULL),(375,16,22,NULL,NULL),(376,16,23,NULL,NULL),(377,16,24,NULL,NULL),(378,16,25,NULL,NULL),(379,16,26,NULL,NULL),(380,16,27,NULL,NULL),(381,16,28,NULL,NULL),(382,16,29,NULL,NULL),(383,16,30,NULL,NULL),(384,16,31,NULL,NULL),(385,16,32,NULL,NULL),(386,16,33,NULL,NULL),(387,17,7,NULL,NULL),(388,17,8,NULL,NULL),(389,17,9,NULL,NULL),(390,17,10,NULL,NULL),(391,17,11,NULL,NULL),(392,17,12,NULL,NULL),(393,17,13,NULL,NULL),(394,17,14,NULL,NULL),(395,17,15,NULL,NULL),(396,17,16,NULL,NULL),(397,17,17,NULL,NULL),(398,17,18,NULL,NULL),(399,17,19,NULL,NULL),(400,17,20,NULL,NULL),(401,17,6,NULL,NULL),(402,17,21,NULL,NULL),(403,17,22,NULL,NULL),(404,17,23,NULL,NULL),(405,17,24,NULL,NULL),(406,17,25,NULL,NULL),(407,17,26,NULL,NULL),(408,17,27,NULL,NULL),(409,17,28,NULL,NULL),(410,17,29,NULL,NULL),(411,17,30,NULL,NULL),(412,17,31,NULL,NULL),(413,17,32,NULL,NULL),(414,17,33,NULL,NULL),(415,18,7,NULL,NULL),(416,18,8,NULL,NULL),(417,18,9,NULL,NULL),(418,18,10,NULL,NULL),(419,18,11,NULL,NULL),(420,18,12,NULL,NULL),(421,18,13,NULL,NULL),(422,18,14,NULL,NULL),(423,18,15,NULL,NULL),(424,18,16,NULL,NULL),(425,18,17,NULL,NULL),(426,18,18,NULL,NULL),(427,18,19,NULL,NULL),(428,18,20,NULL,NULL),(429,18,6,NULL,NULL),(430,18,21,NULL,NULL),(431,18,22,NULL,NULL),(432,18,23,NULL,NULL),(433,18,24,NULL,NULL),(434,18,25,NULL,NULL),(435,18,26,NULL,NULL),(436,18,27,NULL,NULL),(437,18,28,NULL,NULL),(438,18,29,NULL,NULL),(439,18,30,NULL,NULL),(440,18,31,NULL,NULL),(441,18,32,NULL,NULL),(442,18,33,NULL,NULL),(443,19,7,NULL,NULL),(444,19,8,NULL,NULL),(445,19,9,NULL,NULL),(446,19,10,NULL,NULL),(447,19,11,NULL,NULL),(448,19,12,NULL,NULL),(449,19,13,NULL,NULL),(450,19,14,NULL,NULL),(451,19,15,NULL,NULL),(452,19,16,NULL,NULL),(453,19,17,NULL,NULL),(454,19,18,NULL,NULL),(455,19,19,NULL,NULL),(456,19,20,NULL,NULL),(457,19,6,NULL,NULL),(458,19,21,NULL,NULL),(459,19,22,NULL,NULL),(460,19,23,NULL,NULL),(461,19,24,NULL,NULL),(462,19,25,NULL,NULL),(463,19,26,NULL,NULL),(464,19,27,NULL,NULL),(465,19,28,NULL,NULL),(466,19,29,NULL,NULL),(467,19,30,NULL,NULL),(468,19,31,NULL,NULL),(469,19,32,NULL,NULL),(470,19,33,NULL,NULL),(471,20,7,NULL,NULL),(472,20,8,NULL,NULL),(473,20,9,NULL,NULL),(474,20,10,NULL,NULL),(475,20,11,NULL,NULL),(476,20,12,NULL,NULL),(477,20,13,NULL,NULL),(478,20,14,NULL,NULL),(479,20,15,NULL,NULL),(480,20,16,NULL,NULL),(481,20,17,NULL,NULL),(482,20,18,NULL,NULL),(483,20,19,NULL,NULL),(484,20,20,NULL,NULL),(485,20,6,NULL,NULL),(486,20,21,NULL,NULL),(487,20,22,NULL,NULL),(488,20,23,NULL,NULL),(489,20,24,NULL,NULL),(490,20,25,NULL,NULL),(491,20,26,NULL,NULL),(492,20,27,NULL,NULL),(493,20,28,NULL,NULL),(494,20,29,NULL,NULL),(495,20,30,NULL,NULL),(496,20,31,NULL,NULL),(497,20,32,NULL,NULL),(498,20,33,NULL,NULL),(499,21,7,NULL,NULL),(500,21,8,NULL,NULL),(501,21,9,NULL,NULL),(502,21,10,NULL,NULL),(503,21,11,NULL,NULL),(504,21,12,NULL,NULL),(505,21,13,NULL,NULL),(506,21,14,NULL,NULL),(507,21,15,NULL,NULL),(508,21,16,NULL,NULL),(509,21,17,NULL,NULL),(510,21,18,NULL,NULL),(511,21,19,NULL,NULL),(512,21,20,NULL,NULL),(513,21,6,NULL,NULL),(514,21,21,NULL,NULL),(515,21,22,NULL,NULL),(516,21,23,NULL,NULL),(517,21,24,NULL,NULL),(518,21,25,NULL,NULL),(519,21,26,NULL,NULL),(520,21,27,NULL,NULL),(521,21,28,NULL,NULL),(522,21,29,NULL,NULL),(523,21,30,NULL,NULL),(524,21,31,NULL,NULL),(525,21,32,NULL,NULL),(526,21,33,NULL,NULL),(527,22,7,NULL,NULL),(528,22,8,NULL,NULL),(529,22,9,NULL,NULL),(530,22,10,NULL,NULL),(531,22,11,NULL,NULL),(532,22,12,NULL,NULL),(533,22,13,NULL,NULL),(534,22,14,NULL,NULL),(535,22,15,NULL,NULL),(536,22,16,NULL,NULL),(537,22,17,NULL,NULL),(538,22,18,NULL,NULL),(539,22,19,NULL,NULL),(540,22,20,NULL,NULL),(541,22,6,NULL,NULL),(542,22,21,NULL,NULL),(543,22,22,NULL,NULL),(544,22,23,NULL,NULL),(545,22,24,NULL,NULL),(546,22,25,NULL,NULL),(547,22,26,NULL,NULL),(548,22,27,NULL,NULL),(549,22,28,NULL,NULL),(550,22,29,NULL,NULL),(551,22,30,NULL,NULL),(552,22,31,NULL,NULL),(553,22,32,NULL,NULL),(554,22,33,NULL,NULL),(555,23,7,NULL,NULL),(556,23,8,NULL,NULL),(557,23,9,NULL,NULL),(558,23,10,NULL,NULL),(559,23,11,NULL,NULL),(560,23,12,NULL,NULL),(561,23,13,NULL,NULL),(562,23,14,NULL,NULL),(563,23,15,NULL,NULL),(564,23,16,NULL,NULL),(565,23,17,NULL,NULL),(566,23,18,NULL,NULL),(567,23,19,NULL,NULL),(568,23,20,NULL,NULL),(569,23,6,NULL,NULL),(570,23,21,NULL,NULL),(571,23,22,NULL,NULL),(572,23,23,NULL,NULL),(573,23,24,NULL,NULL),(574,23,25,NULL,NULL),(575,23,26,NULL,NULL),(576,23,27,NULL,NULL),(577,23,28,NULL,NULL),(578,23,29,NULL,NULL),(579,23,38,NULL,NULL),(580,23,30,NULL,NULL),(581,23,31,NULL,NULL),(582,23,32,NULL,NULL),(583,23,33,NULL,NULL),(584,24,7,NULL,NULL),(585,24,8,NULL,NULL),(586,24,9,NULL,NULL),(587,24,10,NULL,NULL),(588,24,11,NULL,NULL),(589,24,12,NULL,NULL),(590,24,13,NULL,NULL),(591,24,14,NULL,NULL),(592,24,15,NULL,NULL),(593,24,16,NULL,NULL),(594,24,17,NULL,NULL),(595,24,18,NULL,NULL),(596,24,19,NULL,NULL),(597,24,20,NULL,NULL),(598,24,6,NULL,NULL),(599,24,21,NULL,NULL),(600,24,22,NULL,NULL),(601,24,23,NULL,NULL),(602,24,24,NULL,NULL),(603,24,25,NULL,NULL),(604,24,26,NULL,NULL),(605,24,27,NULL,NULL),(606,24,28,NULL,NULL),(607,24,29,NULL,NULL),(608,24,30,NULL,NULL),(609,24,31,NULL,NULL),(610,24,32,NULL,NULL),(611,24,33,NULL,NULL),(612,25,7,NULL,NULL),(613,25,8,NULL,NULL),(614,25,9,NULL,NULL),(615,25,10,NULL,NULL),(616,25,11,NULL,NULL),(617,25,12,NULL,NULL),(618,25,13,NULL,NULL),(619,25,14,NULL,NULL),(620,25,15,NULL,NULL),(621,25,16,NULL,NULL),(622,25,17,NULL,NULL),(623,25,18,NULL,NULL),(624,25,19,NULL,NULL),(625,25,20,NULL,NULL),(626,25,6,NULL,NULL),(627,25,21,NULL,NULL),(628,25,22,NULL,NULL),(629,25,23,NULL,NULL),(630,25,24,NULL,NULL),(631,25,25,NULL,NULL),(632,25,26,NULL,NULL),(633,25,27,NULL,NULL),(634,25,28,NULL,NULL),(635,25,29,NULL,NULL),(636,25,30,NULL,NULL),(637,25,31,NULL,NULL),(638,25,32,NULL,NULL),(639,25,33,NULL,NULL),(640,26,7,NULL,NULL),(641,26,8,NULL,NULL),(642,26,9,NULL,NULL),(643,26,10,NULL,NULL),(644,26,11,NULL,NULL),(645,26,12,NULL,NULL),(646,26,13,NULL,NULL),(647,26,14,NULL,NULL),(648,26,15,NULL,NULL),(649,26,16,NULL,NULL),(650,26,17,NULL,NULL),(651,26,18,NULL,NULL),(652,26,19,NULL,NULL),(653,26,20,NULL,NULL),(654,26,6,NULL,NULL),(655,26,21,NULL,NULL),(656,26,22,NULL,NULL),(657,26,23,NULL,NULL),(658,26,24,NULL,NULL),(659,26,25,NULL,NULL),(660,26,26,NULL,NULL),(661,26,27,NULL,NULL),(662,26,28,NULL,NULL),(663,26,29,NULL,NULL),(664,26,30,NULL,NULL),(665,26,31,NULL,NULL),(666,26,32,NULL,NULL),(667,26,33,NULL,NULL),(668,27,7,NULL,NULL),(669,27,8,NULL,NULL),(670,27,9,NULL,NULL),(671,27,10,NULL,NULL),(672,27,11,NULL,NULL),(673,27,12,NULL,NULL),(674,27,13,NULL,NULL),(675,27,14,NULL,NULL),(676,27,15,NULL,NULL),(677,27,16,NULL,NULL),(678,27,17,NULL,NULL),(679,27,18,NULL,NULL),(680,27,19,NULL,NULL),(681,27,20,NULL,NULL),(682,27,6,NULL,NULL),(683,27,21,NULL,NULL),(684,27,22,NULL,NULL),(685,27,23,NULL,NULL),(686,27,24,NULL,NULL),(687,27,25,NULL,NULL),(688,27,26,NULL,NULL),(689,27,27,NULL,NULL),(690,27,28,NULL,NULL),(691,27,29,NULL,NULL),(692,27,30,NULL,NULL),(693,27,31,NULL,NULL),(694,27,32,NULL,NULL),(695,27,33,NULL,NULL),(696,28,7,NULL,NULL),(697,28,8,NULL,NULL),(698,28,9,NULL,NULL),(699,28,10,NULL,NULL),(700,28,11,NULL,NULL),(701,28,12,NULL,NULL),(702,28,13,NULL,NULL),(703,28,14,NULL,NULL),(704,28,15,NULL,NULL),(705,28,16,NULL,NULL),(706,28,17,NULL,NULL),(707,28,18,NULL,NULL),(708,28,19,NULL,NULL),(709,28,20,NULL,NULL),(710,28,6,NULL,NULL),(711,28,21,NULL,NULL),(712,28,22,NULL,NULL),(713,28,23,NULL,NULL),(714,28,24,NULL,NULL),(715,28,25,NULL,NULL),(716,28,26,NULL,NULL),(717,28,27,NULL,NULL),(718,28,28,NULL,NULL),(719,28,29,NULL,NULL),(720,28,30,NULL,NULL),(721,28,31,NULL,NULL),(722,28,32,NULL,NULL),(723,28,33,NULL,NULL),(724,29,7,NULL,NULL),(725,29,8,NULL,NULL),(726,29,9,NULL,NULL),(727,29,10,NULL,NULL),(728,29,11,NULL,NULL),(729,29,12,NULL,NULL),(730,29,13,NULL,NULL),(731,29,14,NULL,NULL),(732,29,15,NULL,NULL),(733,29,16,NULL,NULL),(734,29,17,NULL,NULL),(735,29,18,NULL,NULL),(736,29,19,NULL,NULL),(737,29,20,NULL,NULL),(738,29,6,NULL,NULL),(739,29,21,NULL,NULL),(740,29,22,NULL,NULL),(741,29,23,NULL,NULL),(742,29,24,NULL,NULL),(743,29,25,NULL,NULL),(744,29,26,NULL,NULL),(745,29,27,NULL,NULL),(746,29,28,NULL,NULL),(747,29,29,NULL,NULL),(748,30,7,NULL,NULL),(749,30,8,NULL,NULL),(750,30,9,NULL,NULL),(751,30,10,NULL,NULL),(752,30,11,NULL,NULL),(753,30,12,NULL,NULL),(754,30,13,NULL,NULL),(755,30,14,NULL,NULL),(756,30,15,NULL,NULL),(757,30,16,NULL,NULL),(758,30,17,NULL,NULL),(759,30,18,NULL,NULL),(760,30,19,NULL,NULL),(761,30,20,NULL,NULL),(762,30,6,NULL,NULL),(763,30,21,NULL,NULL),(764,30,22,NULL,NULL),(765,30,23,NULL,NULL),(766,30,24,NULL,NULL),(767,30,25,NULL,NULL),(768,30,26,NULL,NULL),(769,30,27,NULL,NULL),(770,30,28,NULL,NULL),(771,30,29,NULL,NULL),(772,31,7,NULL,NULL),(773,31,8,NULL,NULL),(774,31,9,NULL,NULL),(775,31,10,NULL,NULL),(776,31,11,NULL,NULL),(777,31,12,NULL,NULL),(778,31,13,NULL,NULL),(779,31,14,NULL,NULL),(780,31,15,NULL,NULL),(781,31,16,NULL,NULL),(782,31,17,NULL,NULL),(783,31,18,NULL,NULL),(784,31,19,NULL,NULL),(785,31,20,NULL,NULL),(786,31,6,NULL,NULL),(787,31,21,NULL,NULL),(788,31,22,NULL,NULL),(789,31,23,NULL,NULL),(790,31,24,NULL,NULL),(791,31,25,NULL,NULL),(792,31,26,NULL,NULL),(793,31,27,NULL,NULL),(794,31,28,NULL,NULL),(795,31,29,NULL,NULL),(796,32,7,NULL,NULL),(797,32,8,NULL,NULL),(798,32,9,NULL,NULL),(799,32,10,NULL,NULL),(800,32,11,NULL,NULL),(801,32,12,NULL,NULL),(802,32,13,NULL,NULL),(803,32,14,NULL,NULL),(804,32,15,NULL,NULL),(805,32,16,NULL,NULL),(806,32,17,NULL,NULL),(807,32,18,NULL,NULL),(808,32,19,NULL,NULL),(809,32,20,NULL,NULL),(810,32,6,NULL,NULL),(811,32,21,NULL,NULL),(812,32,22,NULL,NULL),(813,32,23,NULL,NULL),(814,32,24,NULL,NULL),(815,32,25,NULL,NULL),(816,32,26,NULL,NULL),(817,32,27,NULL,NULL),(818,32,28,NULL,NULL),(819,32,29,NULL,NULL),(820,33,7,NULL,NULL),(821,33,8,NULL,NULL),(822,33,9,NULL,NULL),(823,33,10,NULL,NULL),(824,33,11,NULL,NULL),(825,33,12,NULL,NULL),(826,33,13,NULL,NULL),(827,33,14,NULL,NULL),(828,33,15,NULL,NULL),(829,33,16,NULL,NULL),(830,33,17,NULL,NULL),(831,33,18,NULL,NULL),(832,33,19,NULL,NULL),(833,33,20,NULL,NULL),(834,33,6,NULL,NULL),(835,33,21,NULL,NULL),(836,33,22,NULL,NULL),(837,33,23,NULL,NULL),(838,33,24,NULL,NULL),(839,33,25,NULL,NULL),(840,33,26,NULL,NULL),(841,33,27,NULL,NULL),(842,33,28,NULL,NULL),(843,33,29,NULL,NULL),(844,34,7,NULL,NULL),(845,34,8,NULL,NULL),(846,34,9,NULL,NULL),(847,34,10,NULL,NULL),(848,34,11,NULL,NULL),(849,34,12,NULL,NULL),(850,34,13,NULL,NULL),(851,34,14,NULL,NULL),(852,34,15,NULL,NULL),(853,34,16,NULL,NULL),(854,34,17,NULL,NULL),(855,34,18,NULL,NULL),(856,34,19,NULL,NULL),(857,34,20,NULL,NULL),(858,34,6,NULL,NULL),(859,34,21,NULL,NULL),(860,34,22,NULL,NULL),(861,34,23,NULL,NULL),(862,34,24,NULL,NULL),(863,34,25,NULL,NULL),(864,34,26,NULL,NULL),(865,34,27,NULL,NULL),(866,34,28,NULL,NULL),(867,34,29,NULL,NULL),(868,35,7,NULL,NULL),(869,35,8,NULL,NULL),(870,35,9,NULL,NULL),(871,35,10,NULL,NULL),(872,35,11,NULL,NULL),(873,35,12,NULL,NULL),(874,35,13,NULL,NULL),(875,35,14,NULL,NULL),(876,35,15,NULL,NULL),(877,35,16,NULL,NULL),(878,35,17,NULL,NULL),(879,35,18,NULL,NULL),(880,35,19,NULL,NULL),(881,35,20,NULL,NULL),(882,35,6,NULL,NULL),(883,35,21,NULL,NULL),(884,35,22,NULL,NULL),(885,35,23,NULL,NULL),(886,35,24,NULL,NULL),(887,35,25,NULL,NULL),(888,35,26,NULL,NULL),(889,35,27,NULL,NULL),(890,35,28,NULL,NULL),(891,35,29,NULL,NULL),(892,36,7,NULL,NULL),(893,36,8,NULL,NULL),(894,36,9,NULL,NULL),(895,36,10,NULL,NULL),(896,36,11,NULL,NULL),(897,36,12,NULL,NULL),(898,36,13,NULL,NULL),(899,36,14,NULL,NULL),(900,36,15,NULL,NULL),(901,36,16,NULL,NULL),(902,36,17,NULL,NULL),(903,36,18,NULL,NULL),(904,36,19,NULL,NULL),(905,36,20,NULL,NULL),(906,36,6,NULL,NULL),(907,36,21,NULL,NULL),(908,36,22,NULL,NULL),(909,36,23,NULL,NULL),(910,36,24,NULL,NULL),(911,36,25,NULL,NULL),(912,36,26,NULL,NULL),(913,36,27,NULL,NULL),(914,36,28,NULL,NULL),(915,36,29,NULL,NULL),(916,37,34,NULL,NULL),(917,37,35,NULL,NULL),(918,37,39,NULL,NULL),(919,38,40,NULL,NULL),(920,39,37,NULL,NULL),(921,40,41,NULL,NULL),(922,40,42,NULL,NULL),(923,40,43,NULL,NULL),(924,40,44,NULL,NULL),(925,40,45,NULL,NULL),(926,40,46,NULL,NULL),(927,40,47,NULL,NULL),(928,40,48,NULL,NULL),(929,41,41,NULL,NULL),(930,41,42,NULL,NULL),(931,41,43,NULL,NULL),(932,41,44,NULL,NULL),(933,41,45,NULL,NULL),(934,41,46,NULL,NULL),(935,41,47,NULL,NULL),(936,41,48,NULL,NULL),(937,42,49,NULL,NULL),(938,43,7,NULL,NULL),(939,43,8,NULL,NULL),(940,43,9,NULL,NULL),(941,43,10,NULL,NULL),(942,43,11,NULL,NULL),(943,43,12,NULL,NULL),(944,43,13,NULL,NULL),(945,43,14,NULL,NULL),(946,43,15,NULL,NULL),(947,43,16,NULL,NULL),(948,43,17,NULL,NULL),(949,43,18,NULL,NULL),(950,43,19,NULL,NULL),(951,43,20,NULL,NULL),(952,43,6,NULL,NULL),(953,43,21,NULL,NULL),(954,43,22,NULL,NULL),(955,43,23,NULL,NULL),(956,43,24,NULL,NULL),(957,43,25,NULL,NULL),(958,43,26,NULL,NULL),(959,43,27,NULL,NULL),(960,43,28,NULL,NULL),(961,43,29,NULL,NULL),(962,43,50,NULL,NULL),(963,44,7,NULL,NULL),(964,44,8,NULL,NULL),(965,44,9,NULL,NULL),(966,44,10,NULL,NULL),(967,44,11,NULL,NULL),(968,44,12,NULL,NULL),(969,44,13,NULL,NULL),(970,44,14,NULL,NULL),(971,44,15,NULL,NULL),(972,44,16,NULL,NULL),(973,44,17,NULL,NULL),(974,44,18,NULL,NULL),(975,44,19,NULL,NULL),(976,44,20,NULL,NULL),(977,44,6,NULL,NULL),(978,44,21,NULL,NULL),(979,44,22,NULL,NULL),(980,44,23,NULL,NULL),(981,44,24,NULL,NULL),(982,44,25,NULL,NULL),(983,44,26,NULL,NULL),(984,44,27,NULL,NULL),(985,44,28,NULL,NULL),(986,44,29,NULL,NULL),(987,45,51,NULL,NULL),(988,45,52,NULL,NULL),(989,45,53,NULL,NULL),(990,46,7,NULL,NULL),(991,46,8,NULL,NULL),(992,46,9,NULL,NULL),(993,46,10,NULL,NULL),(994,46,11,NULL,NULL),(995,46,12,NULL,NULL),(996,46,13,NULL,NULL),(997,46,14,NULL,NULL),(998,46,15,NULL,NULL),(999,46,16,NULL,NULL),(1000,46,17,NULL,NULL),(1001,46,18,NULL,NULL),(1002,46,19,NULL,NULL),(1003,46,20,NULL,NULL),(1004,46,6,NULL,NULL),(1005,46,21,NULL,NULL),(1006,46,22,NULL,NULL),(1007,46,23,NULL,NULL),(1008,46,24,NULL,NULL),(1009,46,25,NULL,NULL),(1010,46,26,NULL,NULL),(1011,46,27,NULL,NULL),(1012,46,28,NULL,NULL),(1013,46,29,NULL,NULL),(1014,46,54,NULL,NULL),(1015,46,30,NULL,NULL),(1016,46,31,NULL,NULL),(1017,46,32,NULL,NULL),(1018,46,33,NULL,NULL),(1019,47,7,NULL,NULL),(1020,47,8,NULL,NULL),(1021,47,9,NULL,NULL),(1022,47,10,NULL,NULL),(1023,47,11,NULL,NULL),(1024,47,12,NULL,NULL),(1025,47,13,NULL,NULL),(1026,47,14,NULL,NULL),(1027,47,15,NULL,NULL),(1028,47,16,NULL,NULL),(1029,47,17,NULL,NULL),(1030,47,18,NULL,NULL),(1031,47,19,NULL,NULL),(1032,47,20,NULL,NULL),(1033,47,6,NULL,NULL),(1034,47,21,NULL,NULL),(1035,47,22,NULL,NULL),(1036,47,23,NULL,NULL),(1037,47,24,NULL,NULL),(1038,47,25,NULL,NULL),(1039,47,26,NULL,NULL),(1040,47,27,NULL,NULL),(1041,47,28,NULL,NULL),(1042,47,29,NULL,NULL),(1043,47,55,NULL,NULL),(1044,47,30,NULL,NULL),(1045,47,31,NULL,NULL),(1046,47,32,NULL,NULL),(1047,47,33,NULL,NULL),(1048,48,20,NULL,NULL),(1049,48,56,NULL,NULL),(1050,1,1,NULL,NULL),(1051,6,1,NULL,NULL),(1052,10,1,NULL,NULL),(1053,16,1,NULL,NULL),(1054,20,1,NULL,NULL),(1055,49,7,NULL,NULL),(1056,49,8,NULL,NULL),(1057,49,9,NULL,NULL),(1058,49,10,NULL,NULL),(1059,49,11,NULL,NULL),(1060,49,12,NULL,NULL),(1061,49,13,NULL,NULL),(1062,49,14,NULL,NULL),(1063,49,15,NULL,NULL),(1064,49,16,NULL,NULL),(1065,49,17,NULL,NULL),(1066,49,18,NULL,NULL),(1067,49,19,NULL,NULL),(1068,49,20,NULL,NULL),(1069,49,6,NULL,NULL),(1070,49,21,NULL,NULL),(1071,49,22,NULL,NULL),(1072,49,23,NULL,NULL),(1073,49,24,NULL,NULL),(1074,49,25,NULL,NULL),(1075,49,26,NULL,NULL),(1076,49,27,NULL,NULL),(1077,49,28,NULL,NULL),(1078,49,29,NULL,NULL),(1079,49,30,NULL,NULL),(1080,49,31,NULL,NULL),(1081,49,32,NULL,NULL),(1082,49,33,NULL,NULL),(1104,51,7,NULL,NULL),(1105,51,8,NULL,NULL),(1106,51,9,NULL,NULL),(1107,51,10,NULL,NULL),(1108,51,11,NULL,NULL),(1109,51,12,NULL,NULL),(1110,51,13,NULL,NULL),(1111,51,14,NULL,NULL),(1112,51,15,NULL,NULL),(1113,51,16,NULL,NULL),(1114,51,17,NULL,NULL),(1115,51,18,NULL,NULL),(1116,51,19,NULL,NULL),(1117,51,20,NULL,NULL),(1118,51,6,NULL,NULL),(1119,51,22,NULL,NULL),(1120,51,23,NULL,NULL),(1121,51,24,NULL,NULL),(1122,51,25,NULL,NULL),(1123,51,26,NULL,NULL),(1124,51,27,NULL,NULL),(1125,51,28,NULL,NULL),(1126,51,29,NULL,NULL),(1127,51,30,NULL,NULL),(1128,51,31,NULL,NULL),(1129,51,32,NULL,NULL),(1130,51,33,NULL,NULL),(1131,52,7,NULL,NULL),(1132,52,8,NULL,NULL),(1133,52,9,NULL,NULL),(1134,52,10,NULL,NULL),(1135,52,11,NULL,NULL),(1136,52,12,NULL,NULL),(1137,52,13,NULL,NULL),(1138,52,14,NULL,NULL),(1139,52,15,NULL,NULL),(1140,52,16,NULL,NULL),(1141,52,17,NULL,NULL),(1142,52,18,NULL,NULL),(1143,52,19,NULL,NULL),(1144,52,20,NULL,NULL),(1145,52,6,NULL,NULL),(1146,52,22,NULL,NULL),(1147,52,23,NULL,NULL),(1148,52,24,NULL,NULL),(1149,52,25,NULL,NULL),(1150,52,26,NULL,NULL),(1151,52,27,NULL,NULL),(1152,52,28,NULL,NULL),(1153,52,29,NULL,NULL),(1154,52,30,NULL,NULL),(1155,52,31,NULL,NULL),(1156,52,32,NULL,NULL),(1157,52,33,NULL,NULL),(1158,53,7,NULL,NULL),(1159,53,8,NULL,NULL),(1160,53,9,NULL,NULL),(1161,53,10,NULL,NULL),(1162,53,11,NULL,NULL),(1163,53,12,NULL,NULL),(1164,53,13,NULL,NULL),(1165,53,14,NULL,NULL),(1166,53,15,NULL,NULL),(1167,53,16,NULL,NULL),(1168,53,17,NULL,NULL),(1169,53,18,NULL,NULL),(1170,53,19,NULL,NULL),(1171,53,20,NULL,NULL),(1172,53,6,NULL,NULL),(1173,53,22,NULL,NULL),(1174,53,23,NULL,NULL),(1175,53,24,NULL,NULL),(1176,53,25,NULL,NULL),(1177,53,26,NULL,NULL),(1178,53,27,NULL,NULL),(1179,53,28,NULL,NULL),(1180,53,29,NULL,NULL),(1181,53,30,NULL,NULL),(1182,53,31,NULL,NULL),(1183,53,32,NULL,NULL),(1184,53,33,NULL,NULL),(1185,54,7,NULL,NULL),(1186,54,8,NULL,NULL),(1187,54,9,NULL,NULL),(1188,54,11,NULL,NULL),(1189,54,20,NULL,NULL),(1190,54,28,NULL,NULL),(1191,54,58,NULL,NULL),(1192,54,10,NULL,NULL),(1193,54,12,NULL,NULL),(1194,54,13,NULL,NULL),(1195,54,14,NULL,NULL),(1196,54,15,NULL,NULL),(1197,54,16,NULL,NULL),(1198,54,17,NULL,NULL),(1199,54,18,NULL,NULL),(1200,54,19,NULL,NULL),(1201,54,6,NULL,NULL),(1202,54,22,NULL,NULL),(1203,54,23,NULL,NULL),(1204,54,24,NULL,NULL),(1205,54,25,NULL,NULL),(1206,54,26,NULL,NULL),(1207,54,27,NULL,NULL),(1208,54,29,NULL,NULL),(1209,54,30,NULL,NULL),(1210,54,31,NULL,NULL),(1211,54,32,NULL,NULL),(1212,54,33,NULL,NULL),(1213,55,7,NULL,NULL),(1214,55,8,NULL,NULL),(1215,55,9,NULL,NULL),(1216,55,11,NULL,NULL),(1217,55,20,NULL,NULL),(1218,55,28,NULL,NULL),(1219,55,58,NULL,NULL),(1220,55,10,NULL,NULL),(1221,55,12,NULL,NULL),(1222,55,13,NULL,NULL),(1223,55,14,NULL,NULL),(1224,55,15,NULL,NULL),(1225,55,16,NULL,NULL),(1226,55,17,NULL,NULL),(1227,55,18,NULL,NULL),(1228,55,19,NULL,NULL),(1229,55,6,NULL,NULL),(1230,55,22,NULL,NULL),(1231,55,23,NULL,NULL),(1232,55,24,NULL,NULL),(1233,55,25,NULL,NULL),(1234,55,26,NULL,NULL),(1235,55,27,NULL,NULL),(1236,55,29,NULL,NULL),(1237,55,30,NULL,NULL),(1238,55,31,NULL,NULL),(1239,55,32,NULL,NULL),(1240,55,33,NULL,NULL),(1241,56,7,NULL,NULL),(1242,56,8,NULL,NULL),(1243,56,9,NULL,NULL),(1244,56,11,NULL,NULL),(1245,56,20,NULL,NULL),(1246,56,28,NULL,NULL),(1247,56,58,NULL,NULL),(1248,56,10,NULL,NULL),(1249,56,12,NULL,NULL),(1250,56,13,NULL,NULL),(1251,56,14,NULL,NULL),(1252,56,15,NULL,NULL),(1253,56,16,NULL,NULL),(1254,56,17,NULL,NULL),(1255,56,18,NULL,NULL),(1256,56,19,NULL,NULL),(1257,56,6,NULL,NULL),(1258,56,22,NULL,NULL),(1259,56,23,NULL,NULL),(1260,56,24,NULL,NULL),(1261,56,25,NULL,NULL),(1262,56,26,NULL,NULL),(1263,56,27,NULL,NULL),(1264,56,29,NULL,NULL),(1265,56,30,NULL,NULL),(1266,56,31,NULL,NULL),(1267,56,32,NULL,NULL),(1268,56,33,NULL,NULL),(1269,57,7,NULL,NULL),(1270,57,8,NULL,NULL),(1271,57,9,NULL,NULL),(1272,57,11,NULL,NULL),(1273,57,20,NULL,NULL),(1274,57,28,NULL,NULL),(1275,57,58,NULL,NULL),(1276,57,10,NULL,NULL),(1277,57,12,NULL,NULL),(1278,57,13,NULL,NULL),(1279,57,14,NULL,NULL),(1280,57,15,NULL,NULL),(1281,57,16,NULL,NULL),(1282,57,17,NULL,NULL),(1283,57,18,NULL,NULL),(1284,57,19,NULL,NULL),(1285,57,6,NULL,NULL),(1286,57,22,NULL,NULL),(1287,57,23,NULL,NULL),(1288,57,24,NULL,NULL),(1289,57,25,NULL,NULL),(1290,57,26,NULL,NULL),(1291,57,27,NULL,NULL),(1292,57,29,NULL,NULL),(1293,57,30,NULL,NULL),(1294,57,31,NULL,NULL),(1295,57,32,NULL,NULL),(1296,57,33,NULL,NULL),(1297,58,7,NULL,NULL),(1298,58,8,NULL,NULL),(1299,58,9,NULL,NULL),(1300,58,11,NULL,NULL),(1301,58,20,NULL,NULL),(1302,58,28,NULL,NULL),(1303,58,58,NULL,NULL),(1304,58,10,NULL,NULL),(1305,58,12,NULL,NULL),(1306,58,13,NULL,NULL),(1307,58,14,NULL,NULL),(1308,58,15,NULL,NULL),(1309,58,16,NULL,NULL),(1310,58,17,NULL,NULL),(1311,58,18,NULL,NULL),(1312,58,19,NULL,NULL),(1313,58,6,NULL,NULL),(1314,58,22,NULL,NULL),(1315,58,23,NULL,NULL),(1316,58,24,NULL,NULL),(1317,58,25,NULL,NULL),(1318,58,26,NULL,NULL),(1319,58,27,NULL,NULL),(1320,58,29,NULL,NULL),(1321,58,30,NULL,NULL),(1322,58,31,NULL,NULL),(1323,58,32,NULL,NULL),(1324,58,33,NULL,NULL),(1325,59,7,NULL,NULL),(1326,59,8,NULL,NULL),(1327,59,9,NULL,NULL),(1328,59,11,NULL,NULL),(1329,59,20,NULL,NULL),(1330,59,28,NULL,NULL),(1331,59,58,NULL,NULL),(1332,59,10,NULL,NULL),(1333,59,12,NULL,NULL),(1334,59,13,NULL,NULL),(1335,59,14,NULL,NULL),(1336,59,15,NULL,NULL),(1337,59,16,NULL,NULL),(1338,59,17,NULL,NULL),(1339,59,18,NULL,NULL),(1340,59,19,NULL,NULL),(1341,59,6,NULL,NULL),(1342,59,22,NULL,NULL),(1343,59,23,NULL,NULL),(1344,59,24,NULL,NULL),(1345,59,25,NULL,NULL),(1346,59,26,NULL,NULL),(1347,59,27,NULL,NULL),(1348,59,29,NULL,NULL),(1349,59,30,NULL,NULL),(1350,59,31,NULL,NULL),(1351,59,32,NULL,NULL),(1352,59,33,NULL,NULL),(1353,60,7,NULL,NULL),(1354,60,8,NULL,NULL),(1355,60,9,NULL,NULL),(1356,60,11,NULL,NULL),(1357,60,20,NULL,NULL),(1358,60,28,NULL,NULL),(1359,60,58,NULL,NULL),(1360,60,10,NULL,NULL),(1361,60,12,NULL,NULL),(1362,60,13,NULL,NULL),(1363,60,14,NULL,NULL),(1364,60,15,NULL,NULL),(1365,60,16,NULL,NULL),(1366,60,17,NULL,NULL),(1367,60,18,NULL,NULL),(1368,60,19,NULL,NULL),(1369,60,6,NULL,NULL),(1370,60,22,NULL,NULL),(1371,60,23,NULL,NULL),(1372,60,24,NULL,NULL),(1373,60,25,NULL,NULL),(1374,60,26,NULL,NULL),(1375,60,27,NULL,NULL),(1376,60,29,NULL,NULL),(1377,60,30,NULL,NULL),(1378,60,31,NULL,NULL),(1379,60,32,NULL,NULL),(1380,60,33,NULL,NULL),(1381,61,7,NULL,NULL),(1382,61,8,NULL,NULL),(1383,61,9,NULL,NULL),(1384,61,11,NULL,NULL),(1385,61,20,NULL,NULL),(1386,61,28,NULL,NULL),(1387,61,59,NULL,NULL),(1388,62,7,NULL,NULL),(1389,62,8,NULL,NULL),(1390,62,9,NULL,NULL),(1391,62,11,NULL,NULL),(1392,62,20,NULL,NULL),(1393,62,28,NULL,NULL),(1394,62,59,NULL,NULL),(1395,63,7,NULL,NULL),(1396,63,8,NULL,NULL),(1397,63,9,NULL,NULL),(1398,63,11,NULL,NULL),(1399,63,20,NULL,NULL),(1400,63,28,NULL,NULL),(1401,63,59,NULL,NULL),(1402,64,1,NULL,NULL),(1403,64,60,NULL,NULL),(1404,64,61,NULL,NULL),(1405,64,62,NULL,NULL),(1406,64,63,NULL,NULL),(1407,64,64,NULL,NULL),(1408,64,65,NULL,NULL),(1409,64,66,NULL,NULL),(1410,64,3,NULL,NULL),(1411,65,67,NULL,NULL),(1412,66,1,NULL,NULL),(1413,66,56,NULL,NULL),(1414,66,68,NULL,NULL),(1415,66,51,NULL,NULL),(1416,66,52,NULL,NULL),(1417,66,53,NULL,NULL),(1418,67,7,NULL,NULL),(1419,67,8,NULL,NULL),(1420,67,9,NULL,NULL),(1421,67,10,NULL,NULL),(1422,67,11,NULL,NULL),(1423,67,12,NULL,NULL),(1424,67,13,NULL,NULL),(1425,67,14,NULL,NULL),(1426,67,15,NULL,NULL),(1427,67,16,NULL,NULL),(1428,67,17,NULL,NULL),(1429,67,18,NULL,NULL),(1430,67,19,NULL,NULL),(1431,67,20,NULL,NULL),(1432,67,6,NULL,NULL),(1433,67,22,NULL,NULL),(1434,67,23,NULL,NULL),(1435,67,24,NULL,NULL),(1436,67,25,NULL,NULL),(1437,67,26,NULL,NULL),(1438,67,27,NULL,NULL),(1439,67,28,NULL,NULL),(1440,67,29,NULL,NULL),(1441,67,30,NULL,NULL),(1442,67,31,NULL,NULL),(1443,67,32,NULL,NULL),(1444,67,33,NULL,NULL),(1445,68,7,NULL,NULL),(1446,68,8,NULL,NULL),(1447,68,9,NULL,NULL),(1448,68,10,NULL,NULL),(1449,68,11,NULL,NULL),(1450,68,12,NULL,NULL),(1451,68,13,NULL,NULL),(1452,68,14,NULL,NULL),(1453,68,15,NULL,NULL),(1454,68,16,NULL,NULL),(1455,68,17,NULL,NULL),(1456,68,18,NULL,NULL),(1457,68,19,NULL,NULL),(1458,68,20,NULL,NULL),(1459,68,6,NULL,NULL),(1460,68,22,NULL,NULL),(1461,68,23,NULL,NULL),(1462,68,24,NULL,NULL),(1463,68,25,NULL,NULL),(1464,68,26,NULL,NULL),(1465,68,27,NULL,NULL),(1466,68,28,NULL,NULL),(1467,68,29,NULL,NULL),(1468,68,30,NULL,NULL),(1469,68,31,NULL,NULL),(1470,68,32,NULL,NULL),(1471,68,33,NULL,NULL),(1472,69,7,NULL,NULL),(1473,69,8,NULL,NULL),(1474,69,9,NULL,NULL),(1475,69,10,NULL,NULL),(1476,69,11,NULL,NULL),(1477,69,12,NULL,NULL),(1478,69,13,NULL,NULL),(1479,69,14,NULL,NULL),(1480,69,15,NULL,NULL),(1481,69,16,NULL,NULL),(1482,69,17,NULL,NULL),(1483,69,18,NULL,NULL),(1484,69,19,NULL,NULL),(1485,69,20,NULL,NULL),(1486,69,6,NULL,NULL),(1487,69,22,NULL,NULL),(1488,69,23,NULL,NULL),(1489,69,24,NULL,NULL),(1490,69,25,NULL,NULL),(1491,69,26,NULL,NULL),(1492,69,27,NULL,NULL),(1493,69,28,NULL,NULL),(1494,69,29,NULL,NULL),(1495,69,30,NULL,NULL),(1496,69,31,NULL,NULL),(1497,69,32,NULL,NULL),(1498,69,33,NULL,NULL),(1499,50,69,NULL,NULL),(1500,50,70,NULL,NULL);
/*!40000 ALTER TABLE `notify_shortcode_notify_template_draft` ENABLE KEYS */;
UNLOCK TABLES;

--
-- Table structure for table `notify_shortcodes`
--

DROP TABLE IF EXISTS `notify_shortcodes`;
/*!40101 SET @saved_cs_client     = @@character_set_client */;
/*!40101 SET character_set_client = utf8 */;
CREATE TABLE `notify_shortcodes` (
  `id` int(10) unsigned NOT NULL AUTO_INCREMENT,
  `key_name` varchar(50) NOT NULL,
  `shortcode` varchar(100) NOT NULL,
  `desc_lang_key` varchar(255) NOT NULL,
  `plugin_name` varchar(50) DEFAULT NULL,
  `created_at` timestamp NULL DEFAULT NULL,
  `updated_at` timestamp NULL DEFAULT NULL,
  PRIMARY KEY (`id`),
  UNIQUE KEY `notify_shortcodes_key_name_unique` (`key_name`),
  UNIQUE KEY `notify_shortcodes_shortcode_unique` (`shortcode`)
) ENGINE=InnoDB AUTO_INCREMENT=71 DEFAULT CHARSET=utf8mb3 COLLATE=utf8mb3_unicode_ci;
/*!40101 SET character_set_client = @saved_cs_client */;

--
-- Dumping data for table `notify_shortcodes`
--

LOCK TABLES `notify_shortcodes` WRITE;
/*!40000 ALTER TABLE `notify_shortcodes` DISABLE KEYS */;
INSERT INTO `notify_shortcodes` VALUES (1,'receiver_name','{!! $receiver_name !!}','receiver_name_desc_key',NULL,'2024-10-24 03:58:38','2024-10-24 03:58:38'),(2,'system_link','{!! $system_link !!}','system_link_desc_key',NULL,'2024-10-24 03:58:38','2024-10-24 03:58:38'),(3,'system_name','{!! $system_name !!}','system_name_desc_key',NULL,'2024-10-24 03:58:38','2024-10-24 03:58:38'),(4,'company_name','{!! $company_name !!}','company_name_desc_key',NULL,'2024-10-24 03:58:38','2024-10-24 03:58:38'),(5,'company_link','{!! $company_link !!}','company_link_desc_key',NULL,'2024-10-24 03:58:38','2024-10-24 03:58:38'),(6,'activity_by','{!! $activity_by !!}','activity_by_desc_key',NULL,'2024-10-24 03:58:38','2024-10-24 03:58:38'),(7,'ticket_link','{!! $ticket_link !!}','ticket_link_desc_key',NULL,'2024-10-24 03:58:38','2024-10-24 03:58:38'),(8,'ticket_number','{!! $ticket_number !!}','ticket_number_desc_key',NULL,'2024-10-24 03:58:38','2024-10-24 03:58:38'),(9,'ticket_subject','{!! $ticket_subject !!}','ticket_subject_desc_key',NULL,'2024-10-24 03:58:38','2024-10-24 03:58:38'),(10,'ticket_due_date','{!! $ticket_due_date !!}','ticket_due_date_desc_key',NULL,'2024-10-24 03:58:38','2024-10-24 03:58:38'),(11,'ticket_created_at','{!! $ticket_created_at !!}','ticket_created_at_desc_key',NULL,'2024-10-24 03:58:38','2024-10-24 03:58:38'),(12,'department_signature','{!! $department_signature !!}','department_signature_desc_key',NULL,'2024-10-24 03:58:38','2024-10-24 03:58:38'),(13,'agent_name','{!! $agent_name !!}','agent_name_desc_key',NULL,'2024-10-24 03:58:38','2024-10-24 03:58:38'),(14,'agent_email','{!! $agent_email !!}','agent_email_desc_key',NULL,'2024-10-24 03:58:38','2024-10-24 03:58:38'),(15,'agent_contact','{!! $agent_contact !!}','agent_contact_desc_key',NULL,'2024-10-24 03:58:38','2024-10-24 03:58:38'),(16,'agent_sign','{!! $agent_sign !!}','agent_sign_desc_key',NULL,'2024-10-24 03:58:38','2024-10-24 03:58:38'),(17,'client_name','{!! $client_name !!}','client_name_desc_key',NULL,'2024-10-24 03:58:38','2024-10-24 03:58:38'),(18,'client_email','{!! $client_email !!}','client_email_desc_key',NULL,'2024-10-24 03:58:38','2024-10-24 03:58:38'),(19,'client_contact','{!! $client_contact !!}','client_contact_desc_key',NULL,'2024-10-24 03:58:38','2024-10-24 03:58:38'),(20,'message_content','{!! $message_content !!}','message_content_desc_key',NULL,'2024-10-24 03:58:38','2024-10-24 03:58:38'),(21,'ticket_link_for_clients','{!! $ticket_link_for_clients !!}','ticket_link_for_clients_desc_key',NULL,'2024-10-24 03:58:38','2024-10-24 03:58:38'),(22,'ticket_priority','{!! $ticket_priority !!}','ticket_priority_desc_key',NULL,'2024-10-24 03:58:38','2024-10-24 03:58:38'),(23,'ticket_department','{!! $ticket_department !!}','ticket_department_desc_key',NULL,'2024-10-24 03:58:38','2024-10-24 03:58:38'),(24,'ticket_sla','{!! $ticket_sla !!}','ticket_sla_desc_key',NULL,'2024-10-24 03:58:38','2024-10-24 03:58:38'),(25,'ticket_source','{!! $ticket_source !!}','ticket_source_desc_key',NULL,'2024-10-24 03:58:38','2024-10-24 03:58:38'),(26,'ticket_helptopic','{!! $ticket_helptopic !!}','ticket_helptopic_desc_key',NULL,'2024-10-24 03:58:38','2024-10-24 03:58:38'),(27,'assigned_team_name','{!! $assigned_team_name !!}','assigned_team_name_desc_key',NULL,'2024-10-24 03:58:38','2024-10-24 03:58:38'),(28,'ticket_title','{!! $ticket_title !!}','ticket_title_desc_key',NULL,'2024-10-24 03:58:38','2024-10-24 03:58:38'),(29,'ticket_status','{!! $ticket_status !!}','ticket_status_desc_key',NULL,'2024-10-24 03:58:38','2024-10-24 03:58:38'),(30,'actor_name','{!! $actor_name !!}','actor_name_desc_key',NULL,'2024-10-24 03:58:38','2024-10-24 03:58:38'),(31,'actor_email','{!! $actor_email !!}','actor_email_desc_key',NULL,'2024-10-24 03:58:38','2024-10-24 03:58:38'),(32,'actor_contact','{!! $actor_contact !!}','actor_contact_desc_key',NULL,'2024-10-24 03:58:38','2024-10-24 03:58:38'),(33,'actor_sign','{!! $actor_sign !!}','actor_sign_desc_key',NULL,'2024-10-24 03:58:38','2024-10-24 03:58:38'),(34,'new_user_name','{!! $new_user_name !!}','new_user_name_desc_key',NULL,'2024-10-24 03:58:38','2024-10-24 03:58:38'),(35,'new_user_email','{!! $new_user_email !!}','new_user_email_desc_key',NULL,'2024-10-24 03:58:38','2024-10-24 03:58:38'),(36,'user_profile_link','{!! $user_profile_link !!}','user_profile_link_desc_key',NULL,'2024-10-24 03:58:38','2024-10-24 03:58:38'),(37,'user_password','{!! $user_password !!}','user_password_desc_key',NULL,'2024-10-24 03:58:38','2024-10-24 03:58:38'),(38,'rating_value','{!! $rating_value !!}','rating_value_desc_key',NULL,'2024-10-24 03:58:39','2024-10-24 03:58:39'),(39,'account_activation_link','{!! $account_activation_link !!}','account_activation_link_desc_key',NULL,'2024-10-24 03:58:39','2024-10-24 03:58:39'),(40,'password_reset_link','{!! $password_reset_link !!}','password_reset_link_desc_key',NULL,'2024-10-24 03:58:39','2024-10-24 03:58:39'),(41,'login_name','{!! $login_name !!}','login_name_desc_key',NULL,'2024-10-24 03:58:39','2024-10-24 03:58:39'),(42,'login_appName','{!! $login_appName !!}','login_appName_desc_key',NULL,'2024-10-24 03:58:39','2024-10-24 03:58:39'),(43,'login_accountEmail','{!! $login_accountEmail !!}','login_accountEmail_desc_key',NULL,'2024-10-24 03:58:39','2024-10-24 03:58:39'),(44,'login_time','{!! $login_time !!}','login_time_desc_key',NULL,'2024-10-24 03:58:39','2024-10-24 03:58:39'),(45,'login_ipAddress','{!! $login_ipAddress !!}','login_ipAddress_desc_key',NULL,'2024-10-24 03:58:39','2024-10-24 03:58:39'),(46,'login_browser','{!! $login_browser !!}','login_browser_desc_key',NULL,'2024-10-24 03:58:39','2024-10-24 03:58:39'),(47,'login_platform','{!! $login_platform !!}','login_platform_desc_key',NULL,'2024-10-24 03:58:39','2024-10-24 03:58:39'),(48,'login_device','{!! $login_device !!}','login_device_desc_key',NULL,'2024-10-24 03:58:39','2024-10-24 03:58:39'),(49,'version','{!! $version !!}','version_desc_key',NULL,'2024-10-24 03:58:39','2024-10-24 03:58:39'),(50,'ratings_icon_with_link','{!! $ratings_icon_with_link !!}','ratings_icon_with_link_desc_key',NULL,'2024-10-24 03:58:39','2024-10-24 03:58:39'),(51,'report_type','{!! $report_type !!}','report_type_desc_key',NULL,'2024-10-24 03:58:39','2024-10-24 03:58:39'),(52,'report_link','{!! $report_link !!}','report_link_desc_key',NULL,'2024-10-24 03:58:39','2024-10-24 03:58:39'),(53,'report_expiry','{!! $report_expiry !!}','report_expiry_desc_key',NULL,'2024-10-24 03:58:39','2024-10-24 03:58:39'),(54,'ticket_conversation','{!! $ticket_conversation !!}','ticket_conversation_desc_key',NULL,'2024-10-24 03:58:39','2024-10-24 03:58:39'),(55,'approval_link','{!! $approval_link !!}','approval_link_desc_key',NULL,'2024-10-24 03:58:39','2024-10-24 03:58:39'),(56,'subject','{!! $subject !!}','subject_desc_key',NULL,'2024-10-24 03:58:39','2024-10-24 03:58:39'),(57,'portal_logo','{!! $portal_logo !!}','portal_logo_desc_key',NULL,'2024-10-24 03:58:40','2024-10-24 03:58:40'),(58,'parent_ticket','{!! $parent_ticket !!}','parent_ticket_desc_key',NULL,'2024-10-24 03:58:40','2024-10-24 03:58:40'),(59,'child_ticket','{!! $child_ticket !!}','child_ticket_desc_key',NULL,'2024-10-24 03:58:40','2024-10-24 03:58:40'),(60,'job_name','{!! $job_name !!}','job_name_desc_key',NULL,'2024-10-24 03:58:40','2024-10-24 03:58:40'),(61,'job_details','{!! $job_details !!}','job_details_desc_key',NULL,'2024-10-24 03:58:40','2024-10-24 03:58:40'),(62,'connection_name','{!! $connection_name !!}','connection_name_desc_key',NULL,'2024-10-24 03:58:40','2024-10-24 03:58:40'),(63,'exception_message','{!! $exception_message !!}','exception_message_desc_key',NULL,'2024-10-24 03:58:40','2024-10-24 03:58:40'),(64,'exception_line','{!! $exception_line !!}','exception_line_desc_key',NULL,'2024-10-24 03:58:40','2024-10-24 03:58:40'),(65,'exception_file','{!! $exception_file !!}','exception_file_desc_key',NULL,'2024-10-24 03:58:40','2024-10-24 03:58:40'),(66,'exception_trace','{!! $exception_trace !!}','exception_trace_desc_key',NULL,'2024-10-24 03:58:40','2024-10-24 03:58:40'),(67,'export_link','{!! $export_link !!}','export_link_desc_key',NULL,'2024-10-24 03:58:40','2024-10-24 03:58:40'),(68,'description','{!! $description !!}','description_desc_key',NULL,'2024-10-24 03:58:40','2024-10-24 03:58:40'),(69,'ticket_activity_log','{!! $ticket_activity_log !!}','ticket_activity_log_desc_key',NULL,'2024-10-24 03:58:41','2024-10-24 03:58:41'),(70,'ticket_approval_activity_log','{!! $ticket_approval_activity_log !!}','ticket_approval_activity_log_desc_key',NULL,'2024-10-24 03:58:41','2024-10-24 03:58:41');
/*!40000 ALTER TABLE `notify_shortcodes` ENABLE KEYS */;
UNLOCK TABLES;

--
-- Table structure for table `notify_template_categories`
--

DROP TABLE IF EXISTS `notify_template_categories`;
/*!40101 SET @saved_cs_client     = @@character_set_client */;
/*!40101 SET character_set_client = utf8 */;
CREATE TABLE `notify_template_categories` (
  `id` int(10) unsigned NOT NULL AUTO_INCREMENT,
  `category` varchar(50) NOT NULL,
  `lang_key` varchar(100) NOT NULL,
  `desc_lang_key` varchar(150) NOT NULL,
  `created_at` timestamp NULL DEFAULT NULL,
  `updated_at` timestamp NULL DEFAULT NULL,
  PRIMARY KEY (`id`),
  UNIQUE KEY `notify_template_categories_category_unique` (`category`)
) ENGINE=InnoDB AUTO_INCREMENT=6 DEFAULT CHARSET=utf8mb3 COLLATE=utf8mb3_unicode_ci;
/*!40101 SET character_set_client = @saved_cs_client */;

--
-- Dumping data for table `notify_template_categories`
--

LOCK TABLES `notify_template_categories` WRITE;
/*!40000 ALTER TABLE `notify_template_categories` DISABLE KEYS */;
INSERT INTO `notify_template_categories` VALUES (1,'agent_templates','agent_templates_lang_key','agent_templates_desc_key','2024-10-24 03:58:38','2024-10-24 03:58:38'),(2,'client_templates','client_templates_lang_key','client_templates_desc_key','2024-10-24 03:58:38','2024-10-24 03:58:38'),(3,'org_mngr_templates','org_mngr_templates_lang_key','org_mngr_templates_desc_key','2024-10-24 03:58:38','2024-10-24 03:58:38'),(4,'assigned_agent_templates','assigned_agent_templates_lang_key','assigned_agent_templates_desc_key','2024-10-24 03:58:38','2024-10-24 03:58:38'),(5,'common_templates','common_templates_lang_key','common_templates_desc_key','2024-10-24 03:58:38','2024-10-24 03:58:38');
/*!40000 ALTER TABLE `notify_template_categories` ENABLE KEYS */;
UNLOCK TABLES;

--
-- Table structure for table `notify_template_drafts`
--

DROP TABLE IF EXISTS `notify_template_drafts`;
/*!40101 SET @saved_cs_client     = @@character_set_client */;
/*!40101 SET character_set_client = utf8 */;
CREATE TABLE `notify_template_drafts` (
  `id` int(10) unsigned NOT NULL AUTO_INCREMENT,
  `template` varchar(150) NOT NULL,
  `desc_lang_key` varchar(150) NOT NULL,
  `subject` varchar(255) NOT NULL,
  `long_message` text NOT NULL,
  `short_message` text NOT NULL,
  `category_id` int(10) unsigned NOT NULL,
  `created_at` timestamp NULL DEFAULT NULL,
  `updated_at` timestamp NULL DEFAULT NULL,
  PRIMARY KEY (`id`),
  UNIQUE KEY `notify_template_drafts_template_unique` (`template`),
  KEY `notify_template_drafts_category_id_foreign` (`category_id`),
  CONSTRAINT `notify_template_drafts_category_id_foreign` FOREIGN KEY (`category_id`) REFERENCES `notify_template_categories` (`id`) ON DELETE CASCADE
) ENGINE=InnoDB AUTO_INCREMENT=70 DEFAULT CHARSET=utf8mb3 COLLATE=utf8mb3_unicode_ci;
/*!40101 SET character_set_client = @saved_cs_client */;

--
-- Dumping data for table `notify_template_drafts`
--

LOCK TABLES `notify_template_drafts` WRITE;
/*!40000 ALTER TABLE `notify_template_drafts` DISABLE KEYS */;
INSERT INTO `notify_template_drafts` VALUES (1,'new_ticket_alert_template','new_ticket_alert_template_desc_key','#{!! $ticket_number !!} | New ticket has been created','<div style=\"width: 100%!important; margin: 0; padding: 0;\"><div style=\"padding: 15px; line-height: 18px; font-family: Lucida Grande,Verdana,Arial,sans-serif; font-size: 12px; color: #444444;\"><p>Hello {!! $receiver_name !!},<br /><br />New ticket with ID: {!! $ticket_number !!} has been created in our helpdesk.<br /><br /><strong>Client Details</strong><br /><strong>Name:</strong> {!! $client_name !!}<br /><strong>E-mail:</strong> {!! $client_email !!}<br /><br /><strong>Message</strong><br />{!! $message_content !!}</p>Kind regards,<br />{!! $system_name !!}</p></div></div>','#{!! $ticket_number !!} : New ticket has been created in the system',1,'2024-10-24 03:58:38','2024-10-24 03:58:38'),(2,'ticket_created_by_agent_ack_template','ticket_created_by_agent_ack_template_desc_key','#{!! $ticket_number !!} | Your Request has been received','<div style=\"width: 100%!important; margin: 0; padding: 0;\"><div style=\"padding: 15px; line-height: 18px; font-family: Lucida Grande,Verdana,Arial,sans-serif; font-size: 12px; color: #444444;\"><p>Hello {!! $receiver_name !!},<br /><br />Thank you for contacting us. This is to confirm that our agent has logged your request in our support system. When replying, please make sure that the ticket ID is kept in the subject so that we can track your replies.<br /><br /><strong>Ticket ID:</strong> {!! $ticket_number !!} <br /><strong>Request message:</strong> {!! $message_content !!} <br /><br />You can check the status of or update this ticket online at: <a href=\"{!! $system_link !!}\" target=\"_blank\">{!! $system_link !!}</a></p>{!! $department_signature !!}</div></div>','#{!! $ticket_number !!} : Our agent has created your ticket',2,'2024-10-24 03:58:38','2024-10-24 03:58:38'),(3,'ticket_created_by_agent_ack_org_template','ticket_created_by_agent_ack_org_template_desc_key','#{!! $ticket_number !!} | A ticket has been requested','<div style=\"width: 100%!important; margin: 0; padding: 0;\"><div style=\"padding: 15px; line-height: 18px; font-family: Lucida Grande,Verdana,Arial,sans-serif; font-size: 12px; color: #444444;\"><p>Hello {!! $receiver_name !!},<br/><br/>Our agent has created a new ticket for a request of your organization&#39;s member.</p><p><strong>Ticket ID:</strong>&nbsp; {!! $ticket_number !!}<br/><br/><strong>Member&#39;s Details:</strong><br/><strong>Name:</strong>&nbsp; {!! $client_name !!}<br/><strong>E-mail:</strong> {!! $client_email !!}<br/><br/><strong>Message:</strong><br/>{!! $message_content !!}</p>Kind regards,<br />{!! $system_name !!}</div></div>','#{!! $ticket_number !!} : Our agent has created your organization ticket',3,'2024-10-24 03:58:38','2024-10-24 03:58:38'),(4,'ticket_created_by_client_ack_template','ticket_created_by_client_ack_template_desc_key','#{!! $ticket_number !!} | Your Request has been received','<div style=\"width: 100%!important; margin: 0; padding: 0;\"><div style=\"padding: 15px; line-height: 18px; font-family: Lucida Grande,Verdana,Arial,sans-serif; font-size: 12px; color: #444444;\"><p>Hello {!! $receiver_name !!},<br /><br />Thank you for contacting us. This is an automated response confirming the receipt of your ticket. Our team will get back to you as soon as possible. When replying, please make sure that the ticket ID is kept in the subject so that we can track your replies.<br /><br /><strong>Ticket ID:</strong> {!! $ticket_number !!} <br /><br />You can check the status of or update this ticket online at: <a href=\"{!! $system_link !!}\" target=\"_blank\">{!! $system_link !!}</a></p>{!! $department_signature !!}</div></div>','#{!! $ticket_number !!} : Your ticket has been created.',2,'2024-10-24 03:58:38','2024-10-24 03:58:38'),(5,'ticket_created_by_client_ack_org_template','ticket_created_by_client_ack_org_template_desc_key','#{!! $ticket_number !!} | A ticket has been requested','<div style=\"width: 100%!important; margin: 0; padding: 0;\"><div style=\"padding: 15px; line-height: 18px; font-family: Lucida Grande,Verdana,Arial,sans-serif; font-size: 12px; color: #444444;\"><p>Hello {!! $receiver_name !!},<br/><br/>A member of your organization has created a new ticket in our helpdesk system.</p><p><strong>Ticket ID:</strong>&nbsp; {!! $ticket_number !!}<br/><br/><strong>Member&#39;s Details</strong><br/><strong>Name:</strong>&nbsp; {!! $client_name !!}<br/><strong>E-mail:</strong> {!! $client_email !!}<br/><br/><strong>Message</strong><br/>{!! $message_content !!}</p>Kind regards,<br />{!! $system_name !!}</div></div>','#{!! $ticket_number !!} : Your organization ticket has been created',3,'2024-10-24 03:58:38','2024-10-24 03:58:38'),(6,'template_ticket_reply_to_agents_by_agent_template','template_ticket_reply_to_agents_by_agent_template_desc_key','#{!! $ticket_number !!} | New agent reply on the ticket','<div style=\"width: 100%!important; margin: 0; padding: 0;\"><div style=\"padding: 15px; line-height: 18px; font-family: Lucida Grande,Verdana,Arial,sans-serif; font-size: 12px; color: #444444;\"><p>Hello {!! $receiver_name !!},<br /><br />An agent has replied to a ticket with ID: {!! $ticket_number !!}.<br /><br /><strong>Reply content:</strong><br />{!! $message_content !!}<br /><br /><strong>Ticket link:</strong> <a href=\"{!! $ticket_link !!}\" target=\"_blank\">{!! $ticket_link !!}</a><br /><br /></p>{!! $agent_signature !!}</div></div>','#{!! $ticket_number !!} : An agent has replied on the ticket',1,'2024-10-24 03:58:38','2024-10-24 03:58:38'),(7,'template_ticket_reply_to_assigned_agents_by_agent_template','template_ticket_reply_to_assigned_agents_by_agent_template_desc_key','#{!! $ticket_number !!} | New agent reply on the ticket','<div style=\"width: 100%!important; margin: 0; padding: 0;\"><div style=\"padding: 15px; line-height: 18px; font-family: Lucida Grande,Verdana,Arial,sans-serif; font-size: 12px; color: #444444;\"><p> Hello {!! $receiver_name !!},<br /><br />A reply has been made to a ticket assigned to you with ID: {!! $ticket_number !!} by {!! $activity_by !!} in our helpdesk system.<br /><br /><strong>Reply content</strong><br />{!! $message_content !!}<br /><br /><strong>Ticket link</strong><br /><a href=\"{!! $ticket_link !!}\" target=\"_blank\">{!! $ticket_link !!}</a><br /><br /></p>{!! $agent_signature !!}</div></div>','#{!! $ticket_number !!} : An agent has replied on your assigned ticket',4,'2024-10-24 03:58:38','2024-10-24 03:58:38'),(8,'template_ticket_reply_to_client_by_agent_template','template_ticket_reply_to_client_by_agent_template_desc_key','#{!! $ticket_number !!} | New reply on the ticket','<div style=\"width: 100%!important; margin: 0; padding: 0;\"><div style=\"padding: 15px; line-height: 18px; font-family: Lucida Grande,Verdana,Arial,sans-serif; font-size: 12px; color: #444444;\">{!! $message_content !!}<br /><br /><strong>Ticket Details</strong><br/><strong>Ticket ID:</strong> {!! $ticket_number !!}<br />{!! $agent_signature !!}</div></div>','#{!! $ticket_number !!} : New reply on your ticket',2,'2024-10-24 03:58:38','2024-10-24 03:58:38'),(9,'template_ticket_reply_to_org_mngr_by_agent_template','template_ticket_reply_to_org_mngr_by_agent_template_desc_key','#{!! $ticket_number !!} | New reply on the ticket','<div style=\"width: 100%!important; margin: 0; padding: 0;\"><div style=\"padding: 15px; line-height: 18px; font-family: Lucida Grande,Verdana,Arial,sans-serif; font-size: 12px; color: #444444;\">{!! $message_content !!}<br /><br /><strong>Ticket Details</strong><br/><strong>Ticket ID:</strong> {!! $ticket_number !!}<br />{!! $agent_signature !!}</div></div>','#{!! $ticket_number !!} : New reply on your ticket organization ticket',3,'2024-10-24 03:58:38','2024-10-24 03:58:38'),(10,'template_ticket_reply_to_agents_by_client_template','template_ticket_reply_to_agents_by_client_template_desc_key','#{!! $ticket_number !!} | New response on the ticket','<div style=\"width: 100%!important; margin: 0; padding: 0;\"><div style=\"padding: 15px; line-height: 18px; font-family: Lucida Grande,Verdana,Arial,sans-serif; font-size: 12px; color: #444444;\"><p>Hello {!! $receiver_name !!},<br /><br />Client has made a new reply on their ticket in our helpdesk system.<br /><br /><strong>Ticket ID:</strong>  {!! $ticket_number !!}<br /><br /><strong>Reply Message:</strong><br />{!! $message_content !!}<br /><br />Please follow the link below to check and reply on ticket.<br /><a href=\"{!! $ticket_link !!}\" target=\"_blank\">{!! $ticket_link !!}</a></p>Kind regards,<br />{!! $system_name !!}</div></div>','#{!! $ticket_number !!} : new response on the ticket.',1,'2024-10-24 03:58:38','2024-10-24 03:58:38'),(11,'template_ticket_reply_to_assigned_agents_by_client_template','template_ticket_reply_to_assigned_agents_by_client_template_desc_key','#{!! $ticket_number !!} | New response on the ticket','<div style=\"width: 100%!important; margin: 0; padding: 0;\"><div style=\"padding: 15px; line-height: 18px; font-family: Lucida Grande,Verdana,Arial,sans-serif; font-size: 12px; color: #444444;\"><p>Hello {!! $receiver_name !!},<br /><br />Client has made a new reply on their ticket which is assigned to you.<br /><br /><strong>Ticket ID:</strong>  {!! $ticket_number !!}<br /><br /><strong>Reply Message</strong><br />{!! $message_content !!}<br /><br />Please follow the link below to check and reply on ticket.<br /><a href=\"{!! $ticket_link !!}\" target=\"_blank\">{!! $ticket_link !!}</a></p>Kind regards,<br />{!! $system_name !!}</div></div>','#{!! $ticket_number !!} : new response on your assigned ticket.',4,'2024-10-24 03:58:38','2024-10-24 03:58:38'),(12,'template_ticket_reply_to_client_by_client_template','template_ticket_reply_to_client_by_client_template_desc_key','#{!! $ticket_number !!} | New reply on the ticket','<div style=\"width: 100%!important; margin: 0; padding: 0;\"><div style=\"padding: 15px; line-height: 18px; font-family: Lucida Grande,Verdana,Arial,sans-serif; font-size: 12px; color: #444444;\"><p>Hello {!! $receiver_name !!},<br /><br />{!! $activity_by !!} has made a new reply on the ticket with Id <strong>{!! $ticket_number !!}</strong><br /><br /><strong>Reply Message</strong><br />{!! $message_content !!}<br /><br />Please follow the link below to check and reply on ticket.<br /><a href=\"{!! $ticket_link_for_clients !!}\" target=\"_blank\">{!! $ticket_link_for_clients !!}</a></p>Kind regards,<br />{!! $system_name !!}</div></div>','#{!! $ticket_number !!} : new response on your ticket',2,'2024-10-24 03:58:38','2024-10-24 03:58:38'),(13,'template_ticket_reply_to_org_mngr_by_client_template','template_ticket_reply_to_org_mngr_by_client_template_desc_key','#{!! $ticket_number !!} | New reply on the ticket','<div style=\"width: 100%!important; margin: 0; padding: 0;\"><div style=\"padding: 15px; line-height: 18px; font-family: Lucida Grande,Verdana,Arial,sans-serif; font-size: 12px; color: #444444;\"><p>Hello {!! $receiver_name !!},<br /><br />A new reply has been made on your organization member\'s ticket in our system.<br /><br /><strong>Ticket ID:</strong>  {!! $ticket_number !!}<br /><br /><strong>Reply Message</strong><br />{!! $message_content !!}<br /><br />Please follow the link below to check and reply on ticket.<br /><a href=\"{!! $ticket_link_for_clients !!}\" target=\"_blank\">{!! $ticket_link_for_clients !!}</a></p>Kind regards,<br />{!! $system_name !!}</div></div>','#{!! $ticket_number !!} : new response on your organisation ticket.',3,'2024-10-24 03:58:38','2024-10-24 03:58:38'),(14,'new_user_template','new_user_template_desc_key','New user has been registered','<div style=\"width: 100%!important; margin: 0; padding: 0;\"><div style=\"padding: 15px; line-height: 18px; font-family: Lucida Grande,Verdana,Arial,sans-serif; font-size: 12px; color: #444444;\"><p>Hello {!! $receiver_name !!},<br/><br/>A new user has been registered in our helpdesk system.<br/><br/><strong>User Details</strong><br/><strong>Name: </strong>{!! $new_user_name !!}<br/><strong>Email</strong><strong>:</strong> {!! $new_user_email !!}<br/><br/>You can check or update the user\'s complete profile by clicking the link below<br/>{!! $user_profile_link !!}</p>Kind regards,<br />{!! $system_name !!}</div></div>','A new user has been registered',1,'2024-10-24 03:58:38','2024-10-24 03:58:38'),(15,'registration_notification_template','registration_notification_template_desc_key','Registration Confirmation','<div style=\"width: 100%!important; margin: 0; padding: 0;\"><div style=\"padding: 15px; line-height: 18px; font-family: Lucida Grande,Verdana,Arial,sans-serif; font-size: 12px; color: #444444;\"><p>Hello {!! $receiver_name !!},<br /><br />This email is confirmation that you are now registered on <a href=\"{!! $system_link !!}\" target=\"_blank\">{!! $system_name !!}</a>.<br /><br /><strong>Registered Email:</strong> {!! $new_user_email !!}<br /><strong>Password:</strong> {!! $user_password !!}<br /><br />You can visit the helpdesk to browse articles and contact us at any time: <a href=\"{!! $system_link !!}\" target=\"_blank\">{!! $system_link !!}</a></p>Kind regards,<br />{!! $system_name !!}</div></div>','You account has been registered successfully',5,'2024-10-24 03:58:38','2024-10-24 03:58:38'),(16,'ticket_agent_assignment_agents_template','ticket_agent_assignment_agents_template_desc_key','#{!! $ticket_number !!} | Assigned to an agent','<div style=\"width: 100%!important; margin: 0; padding: 0;\"><div style=\"padding: 15px; line-height: 18px; font-family: Lucida Grande,Verdana,Arial,sans-serif; font-size: 12px; color: #444444;\"><p>Hello {!! $receiver_name !!},<br /><br /><strong>Ticket No:</strong> {!! $ticket_number !!}<br />Has been assigned to {!! $agent_name !!} by {!! $activity_by !!}<br/><br/>Follow the link below to check and reply on the ticket.<br /><a href=\"{!! $ticket_link !!}\" target=\"_blank\">{!! $ticket_link !!}</a></p>Kind regards,<br />{!! $system_name !!}</div></div>','#{!! $ticket_number !!} : has been assigned to {!! $agent_name !!}',1,'2024-10-24 03:58:38','2024-10-24 03:58:38'),(17,'ticket_agent_assignment_client_template','ticket_agent_assignment_client_template_desc_key','#{!! $ticket_number !!} | Assigned to an agent','<div style=\"width: 100%!important; margin: 0; padding: 0;\"><div style=\"padding: 15px; line-height: 18px; font-family: Lucida Grande,Verdana,Arial,sans-serif; font-size: 12px; color: #444444;\"><p>Hello {!! $receiver_name !!},<br /><br />Your ticket with ID: {!! $ticket_number !!} has been assigned to one of our agents. They will contact you soon.</p>Kind regards,<br />{!! $system_name !!}</div></div>','Your ticket #{!! $ticket_number !!} has been assigned to the concerned agent',2,'2024-10-24 03:58:38','2024-10-24 03:58:38'),(18,'ticket_agent_assignment_assigned_template','ticket_agent_assignment_assigned_template_desc_key','#{!! $ticket_number !!} | Assigned to you','<div style=\"width: 100%!important; margin: 0; padding: 0;\"><div style=\"padding: 15px; line-height: 18px; font-family: Lucida Grande,Verdana,Arial,sans-serif; font-size: 12px; color: #444444;\"><p>Hello {!! $receiver_name !!},<br /><br /><strong>Ticket No:</strong> {!! $ticket_number !!}<br />Has been assigned to you by {!! $activity_by !!}<br/><br/>Follow the link below to check and reply on the ticket.<br /><a href=\"{!! $ticket_link !!}\" target=\"_blank\">{!! $ticket_link !!}</a></p>Kind regards,<br />{!! $system_name !!}</div></div>','#{!! $ticket_number !!} : has been assigned to you',4,'2024-10-24 03:58:38','2024-10-24 03:58:38'),(19,'ticket_agent_assignment_organization_managers_template','ticket_agent_assignment_organization_managers_template_desc_key','#{!! $ticket_number !!} | Assigned to an agent','<div style=\"width: 100%!important; margin: 0; padding: 0;\"><div style=\"padding: 15px; line-height: 18px; font-family: Lucida Grande,Verdana,Arial,sans-serif; font-size: 12px; color: #444444;\"><p>Hello {!! $receiver_name !!},<br /><br />Your organization member\'s ticket with ID: {!! $ticket_number !!} has been assigned to one of our agents. They will contact them soon.</p>Kind regards,<br />{!! $system_name !!}</div></div>','Your organisation ticket #{!! $ticket_number !!} has been assigned to the concerned agent',3,'2024-10-24 03:58:38','2024-10-24 03:58:38'),(20,'ticket_team_assignment_agents_template','ticket_team_assignment_agents_template_desc_key','#{!! $ticket_number !!} | Assigned to a team','<div style=\"width: 100%!important; margin: 0; padding: 0;\"><div style=\"padding: 15px; line-height: 18px; font-family: Lucida Grande,Verdana,Arial,sans-serif; font-size: 12px; color: #444444;\"><p>Hello {!! $receiver_name !!},<br /><br /><strong>Ticket No:</strong> {!! $ticket_number !!}<br /><br />Has been assigned to your team <b>{!! $assigned_team_name !!}</b> by {!! $activity_by !!}<br /><br />Follow the link below to check and reply on the ticket.<br /><a href=\"{!! $ticket_link !!}\" target=\"_blank\">{!! $ticket_link !!}</a></p>Kind regards,<br />{!! $system_name !!}</div></div>','#{!! $ticket_number !!} : has been assigned to {!! $assigned_team_name !!}',1,'2024-10-24 03:58:38','2024-10-24 03:58:38'),(21,'ticket_team_assignment_clients_template','ticket_team_assignment_clients_template_desc_key','#{!! $ticket_number !!} | Assigned to a team','<div style=\"width: 100%!important; margin: 0; padding: 0;\"><div style=\"padding: 15px; line-height: 18px; font-family: Lucida Grande,Verdana,Arial,sans-serif; font-size: 12px; color: #444444;\"><p>Hello {!! $receiver_name !!},<br /><br />Your ticket with ID: {!! $ticket_number !!} has been assigned to our {!! $assigned_team_name !!} team. They will contact you soon.</p>Kind regards,<br />{!! $system_name !!}</div></div>','Your ticket #{!! $ticket_number !!} has been assigned to the concerned team',2,'2024-10-24 03:58:38','2024-10-24 03:58:38'),(22,'ticket_team_assignment_organization_managers_template','ticket_team_assignment_organization_managers_template_desc_key','#{!! $ticket_number !!} | Assigned to a team','<div style=\"width: 100%!important; margin: 0; padding: 0;\"><div style=\"padding: 15px; line-height: 18px; font-family: Lucida Grande,Verdana,Arial,sans-serif; font-size: 12px; color: #444444;\"><p>Hello {!! $receiver_name !!},<br /><br />Your organization member\'s ticket with ID: {!! $ticket_number !!} has been assigned to our {!! $assigned_team_name !!} team. They will contact them soon.</p>Kind regards,<br />{!! $system_name !!}</div></div>','Your organization ticket #{!! $ticket_number !!} has been assigned to the concerned team',3,'2024-10-24 03:58:38','2024-10-24 03:58:38'),(23,'rating_confirmation_template','rating_confirmation_template_desc_key','Rating Submitted','<div style=\"width: 100%!important; margin: 0; padding: 0;\"><div style=\"padding: 15px; line-height: 18px; font-family: Lucida Grande,Verdana,Arial,sans-serif; font-size: 12px; color: #444444;\"><p>Hello {!! $receiver_name !!},<br /><br />Overall rating has been submitted for a ticket {!! $ticket_link !!}</p>Kind regards,<br />{!! $system_name !!}</div></div>','#{!! $ticket_number !!} : client rated their experience on the ticket',1,'2024-10-24 03:58:39','2024-10-24 03:58:39'),(24,'internal_change_alert_agents_template','internal_change_alert_agents_template_desc_key','#{!! $ticket_number !!} | New updates on the ticket','<div style=\"width: 100%!important; margin: 0; padding: 0;\"><div style=\"padding: 15px; line-height: 18px; font-family: Lucida Grande,Verdana,Arial,sans-serif; font-size: 12px; color: #444444;\"><p>Hello {!! $receiver_name !!},<br /><br />This message is regarding a ticket with the ticket ID {!! $ticket_number !!}.<br />{!! $message_content !!}<br />By {!! $activity_by !!}</p>Kind regards,<br />{!! $system_name !!}<br /></div></div>','#{!! $ticket_number !!} : new activity update on the ticket',1,'2024-10-24 03:58:39','2024-10-24 03:58:39'),(25,'internal_change_alert_assigned_agent_template','internal_change_alert_assigned_agent_template_desc_key','#{!! $ticket_number !!} | New updates on the ticket','<div style=\"width: 100%!important; margin: 0; padding: 0;\"><div style=\"padding: 15px; line-height: 18px; font-family: Lucida Grande,Verdana,Arial,sans-serif; font-size: 12px; color: #444444;\"><p>Hello {!! $receiver_name !!},<br /><br />This message is regarding a ticket assigned to you with the ticket ID {!! $ticket_number !!}.<br />{!! $message_content !!}<br />By {!! $activity_by !!}</p>Kind regards,<br />{!! $system_name !!}<br /></div></div>','#{!! $ticket_number !!} : new activity update on your ticket.',4,'2024-10-24 03:58:39','2024-10-24 03:58:39'),(26,'ticket_status_changed_alert_template','ticket_status_changed_alert_template_desc_key','#{!! $ticket_number !!} | Status has been set to {!! $ticket_status !!}','<div style=\"width: 100%!important; margin: 0; padding: 0;\"><div style=\"padding: 15px; line-height: 18px; font-family: Lucida Grande,Verdana,Arial,sans-serif; font-size: 12px; color: #444444;\"><p>Hello {!! $receiver_name !!},<br /><br />This email is regarding ticket {!! $ticket_number !!}.<br /><br />Status has been set to {!! $ticket_status !!} by {!! $actor_name !!}.</p>Kind regards,<br />{!! $system_name !!}</div></div>','{!! $ticket_number !!} : Status has been set to {!! $ticket_status !!}',1,'2024-10-24 03:58:39','2024-10-24 03:58:39'),(27,'ticket_status_changed_alert_client_template','ticket_status_changed_alert_client_template_desc_key','#{!! $ticket_number !!} | Status updated','<div style=\"width: 100%!important; margin: 0; padding: 0;\"><div style=\"padding: 15px; line-height: 18px; font-family: Lucida Grande,Verdana,Arial,sans-serif; font-size: 12px; color: #444444;\">Hello {!! $receiver_name !!},<br /><br />This email is regarding your ticket with ID: {!! $ticket_number !!}.<br />Status has been set to {!! $ticket_status !!}.<br />If you are not satisfied please respond to the ticket here <a href=\"{!! $ticket_link_for_clients !!}\">{!! $ticket_link_for_clients !!}</a><br /><br />Kind regards,<br />{!! $system_name !!}</div></div>','Status of your ticket has been set to {!! $ticket_status !!}',2,'2024-10-24 03:58:39','2024-10-24 03:58:39'),(28,'ticket_status_changed_alert_assigned_template','ticket_status_changed_alert_assigned_template_desc_key','#{!! $ticket_number !!} | Status updated','<div style=\"width: 100%!important; margin: 0; padding: 0;\"><div style=\"padding: 15px; line-height: 18px; font-family: Lucida Grande,Verdana,Arial,sans-serif; font-size: 12px; color: #444444;\"><p>Hello {!! $receiver_name !!},<br /><br />This email is regarding ticket {!! $ticket_number !!} which is assigned to you.<br /><br />Status has been set to {!! $ticket_status !!} by {!! $actor_name !!}</p>Kind regards,<br />{!! $system_name !!}</div></div>','{!! $ticket_number !!} : Status has been set to {!! $ticket_status !!}',4,'2024-10-24 03:58:39','2024-10-24 03:58:39'),(29,'response_due_approach_agents_template','response_due_approach_agents_template_desc_key','#{!! $ticket_number !!} | Response Time SLA Approaching','<div style=\"width: 100%!important; margin: 0; padding: 0;\"><div style=\"padding: 15px; line-height: 18px; font-family: Lucida Grande,Verdana,Arial,sans-serif; font-size: 12px; color: #444444;\"><p> Hello {!! $receiver_name !!},<br /><br />There has been no response for a ticket. The first response should happen on or before {!! $ticket_due_date !!}.<br/><br /><strong>Ticket Details:</strong><br /><br /><strong>Subject:</strong> {!! $ticket_subject !!}<br /><strong>Number:</strong> {!! $ticket_number !!}<br /><strong>Requester:</strong> {!! $client_name !!}<br /><br />This is an automatic escalation email from <a href=\"{!! $system_link !!}\" target=\"_blank\">{!! $system_name !!}</a><br /><br />Respond to ticket here <a href=\"{!! $ticket_link !!}\" target=\"_blank\">{!! $ticket_link !!} </a></p>Kind regards,<br />{!! $system_name !!}</div></div>','#{!! $ticket_number !!} : Response is due on the ticket. Awaiting response on before {!! $ticket_due_date !!}',1,'2024-10-24 03:58:39','2024-10-24 03:58:39'),(30,'response_due_approach_assigned_agent_template','response_due_approach_assigned_agent_template_desc_key','#{!! $ticket_number !!} | Response Time SLA Approaching','<div style=\"width: 100%!important; margin: 0; padding: 0;\"><div style=\"padding: 15px; line-height: 18px; font-family: Lucida Grande,Verdana,Arial,sans-serif; font-size: 12px; color: #444444;\"><p>Hello {!! $receiver_name !!},<br /><br />There has been no response for a ticket assigned to you. The first response should happen on or before {!! $ticket_due_date !!}.<br /><br /><strong>Ticket Details:</strong><br /><br /><strong>Subject:</strong> {!! $ticket_subject !!}<br /><strong>Number:</strong> {!! $ticket_number !!}<br /><strong>Requester:</strong> {!! $client_name !!}<br /><br />This is an automatic escalation email from <a href=\"{!! $system_link !!}\" target=\"_blank\">{!! $system_name !!}</a><br /><br />Respond to ticket here <a href=\"{!! $ticket_link !!}\" target=\"_blank\">{!! $ticket_link !!} </a></p>Kind regards,<br />{!! $system_name !!}</div></div>','#{!! $ticket_number !!} : Response is due your ticket. Awaiting response on or before {!! $ticket_due_date !!}',4,'2024-10-24 03:58:39','2024-10-24 03:58:39'),(31,'response_due_violate_agents_template','response_due_violate_agents_template_desc_key','#{!! $ticket_number !!} | Response Time SLA Violate','<div style=\"width: 100%!important; margin: 0; padding: 0;\"><div style=\"padding: 15px; line-height: 18px; font-family: Lucida Grande,Verdana,Arial,sans-serif; font-size: 12px; color: #444444;\"><p>Hello {!! $receiver_name !!},<br /><br />There has been no response for a ticket. The first response was due by {!! $ticket_due_date !!}.<br /><br /><strong>Ticket Details:</strong><br /><br /><strong>Subject:</strong> {!! $ticket_subject !!}<br /><strong>Number:</strong> {!! $ticket_number !!}<br /><strong>Requester:</strong> {!! $client_name !!}<br /><br />This is an automatic escalation email from <a href=\"{!! $system_link !!}\" target=\"_blank\">{!! $system_name !!}</a><br /><br />Respond to ticket here <a href=\"{!! $ticket_link !!}\" target=\"_blank\">{!! $ticket_link !!} </a></p>Kind regards,<br />{!! $system_name !!}</div></div>','#{!! $ticket_number !!} : Response SLA has been violated, expected response was due on or before {!! $ticket_due_date !!}',1,'2024-10-24 03:58:39','2024-10-24 03:58:39'),(32,'response_due_violate_assigned_agent_template','response_due_violate_assigned_agent_template_desc_key','#{!! $ticket_number !!} | Response Time SLA Violate','<div style=\"width: 100%!important; margin: 0; padding: 0;\"><div style=\"padding: 15px; line-height: 18px; font-family: Lucida Grande,Verdana,Arial,sans-serif; font-size: 12px; color: #444444;\"><p>Hello {!! $receiver_name !!},<br /><br />There has been no response for a ticket assigned to you. The first response was due by {!! $ticket_due_date !!}.<br /><br /><strong>Ticket Details:</strong><br /><br /><strong>Subject:</strong> {!! $ticket_subject !!}<br /><strong>Number:</strong> {!! $ticket_number !!}<br /><strong>Requester:</strong> {!! $client_name !!}<br /><br />This is an automatic escalation email from <a href=\"{!! $system_link !!}\" target=\"_blank\">{!! $system_name !!}</a><br /><br />Respond to ticket here <a href=\"{!! $ticket_link !!}\" target=\"_blank\">{!! $ticket_link !!} </a></p>Kind regards,<br />{!! $system_name !!}</div></div>','#{!! $ticket_number !!} : Response SLA for your ticket has been violated, expected response was due on or before {!! $ticket_due_date !!}',4,'2024-10-24 03:58:39','2024-10-24 03:58:39'),(33,'resolve_due_approach_agents_template','resolve_due_approach_agents_template_desc_key','#{!! $ticket_number !!} | Resolution Time SLA Approaching','<div style=\"width: 100%!important; margin: 0; padding: 0;\"><div style=\"padding: 15px; line-height: 18px; font-family: Lucida Grande,Verdana,Arial,sans-serif; font-size: 12px; color: #444444;\"><p>Hello {!! $receiver_name !!},<br /><br />Ticket has not been resolved within the SLA time period. The ticket has to be resolved on or before {!! $ticket_due_date !!}.<br /><br /><strong>Ticket Details:</strong><br /><br /><strong>Subject:</strong> {!! $ticket_subject !!}<br /><strong>Number:</strong> {!! $ticket_number !!}<br /><strong>Requester:</strong> {!! $client_name !!}<br /><br />This is an automatic escalation email from <a href=\"{!! $system_link !!}\" target=\"_blank\">{!! $system_name !!}</a><br /><br />Respond to ticket here <a href=\"{!! $ticket_link !!}\" target=\"_blank\">{!! $ticket_link !!}</a></p>Kind regards,<br />{!! $system_name !!}</div></div>','#{!! $ticket_number !!} : Resolution is due on the ticket. Awaiting resolution on before {!! $ticket_due_date !!}',1,'2024-10-24 03:58:39','2024-10-24 03:58:39'),(34,'resolve_due_approach_assigned_agent_template','resolve_due_approach_assigned_agent_template_desc_key','#{!! $ticket_number !!} | Resolution Time SLA Approaching','<div style=\"width: 100%!important; margin: 0; padding: 0;\"><div style=\"padding: 15px; line-height: 18px; font-family: Lucida Grande,Verdana,Arial,sans-serif; font-size: 12px; color: #444444;\"><p> Hello {!! $receiver_name !!},<br /><br />The ticket assigned to you has not yet been resolved. The ticket has to be resolved on or before {!! $ticket_due_date !!}.<br /><br /><strong>Ticket Details:</strong><br /><br /><strong>Subject:</strong> {!! $ticket_subject !!}<br /><strong>Number:</strong> {!! $ticket_number !!}<br /><strong>Requester:</strong> {!! $client_name !!}<br /><br />This is an automatic escalation email from <a href=\"{!! $system_link !!}\" target=\"_blank\">{!! $system_name !!}</a><br /><br />Respond to ticket here <a href=\"{!! $ticket_link !!}\" target=\"_blank\">{!! $ticket_link !!} </a></p>Kind regards,<br />{!! $system_name !!}</div></div>','#{!! $ticket_number !!} : Resolution is due your ticket. Awaiting resolution on or before {!! $ticket_due_date !!}',4,'2024-10-24 03:58:39','2024-10-24 03:58:39'),(35,'resolve_due_violate_agents_template','resolve_due_violate_agents_template_desc_key','#{!! $ticket_number !!} | Resolve Time SLA Violate','<div style=\"width: 100%!important; margin: 0; padding: 0;\"><div style=\"padding: 15px; line-height: 18px; font-family: Lucida Grande,Verdana,Arial,sans-serif; font-size: 12px; color: #444444;\"><p> Hello {!! $receiver_name !!},<br /><br />Ticket has not been resolved within the SLA time period. The ticket was due by {!! $ticket_due_date !!}.<br /><br /><strong>Ticket Details:</strong><br /><br /><strong>Subject:</strong> {!! $ticket_subject !!}<br /><strong>Number:</strong> {!! $ticket_number !!}<br /><strong>Requester:</strong> {!! $client_name !!}<br /><br />This is an automatic escalation email from <a href=\"{!! $system_link !!}\" target=\"_blank\">{!! $system_name !!}</a><br /><br />Respond to ticket here <a href=\"{!! $ticket_link !!}\" target=\"_blank\">{!! $ticket_link !!} </a></p>Kind regards,<br />{!! $system_name !!}</div></div>','#{!! $ticket_number !!} : Resolution SLA has been violated, expected resolution was due on or before {!! $ticket_due_date !!}',1,'2024-10-24 03:58:39','2024-10-24 03:58:39'),(36,'resolve_due_violate_assigned_agent_template','resolve_due_violate_assigned_agent_template_desc_key','#{!! $ticket_number !!} | Resolve Time SLA Violate','<div style=\"width: 100%!important; margin: 0; padding: 0;\"><div style=\"padding: 15px; line-height: 18px; font-family: Lucida Grande,Verdana,Arial,sans-serif; font-size: 12px; color: #444444;\"><p>Hello {!! $receiver_name !!},<br /><br />Ticket which is assigned to you has not been resolved within the SLA time period. The ticket was due by {!! $ticket_due_date !!}.<br /><br /><strong>Ticket Details:</strong><br /><br /><strong>Subject:</strong> {!! $ticket_subject !!}<br /><strong>Number:</strong> {!! $ticket_number !!}<br /><strong>Requester:</strong> {!! $client_name !!}<br /><br />This is an automatic escalation email from <a href=\"{!! $system_link !!}\" target=\"_blank\">{!! $system_name !!}</a><br /><br />Respond to ticket here <a href=\"{!! $ticket_link !!}\" target=\"_blank\">{!! $ticket_link !!} </a></p>Kind regards,<br />{!! $system_name !!}</div></div>','#{!! $ticket_number !!} : Resolution SLA for your ticket has been violated, expected resolution was due on or before {!! $ticket_due_date !!}',4,'2024-10-24 03:58:39','2024-10-24 03:58:39'),(37,'email_verify_alert_template','email_verify_alert_template_desc_key','Verify your email address','<div style=\"width: 100%!important; margin: 0; padding: 0;\"><div style=\"padding: 15px; line-height: 18px; font-family: Lucida Grande,Verdana,Arial,sans-serif; font-size: 12px; color: #444444;\"><p>Hello {!! $receiver_name !!},<br/><br/>This is a verification mail for your email registered with us.<br/><br/><strong>Registered Email:</strong> {!! $new_user_email !!}<br/><br/>Please click on the below link to verify your email address so you can use the system.<br/><a href=\"{!! $account_activation_link !!}\" target=\"_blank\">{!! $account_activation_link !!}</a></p>Kind regards,<br />{!! $system_name !!}</div></div>','Email verification required.',5,'2024-10-24 03:58:39','2024-10-24 03:58:39'),(38,'reset_password_template','reset_password_template_desc_key','Reset your Password','<div style=\"width: 100%!important; margin: 0; padding: 0;\"><div style=\"padding: 15px; line-height: 18px; font-family: Lucida Grande,Verdana,Arial,sans-serif; font-size: 12px; color: #444444;\"><p>Hello {!! $receiver_name !!},<br /><br />You asked to reset your password. To do so, please click this link:<br /><a href=\"{!! $password_reset_link !!}\" target=\"_blank\">{!! $password_reset_link !!}</a><br /><br />This will let you change your password to something new. If you did not ask for this, do not worry, we will keep your password safe.</p>Kind regards,<br />{!! $system_name !!}</div></div>','Reset password using this link',5,'2024-10-24 03:58:39','2024-10-24 03:58:39'),(39,'reset_new_password_template','reset_new_password_template_desc_key','Password changed','<div style=\"width: 100%!important; margin: 0; padding: 0;\"><div style=\"padding: 15px; line-height: 18px; font-family: Lucida Grande,Verdana,Arial,sans-serif; font-size: 12px; color: #444444;\"><p>Hello {!! $receiver_name !!},<br /><br />Your password is successfully changed. Your new password is: {!! $user_password !!}</p>Kind regards,<br />{!! $system_name !!}</div></div>','You account password has been updated',5,'2024-10-24 03:58:39','2024-10-24 03:58:39'),(40,'invalid_login_alert_template','invalid_login_alert_template_desc_key','Failed login attempt','<div style=\"width: 100%!important; margin: 0; padding: 0;\"><div style=\"padding: 15px; line-height: 18px; font-family: Lucida Grande,Verdana,Arial,sans-serif; font-size: 12px; color: #444444;\"><p>Hello {!! $receiver_name !!},<br/><br/> We want to alert you that someone tried to login into your {!! $login_appName !!} account with wrong credentials.<br/><br/><b>Account:</b> {!! $login_accountEmail !!}<br/><b>Time:</b> {!! $login_time !!}<br/><b>IP Address:</b> {!! $login_ipAddress !!}<br/><b>Browser:</b> {!! $login_browser !!}<br/><b>Platform/OS:</b> {!! $login_platform !!}<br/><b>Device:</b> {!! $login_device !!}<br/><br/> If this was you, you can ignore this alert. If you suspect any suspicious activity on your account, please change your password.<br/><br/></p>Kind regards,<br />{!! $system_name !!}</div></div>','Invalid login attempt detected.',5,'2024-10-24 03:58:39','2024-10-24 03:58:39'),(41,'new_device_login_alert_template','new_device_login_alert_template_desc_key','Login alert','<div style=\"width: 100%!important; margin: 0; padding: 0;\"><div style=\"padding: 15px; line-height: 18px; font-family: Lucida Grande,Verdana,Arial,sans-serif; font-size: 12px; color: #444444;\"><p>Hello {!! $receiver_name !!},<br/><br/> We have noticed an unusual login into your {!! $login_appName !!} account from a device or IP you do not usually use.<br/><br/><b>Account:</b> {!! $login_accountEmail !!}<br/><b>Time:</b> {!! $login_time !!}<br/><b>IP Address:</b> {!! $login_ipAddress !!}<br/><b>Browser:</b> {!! $login_browser !!}<br/><b>Platform/OS:</b> {!! $login_platform !!}<br/><b>Device:</b> {!! $login_device !!}<br/><br/> If this was you, you can ignore this alert. If you suspect any suspicious activity on your account, please change your password.<br/><br/></p>Kind regards,<br />{!! $system_name !!}</div></div>','New device login detected',5,'2024-10-24 03:58:39','2024-10-24 03:58:39'),(42,'backup_completed_template','backup_completed_template_desc_key','Your system backup has been completed successfully','<div style=\"width: 100%!important; margin: 0; padding: 0;\"><div style=\"padding: 15px; line-height: 18px; font-family: Lucida Grande,Verdana,Arial,sans-serif; font-size: 12px; color: #444444;\"><p> Hello {!! $receiver_name !!}, <br/> <br/> Your system backup for {!! $version !!} has been completed successfully.</p>Kind regards,<br />{!! $system_name !!}</div></div>','Backup process for {!! $version !!} has been completed.',1,'2024-10-24 03:58:39','2024-10-24 03:58:39'),(43,'rating_template','rating_template_desc_key','#{!! $ticket_number !!} | Rate your experience','<div style=\"width: 100%!important; margin: 0; padding: 0;\"><div style=\"padding: 15px; line-height: 18px; font-family: Lucida Grande,Verdana,Arial,sans-serif; font-size: 12px; color: #444444;\"><p>Hello {!! $receiver_name !!},</p><p>We hope you are happy with our support for the <strong>Ticket ID:</strong>&nbsp;{!! $ticket_number !!}</p><p>Please provide us with your valuable feedback for our service by clicking on a rating of your choice.</p><p>{!! $ratings_icon_with_link !!}</p><p>Kind regards,<br/>{!! $system_name !!}</p></div></div>','Submit your rating for the ticket',5,'2024-10-24 03:58:39','2024-10-24 03:58:39'),(44,'check_ticket_template','check_ticket_template_desc_key','Check your Ticket','<div style=\"width: 100%!important; margin: 0; padding: 0;\"><div style=\"padding: 15px; line-height: 18px; font-family: Lucida Grande,Verdana,Arial,sans-serif; font-size: 12px; color: #444444;\"><p>Hello {!! $receiver_name !!},<br /><br />Click the link below to view your requested ticket<br /><a href=\"{!! $ticket_link_for_clients !!}\" target=\"_blank\">{!! $ticket_link_for_clients !!}</a></p>Kind regards,<br />{!! $system_name !!}</div></div>','Check your ticket',2,'2024-10-24 03:58:39','2024-10-24 03:58:39'),(45,'report_export_template','report_export_template_desc_key','Exported report available for download','<div style=\"width: 100%!important; margin: 0; padding: 0;\"><div style=\"padding: 15px; line-height: 18px; font-family: Lucida Grande,Verdana,Arial,sans-serif; font-size: 12px; color: #444444;\"><p>Hello {!! $receiver_name !!},<br /><br />{!! $report_type !!} is successfully generated and ready for download.<br /><br /><strong>Download link:</strong> <a href=\"{!! $report_link !!}\" target=\"_blank\">{!! $report_link !!}</a><br /><br /><i>Please note this link will be expired in {!! $report_expiry !!}.</i></p>Kind regards,<br />{!! $system_name !!}</div></div>','Your exported report is now available for download',1,'2024-10-24 03:58:39','2024-10-24 03:58:39'),(46,'ticket_forwarding_template','ticket_forwarding_template_desc_key','FW: {!! $ticket_title !!} [#{!! $ticket_number !!}','<div style=\"width: 100%!important; margin: 0; padding: 0;\"><div style=\"padding: 15px; line-height: 18px; font-family: Lucida Grande,Verdana,Arial,sans-serif; font-size: 12px; color: #444444;\"><p> Hello,<br /><br />Following ticket has been forwarded to you by {!! $activity_by !!}<br /><br />{!! $ticket_conversation !!}</p>Kind regards,<br />{!! $system_name !!}</div></div>','Check forwarded ticket',5,'2024-10-24 03:58:39','2024-10-24 03:58:39'),(47,'ticket_approval_template','ticket_approval_template_desc_key','Ticket Approval Link','<div style=\"width: 100%!important; margin: 0; padding: 0;\"><div style=\"padding: 15px; line-height: 18px; font-family: Lucida Grande,Verdana,Arial,sans-serif; font-size: 12px; color: #444444;\"><p>Hello {!! $receiver_name !!},<br /><br />Ticket {!! $ticket_number !!} has been waiting for your approval.<br /><br />Please <a href=\"{!! $approval_link !!}\" target=\"_blank\">click here</a> to review the ticket.</p>Kind regards,<br />{!! $system_name !!}</div></div>','#{!! $ticket_number !!} : Your approval has been requested',5,'2024-10-24 03:58:39','2024-10-24 03:58:39'),(48,'custom_alerts_notify_template','custom_alerts_notify_template_desc_key','{!! $subject !!}','{!! $message_content !!}','{!! $message_content !!}',5,'2024-10-24 03:58:39','2024-10-24 03:58:39'),(49,'ticket_created_by_agent_ack_cc_template','ticket_created_by_agent_ack_cc_template_desc_key','#{!! $ticket_number !!} | A new ticket has been created by an agent','<div style=\"width: 100%!important; margin: 0; padding: 0;\"><div style=\"padding: 15px; line-height: 18px; font-family: Lucida Grande,Verdana,Arial,sans-serif; font-size: 12px; color: #444444;\"><p>Hello {!! $receiver_name !!},<br /><br />This is to confirm that our agent has logged a request in our support system. When replying, please make sure that the ticket ID is kept in the subject so that we can track your replies.<br /><br /><strong>Ticket ID:</strong> {!! $ticket_number !!} <br /><strong>Request message:</strong> {!! $message_content !!} <br /><br />You can check the status of or update this ticket online at: <a href=\"{!! $system_link !!}\" target=\"_blank\">{!! $system_link !!}</a></p>{!! $department_signature !!}</div></div>','#{!! $ticket_number !!} : Our agent has created a ticket',1,'2024-10-24 03:58:39','2024-10-24 03:58:39'),(50,'ticket_pdf_generate_alert_template','ticket_pdf_generate_alert_template_desc_key','Ticket pdf','<div style=\"width: 100%!important; margin: 0; padding: 0;\"><div style=\"padding: 15px; line-height: 18px; font-family: Lucida Grande,Verdana,Arial,sans-serif; font-size: 12px; color: #444444;\"><p>Hello {!! $receiver_name !!},<br /><br />Please download pdf attachment for this {!! $ticket_number !!} has been generated in our helpdesk.<br /><br /> </p>Kind regards,<br />{!! $system_name !!}</p></div></div>','#{!! $ticket_number !!} : Ticket pdf has been received in the email',5,'2024-10-24 03:58:40','2024-10-24 03:58:40'),(51,'mentioned_agents','mentioned_agents_desc_key','You were mentioned','<div style=\"width: 100%!important; margin: 0; padding: 0;\"><div style=\"padding: 15px; line-height: 18px; font-family: Lucida Grande,Verdana,Arial,sans-serif; font-size: 12px; color: #444444;\"><p>Hello {!! $receiver_name !!},<br /><br />You were mentioned in a ticket with <strong>Ticket ID:</strong> {!! $ticket_number !!} <br /><strong>Request message:</strong> {!! $message_content !!} <br /><br />{!! $system_link !!}</a></div></div>','Mentioned you in a ticket with Ticket Number: (#{!! $ticket_number !!})',1,'2024-10-24 03:58:40','2024-10-24 03:58:40'),(52,'mentioned_departments','mentioned_departments_desc_key','Your department is mentioned','<div style=\"width: 100%!important; margin: 0; padding: 0;\"><div style=\"padding: 15px; line-height: 18px; font-family: Lucida Grande,Verdana,Arial,sans-serif; font-size: 12px; color: #444444;\"><p>Hello {!! $receiver_name !!},<br /><br />You were mentioned in a ticket with <strong>Ticket ID:</strong> {!! $ticket_number !!} <br /><strong>Request message:</strong> {!! $message_content !!} <br /><br />{!! $system_link !!}</a></div></div>','Mentioned your Department in a ticket with Ticket Number: (#{!! $ticket_number !!})',1,'2024-10-24 03:58:40','2024-10-24 03:58:40'),(53,'mentioned_teams','mentioned_teams_desc_key','You team is mentioned','<div style=\"width: 100%!important; margin: 0; padding: 0;\"><div style=\"padding: 15px; line-height: 18px; font-family: Lucida Grande,Verdana,Arial,sans-serif; font-size: 12px; color: #444444;\"><p>Hello {!! $receiver_name !!},<br /><br />Your team was mentioned in a ticket with <strong>Ticket ID:</strong> {!! $ticket_number !!} <br /><strong>Request message:</strong> {!! $message_content !!} <br /><br />{!! $system_link !!}</a></div></div>','Mentioned your Team in a ticket with Ticket Number: (#{!! $ticket_number !!})',1,'2024-10-24 03:58:40','2024-10-24 03:58:40'),(54,'ticket_fork_alert_template','ticket_fork_alert_template_desc_key','Ticket has forked from #{!! $parent_ticket !!}  to #{!! $ticket_number !!}','<div style=\"width: 100%!important; margin: 0; padding: 0;\"><div style=\"padding: 15px; line-height: 18px; font-family: Lucida Grande,Verdana,Arial,sans-serif; font-size: 12px; color: #444444;\"><p>Hello {!! $receiver_name !!},<br /><br />Ticket has forked from {!! $parent_ticket !!} to {!! $ticket_number !!}<br /><br /><strong>Client Details</strong><br /><strong>Name:</strong> {!! $client_name !!}<br /><strong>E-mail:</strong> {!! $client_email !!}<br /><br /><strong>Message</strong><br />{!! $message_content !!}</p>Kind regards,<br />{!! $system_name !!}</p></div></div>','Ticket has forked from #{!! $parent_ticket !!}  to #{!! $ticket_number !!}',1,'2024-10-24 03:58:40','2024-10-24 03:58:40'),(55,'ticket_fork_alert_org_mmgr_template','ticket_fork_alert_org_mmgr_template_desc_key','Ticket has forked from #{!! $parent_ticket !!}  to #{!! $ticket_number !!}','<div style=\"width: 100%!important; margin: 0; padding: 0;\"><div style=\"padding: 15px; line-height: 18px; font-family: Lucida Grande,Verdana,Arial,sans-serif; font-size: 12px; color: #444444;\"><p>Hello {!! $receiver_name !!},<br/><br/>Our agent has forked ticket from #{!! $parent_ticket !!}  to #{!! $ticket_number !!} for a request of your organization&#39;s member.</p><p><strong>New Ticket ID:</strong>&nbsp; {!! $ticket_number !!}<br/><br/><strong>Parent Ticket ID:</strong>&nbsp; {!! $parent_ticket !!}<br/><br/>Member&#39;s Details:<br/><strong>Name:</strong>&nbsp; {!! $client_name !!}<br/><strong>E-mail:</strong> {!! $client_email !!}<br/><br/><strong>Message:</strong><br/>{!! $message_content !!}</p>Kind regards,<br />{!! $system_name !!}</div></div>','#{!! $ticket_number !!} : Our agent has forked your organization ticket from #{!! $parent_ticket !!}  to #{!! $ticket_number !!}',3,'2024-10-24 03:58:40','2024-10-24 03:58:40'),(56,'ticket_fork_alert_client_template','ticket_fork_alert_client_template_desc_key','Your Ticket #{!! $parent_ticket !!} has forked to #{!! $ticket_number !!}.','<div style=\"width: 100%!important; margin: 0; padding: 0;\"><div style=\"padding: 15px; line-height: 18px; font-family: Lucida Grande,Verdana,Arial,sans-serif; font-size: 12px; color: #444444;\"><p>Hello {!! $receiver_name !!},<br /><br />Your Ticket #{!! $parent_ticket !!} has forked to #{!! $ticket_number !!}.<br /><br /><strong>New Ticket ID:</strong> {!! $ticket_number !!} <br /><br /><strong>Parent Ticket ID:</strong> {!! $parent_ticket !!} <br /><br />You can check the status of or update this ticket online at: <a href=\"{!! $system_link !!}\" target=\"_blank\">{!! $system_link !!}</a></p>{!! $department_signature !!}</div></div>','Your Ticket #{!! $parent_ticket !!} has forked to #{!! $ticket_number !!}.',2,'2024-10-24 03:58:40','2024-10-24 03:58:40'),(57,'fork_ticket_agent_assignment_agents_template','fork_ticket_agent_assignment_agents_template_desc_key','Ticket forked from #{!! $parent_ticket !!}  to #{!! $ticket_number !!} | Assigned to an agent','<div style=\"width: 100%!important; margin: 0; padding: 0;\"><div style=\"padding: 15px; line-height: 18px; font-family: Lucida Grande,Verdana,Arial,sans-serif; font-size: 12px; color: #444444;\"><p>Hello {!! $receiver_name !!},<br /><br /><strong>Ticket forked from {!! $parent_ticket !!} to {!! $ticket_number !!}<br />Has been assigned to {!! $agent_name !!} by {!! $activity_by !!}<br/><br/>Follow the link below to check and reply on the ticket.<br /><a href=\"{!! $ticket_link !!}\" target=\"_blank\">{!! $ticket_link !!}</a></p>Kind regards,<br />{!! $system_name !!}</div></div>','Ticket forked from #{!! $parent_ticket !!}  to #{!! $ticket_number !!} : has been assigned to {!! $agent_name !!}',1,'2024-10-24 03:58:40','2024-10-24 03:58:40'),(58,'fork_ticket_agent_assignment_client_template','fork_ticket_agent_assignment_client_template_desc_key','Ticket forked from #{!! $parent_ticket !!}  to #{!! $ticket_number !!}| Assigned to an agent','<div style=\"width: 100%!important; margin: 0; padding: 0;\"><div style=\"padding: 15px; line-height: 18px; font-family: Lucida Grande,Verdana,Arial,sans-serif; font-size: 12px; color: #444444;\"><p>Hello {!! $receiver_name !!},<br /><br />Your ticket forked from {!! $parent_ticket !!} to {!! $ticket_number !!} has been assigned to one of our agents. They will contact you soon.</p>Kind regards,<br />{!! $system_name !!}</div></div>','Your ticket forked from #{!! $parent_ticket !!}  to #{!! $ticket_number !!} has been assigned to the concerned agent',2,'2024-10-24 03:58:40','2024-10-24 03:58:40'),(59,'fork_ticket_agent_assignment_assigned_template','fork_ticket_agent_assignment_assigned_template_desc_key','Ticket forked from #{!! $parent_ticket !!}  to #{!! $ticket_number !!} | Assigned to you','<div style=\"width: 100%!important; margin: 0; padding: 0;\"><div style=\"padding: 15px; line-height: 18px; font-family: Lucida Grande,Verdana,Arial,sans-serif; font-size: 12px; color: #444444;\"><p>Hello {!! $receiver_name !!},<br /><br /><strong>Ticket No:</strong> Ticket forked from {!! $parent_ticket !!} to {!! $ticket_number !!}<br />Has been assigned to you by {!! $activity_by !!}<br/><br/>Follow the link below to check and reply on the ticket.<br /><a href=\"{!! $ticket_link !!}\" target=\"_blank\">{!! $ticket_link !!}</a></p>Kind regards,<br />{!! $system_name !!}</div></div>','Ticket forked from #{!! $parent_ticket !!}  to #{!! $ticket_number !!} : has been assigned to you',4,'2024-10-24 03:58:40','2024-10-24 03:58:40'),(60,'fork_ticket_agent_assignment_organization_managers_template','fork_ticket_agent_assignment_organization_managers_template_desc_key','Ticket forked from #{!! $parent_ticket !!}  to #{!! $ticket_number !!} | Assigned to an agent','<div style=\"width: 100%!important; margin: 0; padding: 0;\"><div style=\"padding: 15px; line-height: 18px; font-family: Lucida Grande,Verdana,Arial,sans-serif; font-size: 12px; color: #444444;\"><p>Hello {!! $receiver_name !!},<br /><br />Your organization member\'s ticket forked from {!! $parent_ticket !!} to {!! $ticket_number !!} has been assigned to one of our agents. They will contact them soon.</p>Kind regards,<br />{!! $system_name !!}</div></div>','Your organisation ticket forked from #{!! $parent_ticket !!}  to #{!! $ticket_number !!} has been assigned to the concerned agent',3,'2024-10-24 03:58:40','2024-10-24 03:58:40'),(61,'ticket_merge_alert_template','ticket_merge_alert_template_desc_key','Ticket #{!! $child_ticket !!} has merged with #{!! $ticket_number !!}','<div style=\"width: 100%!important; margin: 0; padding: 0;\"><div style=\"padding: 15px; line-height: 18px; font-family: Lucida Grande,Verdana,Arial,sans-serif; font-size: 12px; color: #444444;\"><p>Hello {!! $receiver_name !!},<br /><br />Ticket #{!! $child_ticket !!} has merged with #{!! $ticket_number !!}<br /><br /><strong>Ticket Details</strong><br /><br />Please follow the link below to check ticket.<br /><a href=\"{!! $ticket_link !!}\" target=\"_blank\">{!! $ticket_link !!}</a><br /></p>Kind regards,<br />{!! $system_name !!}</p></div></div>','Ticket #{!! $child_ticket !!} has merged with #{!! $ticket_number !!}',1,'2024-10-24 03:58:40','2024-10-24 03:58:40'),(62,'ticket_merge_alert_org_mmgr_template','ticket_merge_alert_org_mmgr_template_desc_key','Ticket #{!! $child_ticket !!} has merged with #{!! $ticket_number !!}','<div style=\"width: 100%!important; margin: 0; padding: 0;\"><div style=\"padding: 15px; line-height: 18px; font-family: Lucida Grande,Verdana,Arial,sans-serif; font-size: 12px; color: #444444;\"><p>Hello {!! $receiver_name !!},<br/><br/>#{!! $ticket_number !!} : Our agent has merged your organization ticket #{!! $child_ticket !!} with #{!! $ticket_number !!} on a request of your organization&#39;s member.</p><p>Member&#39;s Details:<br/><strong>Name:</strong>&nbsp; {!! $client_name !!}<br/><strong>E-mail:</strong> {!! $client_email !!}<br/></p>Kind regards,<br />{!! $system_name !!}</div></div>','#{!! $child_ticket !!} : Our agent has merged your organization ticket with #{!! $ticket_number !!}.',3,'2024-10-24 03:58:40','2024-10-24 03:58:40'),(63,'ticket_merge_alert_client_template','ticket_merge_alert_client_template_desc_key','Your Ticket #{!! $child_ticket !!} has merged with #{!! $ticket_number !!}.','<div style=\"width: 100%!important; margin: 0; padding: 0;\"><div style=\"padding: 15px; line-height: 18px; font-family: Lucida Grande,Verdana,Arial,sans-serif; font-size: 12px; color: #444444;\"><p>Hello {!! $receiver_name !!},<br /><br />Your Ticket #{!! $child_ticket !!} has merged with #{!! $ticket_number !!}.<br /><br />You can check this ticket online at: <a href=\"{!! $ticket_link !!}\" target=\"_blank\">{!! $ticket_link !!}</a></p>Kind regards<br />{!! $department_signature !!}</p></div></div>','Your Ticket #{!! $child_ticket !!} has merged with #{!! $ticket_number !!}.',2,'2024-10-24 03:58:40','2024-10-24 03:58:40'),(64,'job_dispatch_alert_template','job_dispatch_alert_template_desc_key','Job failed','<div style=\"width: 100%!important; margin: 0; padding: 0;\"><div style=\"padding: 15px; line-height: 18px; font-family: Lucida Grande,Verdana,Arial,sans-serif; font-size: 12px; color: #444444;\"><p>Hello {!! $receiver_name !!},<br /><br /> <strong>Job name: </strong>{!! $job_name !!} <br /><br /> <strong>Connection name: </strong>{!! $connection_name !!} <br /><br />  <strong>Exception message:</strong> <br>{!! $exception_message !!} <br /><br /> <strong>Exception File: </strong>{!! $exception_file !!} &nbsp; <strong>Exception Line: </strong> {!! $exception_line !!} <br /><br /> <strong>Exception trace: </strong> <br /><br>{!! $exception_trace !!} </p>Kind regards,<br />{!! $system_name !!}</p></div></div>','Job name : {!! $job_name !!} <br /><br /> Exception message : {!! $exception_message !!}',5,'2024-10-24 03:58:40','2024-10-24 03:58:40'),(65,'user_export_template','user_export_template_desc_key','Exported users are now available for download','<div style=\"width: 100%!important; margin: 0; padding: 0;\"><div style=\"padding: 15px; line-height: 18px; font-family: Lucida Grande,Verdana,Arial,sans-serif; font-size: 12px; color: #444444;\"><p>Hello {!! $receiver_name !!},<br /><br />User exported successfully and can be downloaded now.<br /><br /><strong>Download link:</strong> <a href=\"{!! $export_link !!}\" target=\"_blank\">{!! $export_link !!}</a><br /><br /></p>Kind regards,<br />{!! $system_name !!}</div></div>','User exported successfully, Download Now ',1,'2024-10-24 03:58:40','2024-10-24 03:58:40'),(66,'report_schedule_export_template','report_schedule_export_template_desc_key','{!! $subject !!}','<div style=\"width: 100%!important; margin: 0; padding: 0;\"><div style=\"padding: 15px; line-height: 18px; font-family: Lucida Grande,Verdana,Arial,sans-serif; font-size: 12px; color: #444444;\"><p>Hello {!! $receiver_name !!},<br /><br />{!! $description !!} <br /><br /><strong>Download link:</strong> <a href=\"{!! $report_link !!}\" target=\"_blank\">{!! $report_link !!}</a><br /><br /><i>Please note this link will be expired in {!! $report_expiry !!}.</i></p>Kind regards,<br />{!! $system_name !!}</div></div>','Your {!! $subject !!} scheduled report is now available for download',1,'2024-10-24 03:58:40','2024-10-24 03:58:40'),(67,'mentioned_agents_reply','mentioned_agents_reply_desc_key','You were mentioned in a ticket reply','<div style=\"width: 100%!important; margin: 0; padding: 0;\"><div style=\"padding: 15px; line-height: 18px; font-family: Lucida Grande,Verdana,Arial,sans-serif; font-size: 12px; color: #444444;\"><p>Hello {!! $receiver_name !!},<br /><br />You were mentioned in a ticket reply with <strong>Ticket ID:</strong> {!! $ticket_number !!} <br /><strong>Request message:</strong> {!! $message_content !!} <br /><br />{!! $system_link !!}</a></div></div>','Mentioned you in a ticket reply with Ticket Number: (#{!! $ticket_number !!})',1,'2024-10-24 03:58:40','2024-10-24 03:58:40'),(68,'mentioned_departments_agent_reply','mentioned_departments_agent_reply_desc_key','Your department is mentioned in a ticket reply','<div style=\"width: 100%!important; margin: 0; padding: 0;\"><div style=\"padding: 15px; line-height: 18px; font-family: Lucida Grande,Verdana,Arial,sans-serif; font-size: 12px; color: #444444;\"><p>Hello {!! $receiver_name !!},<br /><br />Your department was mentioned in a ticket reply with <strong>Ticket ID:</strong> {!! $ticket_number !!} <br /><strong>Request message:</strong> {!! $message_content !!} <br /><br />{!! $system_link !!}</a></div></div>','Mentioned your Department in a ticket reply with Ticket Number: (#{!! $ticket_number !!})',1,'2024-10-24 03:58:40','2024-10-24 03:58:40'),(69,'mentioned_teams_agent_reply','mentioned_teams_agent_reply_desc_key','Your team is mentioned in a ticket reply','<div style=\"width: 100%!important; margin: 0; padding: 0;\"><div style=\"padding: 15px; line-height: 18px; font-family: Lucida Grande,Verdana,Arial,sans-serif; font-size: 12px; color: #444444;\"><p>Hello {!! $receiver_name !!},<br /><br />Your team was mentioned in a ticket reply with <strong>Ticket ID:</strong> {!! $ticket_number !!} <br /><strong>Request message:</strong> {!! $message_content !!} <br /><br />{!! $system_link !!}</a></div></div>','Mentioned your Team in a ticket reply with Ticket Number: (#{!! $ticket_number !!})',1,'2024-10-24 03:58:40','2024-10-24 03:58:40');
/*!40000 ALTER TABLE `notify_template_drafts` ENABLE KEYS */;
UNLOCK TABLES;

--
-- Table structure for table `notify_template_sets`
--

DROP TABLE IF EXISTS `notify_template_sets`;
/*!40101 SET @saved_cs_client     = @@character_set_client */;
/*!40101 SET character_set_client = utf8 */;
CREATE TABLE `notify_template_sets` (
  `id` int(10) unsigned NOT NULL AUTO_INCREMENT,
  `name` varchar(50) NOT NULL,
  `active` tinyint(1) NOT NULL DEFAULT 0,
  `is_default` tinyint(1) NOT NULL DEFAULT 0,
  `template_language` varchar(10) NOT NULL,
  `channel_id` int(10) unsigned NOT NULL,
  `department_id` int(10) unsigned DEFAULT NULL,
  `created_at` timestamp NULL DEFAULT NULL,
  `updated_at` timestamp NULL DEFAULT NULL,
  PRIMARY KEY (`id`),
  KEY `notify_template_sets_channel_id_foreign` (`channel_id`),
  KEY `notify_template_sets_department_id_foreign` (`department_id`),
  CONSTRAINT `notify_template_sets_channel_id_foreign` FOREIGN KEY (`channel_id`) REFERENCES `notify_channels` (`id`) ON DELETE CASCADE,
  CONSTRAINT `notify_template_sets_department_id_foreign` FOREIGN KEY (`department_id`) REFERENCES `department` (`id`) ON DELETE CASCADE
) ENGINE=InnoDB AUTO_INCREMENT=3 DEFAULT CHARSET=utf8mb3 COLLATE=utf8mb3_unicode_ci;
/*!40101 SET character_set_client = @saved_cs_client */;

--
-- Dumping data for table `notify_template_sets`
--

LOCK TABLES `notify_template_sets` WRITE;
/*!40000 ALTER TABLE `notify_template_sets` DISABLE KEYS */;
INSERT INTO `notify_template_sets` VALUES (1,'email (default)',1,1,'en',1,NULL,'2024-10-24 03:58:38','2024-10-24 03:58:38'),(2,'in-app (default)',1,1,'en',2,NULL,'2024-10-24 03:58:38','2024-10-24 03:58:38');
/*!40000 ALTER TABLE `notify_template_sets` ENABLE KEYS */;
UNLOCK TABLES;

--
-- Table structure for table `notify_templates`
--

DROP TABLE IF EXISTS `notify_templates`;
/*!40101 SET @saved_cs_client     = @@character_set_client */;
/*!40101 SET character_set_client = utf8 */;
CREATE TABLE `notify_templates` (
  `id` int(10) unsigned NOT NULL AUTO_INCREMENT,
  `subject` varchar(255) NOT NULL,
  `content` text NOT NULL,
  `template_id` int(10) unsigned NOT NULL,
  `set_id` int(10) unsigned NOT NULL,
  `created_at` timestamp NULL DEFAULT NULL,
  `updated_at` timestamp NULL DEFAULT NULL,
  PRIMARY KEY (`id`),
  KEY `notify_templates_template_id_foreign` (`template_id`),
  KEY `notify_templates_set_id_foreign` (`set_id`),
  CONSTRAINT `notify_templates_set_id_foreign` FOREIGN KEY (`set_id`) REFERENCES `notify_template_sets` (`id`) ON DELETE CASCADE,
  CONSTRAINT `notify_templates_template_id_foreign` FOREIGN KEY (`template_id`) REFERENCES `notify_template_drafts` (`id`) ON DELETE CASCADE
) ENGINE=InnoDB AUTO_INCREMENT=132 DEFAULT CHARSET=utf8mb3 COLLATE=utf8mb3_unicode_ci;
/*!40101 SET character_set_client = @saved_cs_client */;

--
-- Dumping data for table `notify_templates`
--

LOCK TABLES `notify_templates` WRITE;
/*!40000 ALTER TABLE `notify_templates` DISABLE KEYS */;
INSERT INTO `notify_templates` VALUES (1,'#{!! $ticket_number !!} | New ticket has been created','<div style=\"width: 100%!important; margin: 0; padding: 0;\"><div style=\"padding: 15px; line-height: 18px; font-family: Lucida Grande,Verdana,Arial,sans-serif; font-size: 12px; color: #444444;\"><p>Hello {!! $receiver_name !!},<br /><br />New ticket with ID: {!! $ticket_number !!} has been created in our helpdesk.<br /><br /><strong>Client Details</strong><br /><strong>Name:</strong> {!! $client_name !!}<br /><strong>E-mail:</strong> {!! $client_email !!}<br /><br /><strong>Message</strong><br />{!! $message_content !!}</p>Kind regards,<br />{!! $system_name !!}</p></div></div>',1,1,'2024-10-24 03:58:38','2024-10-24 03:58:38'),(2,'#{!! $ticket_number !!} | Your Request has been received','<div style=\"width: 100%!important; margin: 0; padding: 0;\"><div style=\"padding: 15px; line-height: 18px; font-family: Lucida Grande,Verdana,Arial,sans-serif; font-size: 12px; color: #444444;\"><p>Hello {!! $receiver_name !!},<br /><br />Thank you for contacting us. This is to confirm that our agent has logged your request in our support system. When replying, please make sure that the ticket ID is kept in the subject so that we can track your replies.<br /><br /><strong>Ticket ID:</strong> {!! $ticket_number !!} <br /><strong>Request message:</strong> {!! $message_content !!} <br /><br />You can check the status of or update this ticket online at: <a href=\"{!! $system_link !!}\" target=\"_blank\">{!! $system_link !!}</a></p>{!! $department_signature !!}</div></div>',2,1,'2024-10-24 03:58:38','2024-10-24 03:58:38'),(3,'#{!! $ticket_number !!} | A ticket has been requested','<div style=\"width: 100%!important; margin: 0; padding: 0;\"><div style=\"padding: 15px; line-height: 18px; font-family: Lucida Grande,Verdana,Arial,sans-serif; font-size: 12px; color: #444444;\"><p>Hello {!! $receiver_name !!},<br/><br/>Our agent has created a new ticket for a request of your organization&#39;s member.</p><p><strong>Ticket ID:</strong>&nbsp; {!! $ticket_number !!}<br/><br/><strong>Member&#39;s Details:</strong><br/><strong>Name:</strong>&nbsp; {!! $client_name !!}<br/><strong>E-mail:</strong> {!! $client_email !!}<br/><br/><strong>Message:</strong><br/>{!! $message_content !!}</p>Kind regards,<br />{!! $system_name !!}</div></div>',3,1,'2024-10-24 03:58:38','2024-10-24 03:58:38'),(4,'#{!! $ticket_number !!} | Your Request has been received','<div style=\"width: 100%!important; margin: 0; padding: 0;\"><div style=\"padding: 15px; line-height: 18px; font-family: Lucida Grande,Verdana,Arial,sans-serif; font-size: 12px; color: #444444;\"><p>Hello {!! $receiver_name !!},<br /><br />Thank you for contacting us. This is an automated response confirming the receipt of your ticket. Our team will get back to you as soon as possible. When replying, please make sure that the ticket ID is kept in the subject so that we can track your replies.<br /><br /><strong>Ticket ID:</strong> {!! $ticket_number !!} <br /><br />You can check the status of or update this ticket online at: <a href=\"{!! $system_link !!}\" target=\"_blank\">{!! $system_link !!}</a></p>{!! $department_signature !!}</div></div>',4,1,'2024-10-24 03:58:38','2024-10-24 03:58:38'),(5,'#{!! $ticket_number !!} | A ticket has been requested','<div style=\"width: 100%!important; margin: 0; padding: 0;\"><div style=\"padding: 15px; line-height: 18px; font-family: Lucida Grande,Verdana,Arial,sans-serif; font-size: 12px; color: #444444;\"><p>Hello {!! $receiver_name !!},<br/><br/>A member of your organization has created a new ticket in our helpdesk system.</p><p><strong>Ticket ID:</strong>&nbsp; {!! $ticket_number !!}<br/><br/><strong>Member&#39;s Details</strong><br/><strong>Name:</strong>&nbsp; {!! $client_name !!}<br/><strong>E-mail:</strong> {!! $client_email !!}<br/><br/><strong>Message</strong><br/>{!! $message_content !!}</p>Kind regards,<br />{!! $system_name !!}</div></div>',5,1,'2024-10-24 03:58:38','2024-10-24 03:58:38'),(6,'#{!! $ticket_number !!} | New ticket has been created','#{!! $ticket_number !!} : New ticket has been created in the system',1,2,'2024-10-24 03:58:38','2024-10-24 03:58:38'),(7,'#{!! $ticket_number !!} | Your Request has been received','#{!! $ticket_number !!} : Our agent has created your ticket',2,2,'2024-10-24 03:58:38','2024-10-24 03:58:38'),(8,'#{!! $ticket_number !!} | A ticket has been requested','#{!! $ticket_number !!} : Our agent has created your organization ticket',3,2,'2024-10-24 03:58:38','2024-10-24 03:58:38'),(9,'#{!! $ticket_number !!} | Your Request has been received','#{!! $ticket_number !!} : Your ticket has been created.',4,2,'2024-10-24 03:58:38','2024-10-24 03:58:38'),(10,'#{!! $ticket_number !!} | A ticket has been requested','#{!! $ticket_number !!} : Your organization ticket has been created',5,2,'2024-10-24 03:58:38','2024-10-24 03:58:38'),(11,'#{!! $ticket_number !!} | New agent reply on the ticket','<div style=\"width: 100%!important; margin: 0; padding: 0;\"><div style=\"padding: 15px; line-height: 18px; font-family: Lucida Grande,Verdana,Arial,sans-serif; font-size: 12px; color: #444444;\"><p>Hello {!! $receiver_name !!},<br /><br />An agent has replied to a ticket with ID: {!! $ticket_number !!}.<br /><br /><strong>Reply content:</strong><br />{!! $message_content !!}<br /><br /><strong>Ticket link:</strong> <a href=\"{!! $ticket_link !!}\" target=\"_blank\">{!! $ticket_link !!}</a><br /><br /></p>{!! $agent_signature !!}</div></div>',6,1,'2024-10-24 03:58:38','2024-10-24 03:58:38'),(12,'#{!! $ticket_number !!} | New agent reply on the ticket','<div style=\"width: 100%!important; margin: 0; padding: 0;\"><div style=\"padding: 15px; line-height: 18px; font-family: Lucida Grande,Verdana,Arial,sans-serif; font-size: 12px; color: #444444;\"><p> Hello {!! $receiver_name !!},<br /><br />A reply has been made to a ticket assigned to you with ID: {!! $ticket_number !!} by {!! $activity_by !!} in our helpdesk system.<br /><br /><strong>Reply content</strong><br />{!! $message_content !!}<br /><br /><strong>Ticket link</strong><br /><a href=\"{!! $ticket_link !!}\" target=\"_blank\">{!! $ticket_link !!}</a><br /><br /></p>{!! $agent_signature !!}</div></div>',7,1,'2024-10-24 03:58:38','2024-10-24 03:58:38'),(13,'#{!! $ticket_number !!} | New reply on the ticket','<div style=\"width: 100%!important; margin: 0; padding: 0;\"><div style=\"padding: 15px; line-height: 18px; font-family: Lucida Grande,Verdana,Arial,sans-serif; font-size: 12px; color: #444444;\">{!! $message_content !!}<br /><br /><strong>Ticket Details</strong><br/><strong>Ticket ID:</strong> {!! $ticket_number !!}<br />{!! $agent_signature !!}</div></div>',8,1,'2024-10-24 03:58:38','2024-10-24 03:58:38'),(14,'#{!! $ticket_number !!} | New reply on the ticket','<div style=\"width: 100%!important; margin: 0; padding: 0;\"><div style=\"padding: 15px; line-height: 18px; font-family: Lucida Grande,Verdana,Arial,sans-serif; font-size: 12px; color: #444444;\">{!! $message_content !!}<br /><br /><strong>Ticket Details</strong><br/><strong>Ticket ID:</strong> {!! $ticket_number !!}<br />{!! $agent_signature !!}</div></div>',9,1,'2024-10-24 03:58:38','2024-10-24 03:58:38'),(15,'#{!! $ticket_number !!} | New response on the ticket','<div style=\"width: 100%!important; margin: 0; padding: 0;\"><div style=\"padding: 15px; line-height: 18px; font-family: Lucida Grande,Verdana,Arial,sans-serif; font-size: 12px; color: #444444;\"><p>Hello {!! $receiver_name !!},<br /><br />Client has made a new reply on their ticket in our helpdesk system.<br /><br /><strong>Ticket ID:</strong>  {!! $ticket_number !!}<br /><br /><strong>Reply Message:</strong><br />{!! $message_content !!}<br /><br />Please follow the link below to check and reply on ticket.<br /><a href=\"{!! $ticket_link !!}\" target=\"_blank\">{!! $ticket_link !!}</a></p>Kind regards,<br />{!! $system_name !!}</div></div>',10,1,'2024-10-24 03:58:38','2024-10-24 03:58:38'),(16,'#{!! $ticket_number !!} | New response on the ticket','<div style=\"width: 100%!important; margin: 0; padding: 0;\"><div style=\"padding: 15px; line-height: 18px; font-family: Lucida Grande,Verdana,Arial,sans-serif; font-size: 12px; color: #444444;\"><p>Hello {!! $receiver_name !!},<br /><br />Client has made a new reply on their ticket which is assigned to you.<br /><br /><strong>Ticket ID:</strong>  {!! $ticket_number !!}<br /><br /><strong>Reply Message</strong><br />{!! $message_content !!}<br /><br />Please follow the link below to check and reply on ticket.<br /><a href=\"{!! $ticket_link !!}\" target=\"_blank\">{!! $ticket_link !!}</a></p>Kind regards,<br />{!! $system_name !!}</div></div>',11,1,'2024-10-24 03:58:38','2024-10-24 03:58:38'),(17,'#{!! $ticket_number !!} | New reply on the ticket','<div style=\"width: 100%!important; margin: 0; padding: 0;\"><div style=\"padding: 15px; line-height: 18px; font-family: Lucida Grande,Verdana,Arial,sans-serif; font-size: 12px; color: #444444;\"><p>Hello {!! $receiver_name !!},<br /><br />{!! $activity_by !!} has made a new reply on the ticket with Id <strong>{!! $ticket_number !!}</strong><br /><br /><strong>Reply Message</strong><br />{!! $message_content !!}<br /><br />Please follow the link below to check and reply on ticket.<br /><a href=\"{!! $ticket_link_for_clients !!}\" target=\"_blank\">{!! $ticket_link_for_clients !!}</a></p>Kind regards,<br />{!! $system_name !!}</div></div>',12,1,'2024-10-24 03:58:38','2024-10-24 03:58:38'),(18,'#{!! $ticket_number !!} | New reply on the ticket','<div style=\"width: 100%!important; margin: 0; padding: 0;\"><div style=\"padding: 15px; line-height: 18px; font-family: Lucida Grande,Verdana,Arial,sans-serif; font-size: 12px; color: #444444;\"><p>Hello {!! $receiver_name !!},<br /><br />A new reply has been made on your organization member\'s ticket in our system.<br /><br /><strong>Ticket ID:</strong>  {!! $ticket_number !!}<br /><br /><strong>Reply Message</strong><br />{!! $message_content !!}<br /><br />Please follow the link below to check and reply on ticket.<br /><a href=\"{!! $ticket_link_for_clients !!}\" target=\"_blank\">{!! $ticket_link_for_clients !!}</a></p>Kind regards,<br />{!! $system_name !!}</div></div>',13,1,'2024-10-24 03:58:38','2024-10-24 03:58:38'),(19,'#{!! $ticket_number !!} | New agent reply on the ticket','#{!! $ticket_number !!} : An agent has replied on the ticket',6,2,'2024-10-24 03:58:38','2024-10-24 03:58:38'),(20,'#{!! $ticket_number !!} | New agent reply on the ticket','#{!! $ticket_number !!} : An agent has replied on your assigned ticket',7,2,'2024-10-24 03:58:38','2024-10-24 03:58:38'),(21,'#{!! $ticket_number !!} | New reply on the ticket','#{!! $ticket_number !!} : New reply on your ticket',8,2,'2024-10-24 03:58:38','2024-10-24 03:58:38'),(22,'#{!! $ticket_number !!} | New reply on the ticket','#{!! $ticket_number !!} : New reply on your ticket organization ticket',9,2,'2024-10-24 03:58:38','2024-10-24 03:58:38'),(23,'#{!! $ticket_number !!} | New response on the ticket','#{!! $ticket_number !!} : new response on the ticket.',10,2,'2024-10-24 03:58:38','2024-10-24 03:58:38'),(24,'#{!! $ticket_number !!} | New response on the ticket','#{!! $ticket_number !!} : new response on your assigned ticket.',11,2,'2024-10-24 03:58:38','2024-10-24 03:58:38'),(25,'#{!! $ticket_number !!} | New reply on the ticket','#{!! $ticket_number !!} : new response on your ticket',12,2,'2024-10-24 03:58:38','2024-10-24 03:58:38'),(26,'#{!! $ticket_number !!} | New reply on the ticket','#{!! $ticket_number !!} : new response on your organisation ticket.',13,2,'2024-10-24 03:58:38','2024-10-24 03:58:38'),(27,'New user has been registered','<div style=\"width: 100%!important; margin: 0; padding: 0;\"><div style=\"padding: 15px; line-height: 18px; font-family: Lucida Grande,Verdana,Arial,sans-serif; font-size: 12px; color: #444444;\"><p>Hello {!! $receiver_name !!},<br/><br/>A new user has been registered in our helpdesk system.<br/><br/><strong>User Details</strong><br/><strong>Name: </strong>{!! $new_user_name !!}<br/><strong>Email</strong><strong>:</strong> {!! $new_user_email !!}<br/><br/>You can check or update the user\'s complete profile by clicking the link below<br/>{!! $user_profile_link !!}</p>Kind regards,<br />{!! $system_name !!}</div></div>',14,1,'2024-10-24 03:58:38','2024-10-24 03:58:38'),(28,'New user has been registered','A new user has been registered',14,2,'2024-10-24 03:58:38','2024-10-24 03:58:38'),(29,'Registration Confirmation','<div style=\"width: 100%!important; margin: 0; padding: 0;\"><div style=\"padding: 15px; line-height: 18px; font-family: Lucida Grande,Verdana,Arial,sans-serif; font-size: 12px; color: #444444;\"><p>Hello {!! $receiver_name !!},<br /><br />This email is confirmation that you are now registered on <a href=\"{!! $system_link !!}\" target=\"_blank\">{!! $system_name !!}</a>.<br /><br /><strong>Registered Email:</strong> {!! $new_user_email !!}<br /><strong>Password:</strong> {!! $user_password !!}<br /><br />You can visit the helpdesk to browse articles and contact us at any time: <a href=\"{!! $system_link !!}\" target=\"_blank\">{!! $system_link !!}</a></p>Kind regards,<br />{!! $system_name !!}</div></div>',15,1,'2024-10-24 03:58:38','2024-10-24 03:58:38'),(30,'#{!! $ticket_number !!} | Assigned to an agent','<div style=\"width: 100%!important; margin: 0; padding: 0;\"><div style=\"padding: 15px; line-height: 18px; font-family: Lucida Grande,Verdana,Arial,sans-serif; font-size: 12px; color: #444444;\"><p>Hello {!! $receiver_name !!},<br /><br /><strong>Ticket No:</strong> {!! $ticket_number !!}<br />Has been assigned to {!! $agent_name !!} by {!! $activity_by !!}<br/><br/>Follow the link below to check and reply on the ticket.<br /><a href=\"{!! $ticket_link !!}\" target=\"_blank\">{!! $ticket_link !!}</a></p>Kind regards,<br />{!! $system_name !!}</div></div>',16,1,'2024-10-24 03:58:39','2024-10-24 03:58:39'),(31,'#{!! $ticket_number !!} | Assigned to an agent','<div style=\"width: 100%!important; margin: 0; padding: 0;\"><div style=\"padding: 15px; line-height: 18px; font-family: Lucida Grande,Verdana,Arial,sans-serif; font-size: 12px; color: #444444;\"><p>Hello {!! $receiver_name !!},<br /><br />Your ticket with ID: {!! $ticket_number !!} has been assigned to one of our agents. They will contact you soon.</p>Kind regards,<br />{!! $system_name !!}</div></div>',17,1,'2024-10-24 03:58:39','2024-10-24 03:58:39'),(32,'#{!! $ticket_number !!} | Assigned to you','<div style=\"width: 100%!important; margin: 0; padding: 0;\"><div style=\"padding: 15px; line-height: 18px; font-family: Lucida Grande,Verdana,Arial,sans-serif; font-size: 12px; color: #444444;\"><p>Hello {!! $receiver_name !!},<br /><br /><strong>Ticket No:</strong> {!! $ticket_number !!}<br />Has been assigned to you by {!! $activity_by !!}<br/><br/>Follow the link below to check and reply on the ticket.<br /><a href=\"{!! $ticket_link !!}\" target=\"_blank\">{!! $ticket_link !!}</a></p>Kind regards,<br />{!! $system_name !!}</div></div>',18,1,'2024-10-24 03:58:39','2024-10-24 03:58:39'),(33,'#{!! $ticket_number !!} | Assigned to an agent','<div style=\"width: 100%!important; margin: 0; padding: 0;\"><div style=\"padding: 15px; line-height: 18px; font-family: Lucida Grande,Verdana,Arial,sans-serif; font-size: 12px; color: #444444;\"><p>Hello {!! $receiver_name !!},<br /><br />Your organization member\'s ticket with ID: {!! $ticket_number !!} has been assigned to one of our agents. They will contact them soon.</p>Kind regards,<br />{!! $system_name !!}</div></div>',19,1,'2024-10-24 03:58:39','2024-10-24 03:58:39'),(34,'#{!! $ticket_number !!} | Assigned to a team','<div style=\"width: 100%!important; margin: 0; padding: 0;\"><div style=\"padding: 15px; line-height: 18px; font-family: Lucida Grande,Verdana,Arial,sans-serif; font-size: 12px; color: #444444;\"><p>Hello {!! $receiver_name !!},<br /><br /><strong>Ticket No:</strong> {!! $ticket_number !!}<br /><br />Has been assigned to your team <b>{!! $assigned_team_name !!}</b> by {!! $activity_by !!}<br /><br />Follow the link below to check and reply on the ticket.<br /><a href=\"{!! $ticket_link !!}\" target=\"_blank\">{!! $ticket_link !!}</a></p>Kind regards,<br />{!! $system_name !!}</div></div>',20,1,'2024-10-24 03:58:39','2024-10-24 03:58:39'),(35,'#{!! $ticket_number !!} | Assigned to a team','<div style=\"width: 100%!important; margin: 0; padding: 0;\"><div style=\"padding: 15px; line-height: 18px; font-family: Lucida Grande,Verdana,Arial,sans-serif; font-size: 12px; color: #444444;\"><p>Hello {!! $receiver_name !!},<br /><br />Your ticket with ID: {!! $ticket_number !!} has been assigned to our {!! $assigned_team_name !!} team. They will contact you soon.</p>Kind regards,<br />{!! $system_name !!}</div></div>',21,1,'2024-10-24 03:58:39','2024-10-24 03:58:39'),(36,'#{!! $ticket_number !!} | Assigned to a team','<div style=\"width: 100%!important; margin: 0; padding: 0;\"><div style=\"padding: 15px; line-height: 18px; font-family: Lucida Grande,Verdana,Arial,sans-serif; font-size: 12px; color: #444444;\"><p>Hello {!! $receiver_name !!},<br /><br />Your organization member\'s ticket with ID: {!! $ticket_number !!} has been assigned to our {!! $assigned_team_name !!} team. They will contact them soon.</p>Kind regards,<br />{!! $system_name !!}</div></div>',22,1,'2024-10-24 03:58:39','2024-10-24 03:58:39'),(37,'#{!! $ticket_number !!} | Assigned to an agent','#{!! $ticket_number !!} : has been assigned to {!! $agent_name !!}',16,2,'2024-10-24 03:58:39','2024-10-24 03:58:39'),(38,'#{!! $ticket_number !!} | Assigned to an agent','Your ticket #{!! $ticket_number !!} has been assigned to the concerned agent',17,2,'2024-10-24 03:58:39','2024-10-24 03:58:39'),(39,'#{!! $ticket_number !!} | Assigned to you','#{!! $ticket_number !!} : has been assigned to you',18,2,'2024-10-24 03:58:39','2024-10-24 03:58:39'),(40,'#{!! $ticket_number !!} | Assigned to an agent','Your organisation ticket #{!! $ticket_number !!} has been assigned to the concerned agent',19,2,'2024-10-24 03:58:39','2024-10-24 03:58:39'),(41,'#{!! $ticket_number !!} | Assigned to a team','#{!! $ticket_number !!} : has been assigned to {!! $assigned_team_name !!}',20,2,'2024-10-24 03:58:39','2024-10-24 03:58:39'),(42,'#{!! $ticket_number !!} | Assigned to a team','Your ticket #{!! $ticket_number !!} has been assigned to the concerned team',21,2,'2024-10-24 03:58:39','2024-10-24 03:58:39'),(43,'#{!! $ticket_number !!} | Assigned to a team','Your organization ticket #{!! $ticket_number !!} has been assigned to the concerned team',22,2,'2024-10-24 03:58:39','2024-10-24 03:58:39'),(44,'Rating Submitted','<div style=\"width: 100%!important; margin: 0; padding: 0;\"><div style=\"padding: 15px; line-height: 18px; font-family: Lucida Grande,Verdana,Arial,sans-serif; font-size: 12px; color: #444444;\"><p>Hello {!! $receiver_name !!},<br /><br />Overall rating has been submitted for a ticket {!! $ticket_link !!}</p>Kind regards,<br />{!! $system_name !!}</div></div>',23,1,'2024-10-24 03:58:39','2024-10-24 03:58:39'),(45,'Rating Submitted','#{!! $ticket_number !!} : client rated their experience on the ticket',23,2,'2024-10-24 03:58:39','2024-10-24 03:58:39'),(46,'#{!! $ticket_number !!} | New updates on the ticket','<div style=\"width: 100%!important; margin: 0; padding: 0;\"><div style=\"padding: 15px; line-height: 18px; font-family: Lucida Grande,Verdana,Arial,sans-serif; font-size: 12px; color: #444444;\"><p>Hello {!! $receiver_name !!},<br /><br />This message is regarding a ticket with the ticket ID {!! $ticket_number !!}.<br />{!! $message_content !!}<br />By {!! $activity_by !!}</p>Kind regards,<br />{!! $system_name !!}<br /></div></div>',24,1,'2024-10-24 03:58:39','2024-10-24 03:58:39'),(47,'#{!! $ticket_number !!} | New updates on the ticket','<div style=\"width: 100%!important; margin: 0; padding: 0;\"><div style=\"padding: 15px; line-height: 18px; font-family: Lucida Grande,Verdana,Arial,sans-serif; font-size: 12px; color: #444444;\"><p>Hello {!! $receiver_name !!},<br /><br />This message is regarding a ticket assigned to you with the ticket ID {!! $ticket_number !!}.<br />{!! $message_content !!}<br />By {!! $activity_by !!}</p>Kind regards,<br />{!! $system_name !!}<br /></div></div>',25,1,'2024-10-24 03:58:39','2024-10-24 03:58:39'),(48,'#{!! $ticket_number !!} | New updates on the ticket','#{!! $ticket_number !!} : new activity update on the ticket',24,2,'2024-10-24 03:58:39','2024-10-24 03:58:39'),(49,'#{!! $ticket_number !!} | New updates on the ticket','#{!! $ticket_number !!} : new activity update on your ticket.',25,2,'2024-10-24 03:58:39','2024-10-24 03:58:39'),(50,'#{!! $ticket_number !!} | Status has been set to {!! $ticket_status !!}','<div style=\"width: 100%!important; margin: 0; padding: 0;\"><div style=\"padding: 15px; line-height: 18px; font-family: Lucida Grande,Verdana,Arial,sans-serif; font-size: 12px; color: #444444;\"><p>Hello {!! $receiver_name !!},<br /><br />This email is regarding ticket {!! $ticket_number !!}.<br /><br />Status has been set to {!! $ticket_status !!} by {!! $actor_name !!}.</p>Kind regards,<br />{!! $system_name !!}</div></div>',26,1,'2024-10-24 03:58:39','2024-10-24 03:58:39'),(51,'#{!! $ticket_number !!} | Status updated','<div style=\"width: 100%!important; margin: 0; padding: 0;\"><div style=\"padding: 15px; line-height: 18px; font-family: Lucida Grande,Verdana,Arial,sans-serif; font-size: 12px; color: #444444;\">Hello {!! $receiver_name !!},<br /><br />This email is regarding your ticket with ID: {!! $ticket_number !!}.<br />Status has been set to {!! $ticket_status !!}.<br />If you are not satisfied please respond to the ticket here <a href=\"{!! $ticket_link_for_clients !!}\">{!! $ticket_link_for_clients !!}</a><br /><br />Kind regards,<br />{!! $system_name !!}</div></div>',27,1,'2024-10-24 03:58:39','2024-10-24 03:58:39'),(52,'#{!! $ticket_number !!} | Status updated','<div style=\"width: 100%!important; margin: 0; padding: 0;\"><div style=\"padding: 15px; line-height: 18px; font-family: Lucida Grande,Verdana,Arial,sans-serif; font-size: 12px; color: #444444;\"><p>Hello {!! $receiver_name !!},<br /><br />This email is regarding ticket {!! $ticket_number !!} which is assigned to you.<br /><br />Status has been set to {!! $ticket_status !!} by {!! $actor_name !!}</p>Kind regards,<br />{!! $system_name !!}</div></div>',28,1,'2024-10-24 03:58:39','2024-10-24 03:58:39'),(53,'#{!! $ticket_number !!} | Status has been set to {!! $ticket_status !!}','{!! $ticket_number !!} : Status has been set to {!! $ticket_status !!}',26,2,'2024-10-24 03:58:39','2024-10-24 03:58:39'),(54,'#{!! $ticket_number !!} | Status updated','Status of your ticket has been set to {!! $ticket_status !!}',27,2,'2024-10-24 03:58:39','2024-10-24 03:58:39'),(55,'#{!! $ticket_number !!} | Status updated','{!! $ticket_number !!} : Status has been set to {!! $ticket_status !!}',28,2,'2024-10-24 03:58:39','2024-10-24 03:58:39'),(56,'#{!! $ticket_number !!} | Response Time SLA Approaching','<div style=\"width: 100%!important; margin: 0; padding: 0;\"><div style=\"padding: 15px; line-height: 18px; font-family: Lucida Grande,Verdana,Arial,sans-serif; font-size: 12px; color: #444444;\"><p> Hello {!! $receiver_name !!},<br /><br />There has been no response for a ticket. The first response should happen on or before {!! $ticket_due_date !!}.<br/><br /><strong>Ticket Details:</strong><br /><br /><strong>Subject:</strong> {!! $ticket_subject !!}<br /><strong>Number:</strong> {!! $ticket_number !!}<br /><strong>Requester:</strong> {!! $client_name !!}<br /><br />This is an automatic escalation email from <a href=\"{!! $system_link !!}\" target=\"_blank\">{!! $system_name !!}</a><br /><br />Respond to ticket here <a href=\"{!! $ticket_link !!}\" target=\"_blank\">{!! $ticket_link !!} </a></p>Kind regards,<br />{!! $system_name !!}</div></div>',29,1,'2024-10-24 03:58:39','2024-10-24 03:58:39'),(57,'#{!! $ticket_number !!} | Response Time SLA Approaching','<div style=\"width: 100%!important; margin: 0; padding: 0;\"><div style=\"padding: 15px; line-height: 18px; font-family: Lucida Grande,Verdana,Arial,sans-serif; font-size: 12px; color: #444444;\"><p>Hello {!! $receiver_name !!},<br /><br />There has been no response for a ticket assigned to you. The first response should happen on or before {!! $ticket_due_date !!}.<br /><br /><strong>Ticket Details:</strong><br /><br /><strong>Subject:</strong> {!! $ticket_subject !!}<br /><strong>Number:</strong> {!! $ticket_number !!}<br /><strong>Requester:</strong> {!! $client_name !!}<br /><br />This is an automatic escalation email from <a href=\"{!! $system_link !!}\" target=\"_blank\">{!! $system_name !!}</a><br /><br />Respond to ticket here <a href=\"{!! $ticket_link !!}\" target=\"_blank\">{!! $ticket_link !!} </a></p>Kind regards,<br />{!! $system_name !!}</div></div>',30,1,'2024-10-24 03:58:39','2024-10-24 03:58:39'),(58,'#{!! $ticket_number !!} | Response Time SLA Violate','<div style=\"width: 100%!important; margin: 0; padding: 0;\"><div style=\"padding: 15px; line-height: 18px; font-family: Lucida Grande,Verdana,Arial,sans-serif; font-size: 12px; color: #444444;\"><p>Hello {!! $receiver_name !!},<br /><br />There has been no response for a ticket. The first response was due by {!! $ticket_due_date !!}.<br /><br /><strong>Ticket Details:</strong><br /><br /><strong>Subject:</strong> {!! $ticket_subject !!}<br /><strong>Number:</strong> {!! $ticket_number !!}<br /><strong>Requester:</strong> {!! $client_name !!}<br /><br />This is an automatic escalation email from <a href=\"{!! $system_link !!}\" target=\"_blank\">{!! $system_name !!}</a><br /><br />Respond to ticket here <a href=\"{!! $ticket_link !!}\" target=\"_blank\">{!! $ticket_link !!} </a></p>Kind regards,<br />{!! $system_name !!}</div></div>',31,1,'2024-10-24 03:58:39','2024-10-24 03:58:39'),(59,'#{!! $ticket_number !!} | Response Time SLA Violate','<div style=\"width: 100%!important; margin: 0; padding: 0;\"><div style=\"padding: 15px; line-height: 18px; font-family: Lucida Grande,Verdana,Arial,sans-serif; font-size: 12px; color: #444444;\"><p>Hello {!! $receiver_name !!},<br /><br />There has been no response for a ticket assigned to you. The first response was due by {!! $ticket_due_date !!}.<br /><br /><strong>Ticket Details:</strong><br /><br /><strong>Subject:</strong> {!! $ticket_subject !!}<br /><strong>Number:</strong> {!! $ticket_number !!}<br /><strong>Requester:</strong> {!! $client_name !!}<br /><br />This is an automatic escalation email from <a href=\"{!! $system_link !!}\" target=\"_blank\">{!! $system_name !!}</a><br /><br />Respond to ticket here <a href=\"{!! $ticket_link !!}\" target=\"_blank\">{!! $ticket_link !!} </a></p>Kind regards,<br />{!! $system_name !!}</div></div>',32,1,'2024-10-24 03:58:39','2024-10-24 03:58:39'),(60,'#{!! $ticket_number !!} | Resolution Time SLA Approaching','<div style=\"width: 100%!important; margin: 0; padding: 0;\"><div style=\"padding: 15px; line-height: 18px; font-family: Lucida Grande,Verdana,Arial,sans-serif; font-size: 12px; color: #444444;\"><p>Hello {!! $receiver_name !!},<br /><br />Ticket has not been resolved within the SLA time period. The ticket has to be resolved on or before {!! $ticket_due_date !!}.<br /><br /><strong>Ticket Details:</strong><br /><br /><strong>Subject:</strong> {!! $ticket_subject !!}<br /><strong>Number:</strong> {!! $ticket_number !!}<br /><strong>Requester:</strong> {!! $client_name !!}<br /><br />This is an automatic escalation email from <a href=\"{!! $system_link !!}\" target=\"_blank\">{!! $system_name !!}</a><br /><br />Respond to ticket here <a href=\"{!! $ticket_link !!}\" target=\"_blank\">{!! $ticket_link !!}</a></p>Kind regards,<br />{!! $system_name !!}</div></div>',33,1,'2024-10-24 03:58:39','2024-10-24 03:58:39'),(61,'#{!! $ticket_number !!} | Resolution Time SLA Approaching','<div style=\"width: 100%!important; margin: 0; padding: 0;\"><div style=\"padding: 15px; line-height: 18px; font-family: Lucida Grande,Verdana,Arial,sans-serif; font-size: 12px; color: #444444;\"><p> Hello {!! $receiver_name !!},<br /><br />The ticket assigned to you has not yet been resolved. The ticket has to be resolved on or before {!! $ticket_due_date !!}.<br /><br /><strong>Ticket Details:</strong><br /><br /><strong>Subject:</strong> {!! $ticket_subject !!}<br /><strong>Number:</strong> {!! $ticket_number !!}<br /><strong>Requester:</strong> {!! $client_name !!}<br /><br />This is an automatic escalation email from <a href=\"{!! $system_link !!}\" target=\"_blank\">{!! $system_name !!}</a><br /><br />Respond to ticket here <a href=\"{!! $ticket_link !!}\" target=\"_blank\">{!! $ticket_link !!} </a></p>Kind regards,<br />{!! $system_name !!}</div></div>',34,1,'2024-10-24 03:58:39','2024-10-24 03:58:39'),(62,'#{!! $ticket_number !!} | Resolve Time SLA Violate','<div style=\"width: 100%!important; margin: 0; padding: 0;\"><div style=\"padding: 15px; line-height: 18px; font-family: Lucida Grande,Verdana,Arial,sans-serif; font-size: 12px; color: #444444;\"><p> Hello {!! $receiver_name !!},<br /><br />Ticket has not been resolved within the SLA time period. The ticket was due by {!! $ticket_due_date !!}.<br /><br /><strong>Ticket Details:</strong><br /><br /><strong>Subject:</strong> {!! $ticket_subject !!}<br /><strong>Number:</strong> {!! $ticket_number !!}<br /><strong>Requester:</strong> {!! $client_name !!}<br /><br />This is an automatic escalation email from <a href=\"{!! $system_link !!}\" target=\"_blank\">{!! $system_name !!}</a><br /><br />Respond to ticket here <a href=\"{!! $ticket_link !!}\" target=\"_blank\">{!! $ticket_link !!} </a></p>Kind regards,<br />{!! $system_name !!}</div></div>',35,1,'2024-10-24 03:58:39','2024-10-24 03:58:39'),(63,'#{!! $ticket_number !!} | Resolve Time SLA Violate','<div style=\"width: 100%!important; margin: 0; padding: 0;\"><div style=\"padding: 15px; line-height: 18px; font-family: Lucida Grande,Verdana,Arial,sans-serif; font-size: 12px; color: #444444;\"><p>Hello {!! $receiver_name !!},<br /><br />Ticket which is assigned to you has not been resolved within the SLA time period. The ticket was due by {!! $ticket_due_date !!}.<br /><br /><strong>Ticket Details:</strong><br /><br /><strong>Subject:</strong> {!! $ticket_subject !!}<br /><strong>Number:</strong> {!! $ticket_number !!}<br /><strong>Requester:</strong> {!! $client_name !!}<br /><br />This is an automatic escalation email from <a href=\"{!! $system_link !!}\" target=\"_blank\">{!! $system_name !!}</a><br /><br />Respond to ticket here <a href=\"{!! $ticket_link !!}\" target=\"_blank\">{!! $ticket_link !!} </a></p>Kind regards,<br />{!! $system_name !!}</div></div>',36,1,'2024-10-24 03:58:39','2024-10-24 03:58:39'),(64,'#{!! $ticket_number !!} | Response Time SLA Approaching','#{!! $ticket_number !!} : Response is due on the ticket. Awaiting response on before {!! $ticket_due_date !!}',29,2,'2024-10-24 03:58:39','2024-10-24 03:58:39'),(65,'#{!! $ticket_number !!} | Response Time SLA Approaching','#{!! $ticket_number !!} : Response is due your ticket. Awaiting response on or before {!! $ticket_due_date !!}',30,2,'2024-10-24 03:58:39','2024-10-24 03:58:39'),(66,'#{!! $ticket_number !!} | Response Time SLA Violate','#{!! $ticket_number !!} : Response SLA has been violated, expected response was due on or before {!! $ticket_due_date !!}',31,2,'2024-10-24 03:58:39','2024-10-24 03:58:39'),(67,'#{!! $ticket_number !!} | Response Time SLA Violate','#{!! $ticket_number !!} : Response SLA for your ticket has been violated, expected response was due on or before {!! $ticket_due_date !!}',32,2,'2024-10-24 03:58:39','2024-10-24 03:58:39'),(68,'#{!! $ticket_number !!} | Resolution Time SLA Approaching','#{!! $ticket_number !!} : Resolution is due on the ticket. Awaiting resolution on before {!! $ticket_due_date !!}',33,2,'2024-10-24 03:58:39','2024-10-24 03:58:39'),(69,'#{!! $ticket_number !!} | Resolution Time SLA Approaching','#{!! $ticket_number !!} : Resolution is due your ticket. Awaiting resolution on or before {!! $ticket_due_date !!}',34,2,'2024-10-24 03:58:39','2024-10-24 03:58:39'),(70,'#{!! $ticket_number !!} | Resolve Time SLA Violate','#{!! $ticket_number !!} : Resolution SLA has been violated, expected resolution was due on or before {!! $ticket_due_date !!}',35,2,'2024-10-24 03:58:39','2024-10-24 03:58:39'),(71,'#{!! $ticket_number !!} | Resolve Time SLA Violate','#{!! $ticket_number !!} : Resolution SLA for your ticket has been violated, expected resolution was due on or before {!! $ticket_due_date !!}',36,2,'2024-10-24 03:58:39','2024-10-24 03:58:39'),(72,'Verify your email address','<div style=\"width: 100%!important; margin: 0; padding: 0;\"><div style=\"padding: 15px; line-height: 18px; font-family: Lucida Grande,Verdana,Arial,sans-serif; font-size: 12px; color: #444444;\"><p>Hello {!! $receiver_name !!},<br/><br/>This is a verification mail for your email registered with us.<br/><br/><strong>Registered Email:</strong> {!! $new_user_email !!}<br/><br/>Please click on the below link to verify your email address so you can use the system.<br/><a href=\"{!! $account_activation_link !!}\" target=\"_blank\">{!! $account_activation_link !!}</a></p>Kind regards,<br />{!! $system_name !!}</div></div>',37,1,'2024-10-24 03:58:39','2024-10-24 03:58:39'),(73,'Reset your Password','<div style=\"width: 100%!important; margin: 0; padding: 0;\"><div style=\"padding: 15px; line-height: 18px; font-family: Lucida Grande,Verdana,Arial,sans-serif; font-size: 12px; color: #444444;\"><p>Hello {!! $receiver_name !!},<br /><br />You asked to reset your password. To do so, please click this link:<br /><a href=\"{!! $password_reset_link !!}\" target=\"_blank\">{!! $password_reset_link !!}</a><br /><br />This will let you change your password to something new. If you did not ask for this, do not worry, we will keep your password safe.</p>Kind regards,<br />{!! $system_name !!}</div></div>',38,1,'2024-10-24 03:58:39','2024-10-24 03:58:39'),(74,'Password changed','<div style=\"width: 100%!important; margin: 0; padding: 0;\"><div style=\"padding: 15px; line-height: 18px; font-family: Lucida Grande,Verdana,Arial,sans-serif; font-size: 12px; color: #444444;\"><p>Hello {!! $receiver_name !!},<br /><br />Your password is successfully changed. Your new password is: {!! $user_password !!}</p>Kind regards,<br />{!! $system_name !!}</div></div>',39,1,'2024-10-24 03:58:39','2024-10-24 03:58:39'),(75,'Failed login attempt','<div style=\"width: 100%!important; margin: 0; padding: 0;\"><div style=\"padding: 15px; line-height: 18px; font-family: Lucida Grande,Verdana,Arial,sans-serif; font-size: 12px; color: #444444;\"><p>Hello {!! $receiver_name !!},<br/><br/> We want to alert you that someone tried to login into your {!! $login_appName !!} account with wrong credentials.<br/><br/><b>Account:</b> {!! $login_accountEmail !!}<br/><b>Time:</b> {!! $login_time !!}<br/><b>IP Address:</b> {!! $login_ipAddress !!}<br/><b>Browser:</b> {!! $login_browser !!}<br/><b>Platform/OS:</b> {!! $login_platform !!}<br/><b>Device:</b> {!! $login_device !!}<br/><br/> If this was you, you can ignore this alert. If you suspect any suspicious activity on your account, please change your password.<br/><br/></p>Kind regards,<br />{!! $system_name !!}</div></div>',40,1,'2024-10-24 03:58:39','2024-10-24 03:58:39'),(76,'Login alert','<div style=\"width: 100%!important; margin: 0; padding: 0;\"><div style=\"padding: 15px; line-height: 18px; font-family: Lucida Grande,Verdana,Arial,sans-serif; font-size: 12px; color: #444444;\"><p>Hello {!! $receiver_name !!},<br/><br/> We have noticed an unusual login into your {!! $login_appName !!} account from a device or IP you do not usually use.<br/><br/><b>Account:</b> {!! $login_accountEmail !!}<br/><b>Time:</b> {!! $login_time !!}<br/><b>IP Address:</b> {!! $login_ipAddress !!}<br/><b>Browser:</b> {!! $login_browser !!}<br/><b>Platform/OS:</b> {!! $login_platform !!}<br/><b>Device:</b> {!! $login_device !!}<br/><br/> If this was you, you can ignore this alert. If you suspect any suspicious activity on your account, please change your password.<br/><br/></p>Kind regards,<br />{!! $system_name !!}</div></div>',41,1,'2024-10-24 03:58:39','2024-10-24 03:58:39'),(77,'Failed login attempt','Invalid login attempt detected.',40,2,'2024-10-24 03:58:39','2024-10-24 03:58:39'),(78,'Login alert','New device login detected',41,2,'2024-10-24 03:58:39','2024-10-24 03:58:39'),(79,'Your system backup has been completed successfully','<div style=\"width: 100%!important; margin: 0; padding: 0;\"><div style=\"padding: 15px; line-height: 18px; font-family: Lucida Grande,Verdana,Arial,sans-serif; font-size: 12px; color: #444444;\"><p> Hello {!! $receiver_name !!}, <br/> <br/> Your system backup for {!! $version !!} has been completed successfully.</p>Kind regards,<br />{!! $system_name !!}</div></div>',42,1,'2024-10-24 03:58:39','2024-10-24 03:58:39'),(80,'Your system backup has been completed successfully','Backup process for {!! $version !!} has been completed.',42,2,'2024-10-24 03:58:39','2024-10-24 03:58:39'),(81,'#{!! $ticket_number !!} | Rate your experience','<div style=\"width: 100%!important; margin: 0; padding: 0;\"><div style=\"padding: 15px; line-height: 18px; font-family: Lucida Grande,Verdana,Arial,sans-serif; font-size: 12px; color: #444444;\"><p>Hello {!! $receiver_name !!},</p><p>We hope you are happy with our support for the <strong>Ticket ID:</strong>&nbsp;{!! $ticket_number !!}</p><p>Please provide us with your valuable feedback for our service by clicking on a rating of your choice.</p><p>{!! $ratings_icon_with_link !!}</p><p>Kind regards,<br/>{!! $system_name !!}</p></div></div>',43,1,'2024-10-24 03:58:39','2024-10-24 03:58:39'),(82,'Check your Ticket','<div style=\"width: 100%!important; margin: 0; padding: 0;\"><div style=\"padding: 15px; line-height: 18px; font-family: Lucida Grande,Verdana,Arial,sans-serif; font-size: 12px; color: #444444;\"><p>Hello {!! $receiver_name !!},<br /><br />Click the link below to view your requested ticket<br /><a href=\"{!! $ticket_link_for_clients !!}\" target=\"_blank\">{!! $ticket_link_for_clients !!}</a></p>Kind regards,<br />{!! $system_name !!}</div></div>',44,1,'2024-10-24 03:58:39','2024-10-24 03:58:39'),(83,'Exported report available for download','<div style=\"width: 100%!important; margin: 0; padding: 0;\"><div style=\"padding: 15px; line-height: 18px; font-family: Lucida Grande,Verdana,Arial,sans-serif; font-size: 12px; color: #444444;\"><p>Hello {!! $receiver_name !!},<br /><br />{!! $report_type !!} is successfully generated and ready for download.<br /><br /><strong>Download link:</strong> <a href=\"{!! $report_link !!}\" target=\"_blank\">{!! $report_link !!}</a><br /><br /><i>Please note this link will be expired in {!! $report_expiry !!}.</i></p>Kind regards,<br />{!! $system_name !!}</div></div>',45,1,'2024-10-24 03:58:39','2024-10-24 03:58:39'),(84,'Exported report available for download','Your exported report is now available for download',45,2,'2024-10-24 03:58:39','2024-10-24 03:58:39'),(85,'FW: {!! $ticket_title !!} [#{!! $ticket_number !!}','<div style=\"width: 100%!important; margin: 0; padding: 0;\"><div style=\"padding: 15px; line-height: 18px; font-family: Lucida Grande,Verdana,Arial,sans-serif; font-size: 12px; color: #444444;\"><p> Hello,<br /><br />Following ticket has been forwarded to you by {!! $activity_by !!}<br /><br />{!! $ticket_conversation !!}</p>Kind regards,<br />{!! $system_name !!}</div></div>',46,1,'2024-10-24 03:58:39','2024-10-24 03:58:39'),(86,'Ticket Approval Link','<div style=\"width: 100%!important; margin: 0; padding: 0;\"><div style=\"padding: 15px; line-height: 18px; font-family: Lucida Grande,Verdana,Arial,sans-serif; font-size: 12px; color: #444444;\"><p>Hello {!! $receiver_name !!},<br /><br />Ticket {!! $ticket_number !!} has been waiting for your approval.<br /><br />Please <a href=\"{!! $approval_link !!}\" target=\"_blank\">click here</a> to review the ticket.</p>Kind regards,<br />{!! $system_name !!}</div></div>',47,1,'2024-10-24 03:58:39','2024-10-24 03:58:39'),(87,'Ticket Approval Link','#{!! $ticket_number !!} : Your approval has been requested',47,2,'2024-10-24 03:58:39','2024-10-24 03:58:39'),(88,'{!! $subject !!}','{!! $message_content !!}',48,1,'2024-10-24 03:58:39','2024-10-24 03:58:39'),(89,'{!! $subject !!}','{!! $message_content !!}',48,2,'2024-10-24 03:58:39','2024-10-24 03:58:39'),(90,'#{!! $ticket_number !!} | A new ticket has been created by an agent','<div style=\"width: 100%!important; margin: 0; padding: 0;\"><div style=\"padding: 15px; line-height: 18px; font-family: Lucida Grande,Verdana,Arial,sans-serif; font-size: 12px; color: #444444;\"><p>Hello {!! $receiver_name !!},<br /><br />This is to confirm that our agent has logged a request in our support system. When replying, please make sure that the ticket ID is kept in the subject so that we can track your replies.<br /><br /><strong>Ticket ID:</strong> {!! $ticket_number !!} <br /><strong>Request message:</strong> {!! $message_content !!} <br /><br />You can check the status of or update this ticket online at: <a href=\"{!! $system_link !!}\" target=\"_blank\">{!! $system_link !!}</a></p>{!! $department_signature !!}</div></div>',49,1,'2024-10-24 03:58:40','2024-10-24 03:58:40'),(91,'#{!! $ticket_number !!} | A new ticket has been created by an agent','#{!! $ticket_number !!} : Our agent has created a ticket',49,2,'2024-10-24 03:58:40','2024-10-24 03:58:40'),(92,'Ticket pdf','<div style=\"width: 100%!important; margin: 0; padding: 0;\"><div style=\"padding: 15px; line-height: 18px; font-family: Lucida Grande,Verdana,Arial,sans-serif; font-size: 12px; color: #444444;\"><p>Hello {!! $receiver_name !!},<br /><br />Please download pdf attachment for this {!! $ticket_number !!} has been generated in our helpdesk.<br /><br /> </p>Kind regards,<br />{!! $system_name !!}</p></div></div>',50,1,'2024-10-24 03:58:40','2024-10-24 03:58:40'),(93,'Ticket pdf','#{!! $ticket_number !!} : Ticket pdf has been received in the email',50,2,'2024-10-24 03:58:40','2024-10-24 03:58:40'),(94,'You were mentioned','<div style=\"width: 100%!important; margin: 0; padding: 0;\"><div style=\"padding: 15px; line-height: 18px; font-family: Lucida Grande,Verdana,Arial,sans-serif; font-size: 12px; color: #444444;\"><p>Hello {!! $receiver_name !!},<br /><br />You were mentioned in a ticket with <strong>Ticket ID:</strong> {!! $ticket_number !!} <br /><strong>Request message:</strong> {!! $message_content !!} <br /><br />{!! $system_link !!}</a></div></div>',51,1,'2024-10-24 03:58:40','2024-10-24 03:58:40'),(95,'Your department is mentioned','<div style=\"width: 100%!important; margin: 0; padding: 0;\"><div style=\"padding: 15px; line-height: 18px; font-family: Lucida Grande,Verdana,Arial,sans-serif; font-size: 12px; color: #444444;\"><p>Hello {!! $receiver_name !!},<br /><br />You were mentioned in a ticket with <strong>Ticket ID:</strong> {!! $ticket_number !!} <br /><strong>Request message:</strong> {!! $message_content !!} <br /><br />{!! $system_link !!}</a></div></div>',52,1,'2024-10-24 03:58:40','2024-10-24 03:58:40'),(96,'You team is mentioned','<div style=\"width: 100%!important; margin: 0; padding: 0;\"><div style=\"padding: 15px; line-height: 18px; font-family: Lucida Grande,Verdana,Arial,sans-serif; font-size: 12px; color: #444444;\"><p>Hello {!! $receiver_name !!},<br /><br />Your team was mentioned in a ticket with <strong>Ticket ID:</strong> {!! $ticket_number !!} <br /><strong>Request message:</strong> {!! $message_content !!} <br /><br />{!! $system_link !!}</a></div></div>',53,1,'2024-10-24 03:58:40','2024-10-24 03:58:40'),(97,'You were mentioned','Mentioned you in a ticket with Ticket Number: (#{!! $ticket_number !!})',51,2,'2024-10-24 03:58:40','2024-10-24 03:58:40'),(98,'Your department is mentioned','Mentioned your Department in a ticket with Ticket Number: (#{!! $ticket_number !!})',52,2,'2024-10-24 03:58:40','2024-10-24 03:58:40'),(99,'You team is mentioned','Mentioned your Team in a ticket with Ticket Number: (#{!! $ticket_number !!})',53,2,'2024-10-24 03:58:40','2024-10-24 03:58:40'),(100,'Ticket has forked from #{!! $parent_ticket !!}  to #{!! $ticket_number !!}','<div style=\"width: 100%!important; margin: 0; padding: 0;\"><div style=\"padding: 15px; line-height: 18px; font-family: Lucida Grande,Verdana,Arial,sans-serif; font-size: 12px; color: #444444;\"><p>Hello {!! $receiver_name !!},<br /><br />Ticket has forked from {!! $parent_ticket !!} to {!! $ticket_number !!}<br /><br /><strong>Client Details</strong><br /><strong>Name:</strong> {!! $client_name !!}<br /><strong>E-mail:</strong> {!! $client_email !!}<br /><br /><strong>Message</strong><br />{!! $message_content !!}</p>Kind regards,<br />{!! $system_name !!}</p></div></div>',54,1,'2024-10-24 03:58:40','2024-10-24 03:58:40'),(101,'Ticket has forked from #{!! $parent_ticket !!}  to #{!! $ticket_number !!}','<div style=\"width: 100%!important; margin: 0; padding: 0;\"><div style=\"padding: 15px; line-height: 18px; font-family: Lucida Grande,Verdana,Arial,sans-serif; font-size: 12px; color: #444444;\"><p>Hello {!! $receiver_name !!},<br/><br/>Our agent has forked ticket from #{!! $parent_ticket !!}  to #{!! $ticket_number !!} for a request of your organization&#39;s member.</p><p><strong>New Ticket ID:</strong>&nbsp; {!! $ticket_number !!}<br/><br/><strong>Parent Ticket ID:</strong>&nbsp; {!! $parent_ticket !!}<br/><br/>Member&#39;s Details:<br/><strong>Name:</strong>&nbsp; {!! $client_name !!}<br/><strong>E-mail:</strong> {!! $client_email !!}<br/><br/><strong>Message:</strong><br/>{!! $message_content !!}</p>Kind regards,<br />{!! $system_name !!}</div></div>',55,1,'2024-10-24 03:58:40','2024-10-24 03:58:40'),(102,'Your Ticket #{!! $parent_ticket !!} has forked to #{!! $ticket_number !!}.','<div style=\"width: 100%!important; margin: 0; padding: 0;\"><div style=\"padding: 15px; line-height: 18px; font-family: Lucida Grande,Verdana,Arial,sans-serif; font-size: 12px; color: #444444;\"><p>Hello {!! $receiver_name !!},<br /><br />Your Ticket #{!! $parent_ticket !!} has forked to #{!! $ticket_number !!}.<br /><br /><strong>New Ticket ID:</strong> {!! $ticket_number !!} <br /><br /><strong>Parent Ticket ID:</strong> {!! $parent_ticket !!} <br /><br />You can check the status of or update this ticket online at: <a href=\"{!! $system_link !!}\" target=\"_blank\">{!! $system_link !!}</a></p>{!! $department_signature !!}</div></div>',56,1,'2024-10-24 03:58:40','2024-10-24 03:58:40'),(103,'Ticket has forked from #{!! $parent_ticket !!}  to #{!! $ticket_number !!}','Ticket has forked from #{!! $parent_ticket !!}  to #{!! $ticket_number !!}',54,2,'2024-10-24 03:58:40','2024-10-24 03:58:40'),(104,'Ticket has forked from #{!! $parent_ticket !!}  to #{!! $ticket_number !!}','#{!! $ticket_number !!} : Our agent has forked your organization ticket from #{!! $parent_ticket !!}  to #{!! $ticket_number !!}',55,2,'2024-10-24 03:58:40','2024-10-24 03:58:40'),(105,'Your Ticket #{!! $parent_ticket !!} has forked to #{!! $ticket_number !!}.','Your Ticket #{!! $parent_ticket !!} has forked to #{!! $ticket_number !!}.',56,2,'2024-10-24 03:58:40','2024-10-24 03:58:40'),(106,'Ticket forked from #{!! $parent_ticket !!}  to #{!! $ticket_number !!} | Assigned to an agent','<div style=\"width: 100%!important; margin: 0; padding: 0;\"><div style=\"padding: 15px; line-height: 18px; font-family: Lucida Grande,Verdana,Arial,sans-serif; font-size: 12px; color: #444444;\"><p>Hello {!! $receiver_name !!},<br /><br /><strong>Ticket forked from {!! $parent_ticket !!} to {!! $ticket_number !!}<br />Has been assigned to {!! $agent_name !!} by {!! $activity_by !!}<br/><br/>Follow the link below to check and reply on the ticket.<br /><a href=\"{!! $ticket_link !!}\" target=\"_blank\">{!! $ticket_link !!}</a></p>Kind regards,<br />{!! $system_name !!}</div></div>',57,1,'2024-10-24 03:58:40','2024-10-24 03:58:40'),(107,'Ticket forked from #{!! $parent_ticket !!}  to #{!! $ticket_number !!}| Assigned to an agent','<div style=\"width: 100%!important; margin: 0; padding: 0;\"><div style=\"padding: 15px; line-height: 18px; font-family: Lucida Grande,Verdana,Arial,sans-serif; font-size: 12px; color: #444444;\"><p>Hello {!! $receiver_name !!},<br /><br />Your ticket forked from {!! $parent_ticket !!} to {!! $ticket_number !!} has been assigned to one of our agents. They will contact you soon.</p>Kind regards,<br />{!! $system_name !!}</div></div>',58,1,'2024-10-24 03:58:40','2024-10-24 03:58:40'),(108,'Ticket forked from #{!! $parent_ticket !!}  to #{!! $ticket_number !!} | Assigned to you','<div style=\"width: 100%!important; margin: 0; padding: 0;\"><div style=\"padding: 15px; line-height: 18px; font-family: Lucida Grande,Verdana,Arial,sans-serif; font-size: 12px; color: #444444;\"><p>Hello {!! $receiver_name !!},<br /><br /><strong>Ticket No:</strong> Ticket forked from {!! $parent_ticket !!} to {!! $ticket_number !!}<br />Has been assigned to you by {!! $activity_by !!}<br/><br/>Follow the link below to check and reply on the ticket.<br /><a href=\"{!! $ticket_link !!}\" target=\"_blank\">{!! $ticket_link !!}</a></p>Kind regards,<br />{!! $system_name !!}</div></div>',59,1,'2024-10-24 03:58:40','2024-10-24 03:58:40'),(109,'Ticket forked from #{!! $parent_ticket !!}  to #{!! $ticket_number !!} | Assigned to an agent','<div style=\"width: 100%!important; margin: 0; padding: 0;\"><div style=\"padding: 15px; line-height: 18px; font-family: Lucida Grande,Verdana,Arial,sans-serif; font-size: 12px; color: #444444;\"><p>Hello {!! $receiver_name !!},<br /><br />Your organization member\'s ticket forked from {!! $parent_ticket !!} to {!! $ticket_number !!} has been assigned to one of our agents. They will contact them soon.</p>Kind regards,<br />{!! $system_name !!}</div></div>',60,1,'2024-10-24 03:58:40','2024-10-24 03:58:40'),(110,'Ticket forked from #{!! $parent_ticket !!}  to #{!! $ticket_number !!} | Assigned to an agent','Ticket forked from #{!! $parent_ticket !!}  to #{!! $ticket_number !!} : has been assigned to {!! $agent_name !!}',57,2,'2024-10-24 03:58:40','2024-10-24 03:58:40'),(111,'Ticket forked from #{!! $parent_ticket !!}  to #{!! $ticket_number !!}| Assigned to an agent','Your ticket forked from #{!! $parent_ticket !!}  to #{!! $ticket_number !!} has been assigned to the concerned agent',58,2,'2024-10-24 03:58:40','2024-10-24 03:58:40'),(112,'Ticket forked from #{!! $parent_ticket !!}  to #{!! $ticket_number !!} | Assigned to you','Ticket forked from #{!! $parent_ticket !!}  to #{!! $ticket_number !!} : has been assigned to you',59,2,'2024-10-24 03:58:40','2024-10-24 03:58:40'),(113,'Ticket forked from #{!! $parent_ticket !!}  to #{!! $ticket_number !!} | Assigned to an agent','Your organisation ticket forked from #{!! $parent_ticket !!}  to #{!! $ticket_number !!} has been assigned to the concerned agent',60,2,'2024-10-24 03:58:40','2024-10-24 03:58:40'),(114,'Ticket #{!! $child_ticket !!} has merged with #{!! $ticket_number !!}','<div style=\"width: 100%!important; margin: 0; padding: 0;\"><div style=\"padding: 15px; line-height: 18px; font-family: Lucida Grande,Verdana,Arial,sans-serif; font-size: 12px; color: #444444;\"><p>Hello {!! $receiver_name !!},<br /><br />Ticket #{!! $child_ticket !!} has merged with #{!! $ticket_number !!}<br /><br /><strong>Ticket Details</strong><br /><br />Please follow the link below to check ticket.<br /><a href=\"{!! $ticket_link !!}\" target=\"_blank\">{!! $ticket_link !!}</a><br /></p>Kind regards,<br />{!! $system_name !!}</p></div></div>',61,1,'2024-10-24 03:58:40','2024-10-24 03:58:40'),(115,'Ticket #{!! $child_ticket !!} has merged with #{!! $ticket_number !!}','<div style=\"width: 100%!important; margin: 0; padding: 0;\"><div style=\"padding: 15px; line-height: 18px; font-family: Lucida Grande,Verdana,Arial,sans-serif; font-size: 12px; color: #444444;\"><p>Hello {!! $receiver_name !!},<br/><br/>#{!! $ticket_number !!} : Our agent has merged your organization ticket #{!! $child_ticket !!} with #{!! $ticket_number !!} on a request of your organization&#39;s member.</p><p>Member&#39;s Details:<br/><strong>Name:</strong>&nbsp; {!! $client_name !!}<br/><strong>E-mail:</strong> {!! $client_email !!}<br/></p>Kind regards,<br />{!! $system_name !!}</div></div>',62,1,'2024-10-24 03:58:40','2024-10-24 03:58:40'),(116,'Your Ticket #{!! $child_ticket !!} has merged with #{!! $ticket_number !!}.','<div style=\"width: 100%!important; margin: 0; padding: 0;\"><div style=\"padding: 15px; line-height: 18px; font-family: Lucida Grande,Verdana,Arial,sans-serif; font-size: 12px; color: #444444;\"><p>Hello {!! $receiver_name !!},<br /><br />Your Ticket #{!! $child_ticket !!} has merged with #{!! $ticket_number !!}.<br /><br />You can check this ticket online at: <a href=\"{!! $ticket_link !!}\" target=\"_blank\">{!! $ticket_link !!}</a></p>Kind regards<br />{!! $department_signature !!}</p></div></div>',63,1,'2024-10-24 03:58:40','2024-10-24 03:58:40'),(117,'Ticket #{!! $child_ticket !!} has merged with #{!! $ticket_number !!}','Ticket #{!! $child_ticket !!} has merged with #{!! $ticket_number !!}',61,2,'2024-10-24 03:58:40','2024-10-24 03:58:40'),(118,'Ticket #{!! $child_ticket !!} has merged with #{!! $ticket_number !!}','#{!! $child_ticket !!} : Our agent has merged your organization ticket with #{!! $ticket_number !!}.',62,2,'2024-10-24 03:58:40','2024-10-24 03:58:40'),(119,'Your Ticket #{!! $child_ticket !!} has merged with #{!! $ticket_number !!}.','Your Ticket #{!! $child_ticket !!} has merged with #{!! $ticket_number !!}.',63,2,'2024-10-24 03:58:40','2024-10-24 03:58:40'),(120,'Job failed','<div style=\"width: 100%!important; margin: 0; padding: 0;\"><div style=\"padding: 15px; line-height: 18px; font-family: Lucida Grande,Verdana,Arial,sans-serif; font-size: 12px; color: #444444;\"><p>Hello {!! $receiver_name !!},<br /><br /> <strong>Job name: </strong>{!! $job_name !!} <br /><br /> <strong>Connection name: </strong>{!! $connection_name !!} <br /><br />  <strong>Exception message:</strong> <br>{!! $exception_message !!} <br /><br /> <strong>Exception File: </strong>{!! $exception_file !!} &nbsp; <strong>Exception Line: </strong> {!! $exception_line !!} <br /><br /> <strong>Exception trace: </strong> <br /><br>{!! $exception_trace !!} </p>Kind regards,<br />{!! $system_name !!}</p></div></div>',64,1,'2024-10-24 03:58:40','2024-10-24 03:58:40'),(122,'Exported users are now available for download','<div style=\"width: 100%!important; margin: 0; padding: 0;\"><div style=\"padding: 15px; line-height: 18px; font-family: Lucida Grande,Verdana,Arial,sans-serif; font-size: 12px; color: #444444;\"><p>Hello {!! $receiver_name !!},<br /><br />User exported successfully and can be downloaded now.<br /><br /><strong>Download link:</strong> <a href=\"{!! $export_link !!}\" target=\"_blank\">{!! $export_link !!}</a><br /><br /></p>Kind regards,<br />{!! $system_name !!}</div></div>',65,1,'2024-10-24 03:58:40','2024-10-24 03:58:40'),(123,'Exported users are now available for download','User exported successfully, Download Now ',65,2,'2024-10-24 03:58:40','2024-10-24 03:58:40'),(124,'{!! $subject !!}','<div style=\"width: 100%!important; margin: 0; padding: 0;\"><div style=\"padding: 15px; line-height: 18px; font-family: Lucida Grande,Verdana,Arial,sans-serif; font-size: 12px; color: #444444;\"><p>Hello {!! $receiver_name !!},<br /><br />{!! $description !!} <br /><br /><strong>Download link:</strong> <a href=\"{!! $report_link !!}\" target=\"_blank\">{!! $report_link !!}</a><br /><br /><i>Please note this link will be expired in {!! $report_expiry !!}.</i></p>Kind regards,<br />{!! $system_name !!}</div></div>',66,1,'2024-10-24 03:58:40','2024-10-24 03:58:40'),(125,'{!! $subject !!}','Your {!! $subject !!} scheduled report is now available for download',66,2,'2024-10-24 03:58:40','2024-10-24 03:58:40'),(126,'You were mentioned in a ticket reply','<div style=\"width: 100%!important; margin: 0; padding: 0;\"><div style=\"padding: 15px; line-height: 18px; font-family: Lucida Grande,Verdana,Arial,sans-serif; font-size: 12px; color: #444444;\"><p>Hello {!! $receiver_name !!},<br /><br />You were mentioned in a ticket reply with <strong>Ticket ID:</strong> {!! $ticket_number !!} <br /><strong>Request message:</strong> {!! $message_content !!} <br /><br />{!! $system_link !!}</a></div></div>',67,1,'2024-10-24 03:58:40','2024-10-24 03:58:40'),(127,'Your department is mentioned in a ticket reply','<div style=\"width: 100%!important; margin: 0; padding: 0;\"><div style=\"padding: 15px; line-height: 18px; font-family: Lucida Grande,Verdana,Arial,sans-serif; font-size: 12px; color: #444444;\"><p>Hello {!! $receiver_name !!},<br /><br />Your department was mentioned in a ticket reply with <strong>Ticket ID:</strong> {!! $ticket_number !!} <br /><strong>Request message:</strong> {!! $message_content !!} <br /><br />{!! $system_link !!}</a></div></div>',68,1,'2024-10-24 03:58:40','2024-10-24 03:58:40'),(128,'Your team is mentioned in a ticket reply','<div style=\"width: 100%!important; margin: 0; padding: 0;\"><div style=\"padding: 15px; line-height: 18px; font-family: Lucida Grande,Verdana,Arial,sans-serif; font-size: 12px; color: #444444;\"><p>Hello {!! $receiver_name !!},<br /><br />Your team was mentioned in a ticket reply with <strong>Ticket ID:</strong> {!! $ticket_number !!} <br /><strong>Request message:</strong> {!! $message_content !!} <br /><br />{!! $system_link !!}</a></div></div>',69,1,'2024-10-24 03:58:40','2024-10-24 03:58:40'),(129,'You were mentioned in a ticket reply','Mentioned you in a ticket reply with Ticket Number: (#{!! $ticket_number !!})',67,2,'2024-10-24 03:58:40','2024-10-24 03:58:40'),(130,'Your department is mentioned in a ticket reply','Mentioned your Department in a ticket reply with Ticket Number: (#{!! $ticket_number !!})',68,2,'2024-10-24 03:58:40','2024-10-24 03:58:40'),(131,'Your team is mentioned in a ticket reply','Mentioned your Team in a ticket reply with Ticket Number: (#{!! $ticket_number !!})',69,2,'2024-10-24 03:58:40','2024-10-24 03:58:40');
/*!40000 ALTER TABLE `notify_templates` ENABLE KEYS */;
UNLOCK TABLES;

--
-- Table structure for table `oauth_access_tokens`
--

DROP TABLE IF EXISTS `oauth_access_tokens`;
/*!40101 SET @saved_cs_client     = @@character_set_client */;
/*!40101 SET character_set_client = utf8 */;
CREATE TABLE `oauth_access_tokens` (
  `id` varchar(100) NOT NULL,
  `user_id` int(11) DEFAULT NULL,
  `client_id` int(10) unsigned NOT NULL,
  `name` varchar(255) DEFAULT NULL,
  `scopes` text DEFAULT NULL,
  `revoked` tinyint(1) NOT NULL,
  `created_at` timestamp NULL DEFAULT NULL,
  `updated_at` timestamp NULL DEFAULT NULL,
  `expires_at` datetime DEFAULT NULL,
  PRIMARY KEY (`id`),
  KEY `oauth_access_tokens_user_id_index` (`user_id`)
) ENGINE=InnoDB DEFAULT CHARSET=utf8mb3 COLLATE=utf8mb3_unicode_ci;
/*!40101 SET character_set_client = @saved_cs_client */;

--
-- Dumping data for table `oauth_access_tokens`
--

LOCK TABLES `oauth_access_tokens` WRITE;
/*!40000 ALTER TABLE `oauth_access_tokens` DISABLE KEYS */;
/*!40000 ALTER TABLE `oauth_access_tokens` ENABLE KEYS */;
UNLOCK TABLES;

--
-- Table structure for table `oauth_auth_codes`
--

DROP TABLE IF EXISTS `oauth_auth_codes`;
/*!40101 SET @saved_cs_client     = @@character_set_client */;
/*!40101 SET character_set_client = utf8 */;
CREATE TABLE `oauth_auth_codes` (
  `id` varchar(100) NOT NULL,
  `user_id` int(11) NOT NULL,
  `client_id` int(10) unsigned NOT NULL,
  `scopes` text DEFAULT NULL,
  `revoked` tinyint(1) NOT NULL,
  `expires_at` datetime DEFAULT NULL,
  PRIMARY KEY (`id`)
) ENGINE=InnoDB DEFAULT CHARSET=utf8mb3 COLLATE=utf8mb3_unicode_ci;
/*!40101 SET character_set_client = @saved_cs_client */;

--
-- Dumping data for table `oauth_auth_codes`
--

LOCK TABLES `oauth_auth_codes` WRITE;
/*!40000 ALTER TABLE `oauth_auth_codes` DISABLE KEYS */;
/*!40000 ALTER TABLE `oauth_auth_codes` ENABLE KEYS */;
UNLOCK TABLES;

--
-- Table structure for table `oauth_clients`
--

DROP TABLE IF EXISTS `oauth_clients`;
/*!40101 SET @saved_cs_client     = @@character_set_client */;
/*!40101 SET character_set_client = utf8 */;
CREATE TABLE `oauth_clients` (
  `id` int(10) unsigned NOT NULL AUTO_INCREMENT,
  `user_id` int(11) DEFAULT NULL,
  `name` varchar(255) NOT NULL,
  `secret` varchar(100) NOT NULL,
  `redirect` text NOT NULL,
  `personal_access_client` tinyint(1) NOT NULL,
  `password_client` tinyint(1) NOT NULL,
  `revoked` tinyint(1) NOT NULL,
  `created_at` timestamp NULL DEFAULT NULL,
  `updated_at` timestamp NULL DEFAULT NULL,
  `provider` varchar(255) DEFAULT NULL,
  PRIMARY KEY (`id`),
  KEY `oauth_clients_user_id_index` (`user_id`)
) ENGINE=InnoDB AUTO_INCREMENT=3 DEFAULT CHARSET=utf8mb3 COLLATE=utf8mb3_unicode_ci;
/*!40101 SET character_set_client = @saved_cs_client */;

--
-- Dumping data for table `oauth_clients`
--

LOCK TABLES `oauth_clients` WRITE;
/*!40000 ALTER TABLE `oauth_clients` DISABLE KEYS */;
INSERT INTO `oauth_clients` VALUES (1,NULL,'Faveo Helpdesk Personal Access Client','C1SLdYaf4DbFSqHQruMDZVBEGJIKisHoaJcA1hYB','http://localhost',1,0,0,'2024-10-24 03:58:34','2024-10-24 03:58:34',NULL),(2,NULL,'Faveo Helpdesk Password Grant Client','LHYzN6qbBCLX1Dte3aAfEEb44L29JwSl94D0zX7c','http://localhost',0,1,0,'2024-10-24 03:58:34','2024-10-24 03:58:34','users');
/*!40000 ALTER TABLE `oauth_clients` ENABLE KEYS */;
UNLOCK TABLES;

--
-- Table structure for table `oauth_faveo_attributes`
--

DROP TABLE IF EXISTS `oauth_faveo_attributes`;
/*!40101 SET @saved_cs_client     = @@character_set_client */;
/*!40101 SET character_set_client = utf8 */;
CREATE TABLE `oauth_faveo_attributes` (
  `id` bigint(20) unsigned NOT NULL AUTO_INCREMENT,
  `homepage_url` varchar(255) NOT NULL,
  `profile_pic` longtext DEFAULT NULL,
  `path` longtext DEFAULT NULL,
  `description` blob DEFAULT NULL,
  `client_id` bigint(20) unsigned NOT NULL,
  `created_at` timestamp NULL DEFAULT NULL,
  `updated_at` timestamp NULL DEFAULT NULL,
  PRIMARY KEY (`id`)
) ENGINE=InnoDB DEFAULT CHARSET=utf8mb3 COLLATE=utf8mb3_unicode_ci;
/*!40101 SET character_set_client = @saved_cs_client */;

--
-- Dumping data for table `oauth_faveo_attributes`
--

LOCK TABLES `oauth_faveo_attributes` WRITE;
/*!40000 ALTER TABLE `oauth_faveo_attributes` DISABLE KEYS */;
/*!40000 ALTER TABLE `oauth_faveo_attributes` ENABLE KEYS */;
UNLOCK TABLES;

--
-- Table structure for table `oauth_integrations`
--

DROP TABLE IF EXISTS `oauth_integrations`;
/*!40101 SET @saved_cs_client     = @@character_set_client */;
/*!40101 SET character_set_client = utf8 */;
CREATE TABLE `oauth_integrations` (
  `id` bigint(20) unsigned NOT NULL AUTO_INCREMENT,
  `key` varchar(255) NOT NULL,
  `provider` varchar(255) NOT NULL,
  `client_id` text NOT NULL,
  `client_secret` text NOT NULL,
  `redirect_uri` text NOT NULL,
  `is_active` tinyint(4) NOT NULL DEFAULT 0,
  `authorize_url` text NOT NULL,
  `token_url` text NOT NULL,
  `scope` text NOT NULL,
  `created_at` timestamp NULL DEFAULT NULL,
  `updated_at` timestamp NULL DEFAULT NULL,
  PRIMARY KEY (`id`)
) ENGINE=InnoDB AUTO_INCREMENT=2 DEFAULT CHARSET=utf8mb3 COLLATE=utf8mb3_unicode_ci;
/*!40101 SET character_set_client = @saved_cs_client */;

--
-- Dumping data for table `oauth_integrations`
--

LOCK TABLES `oauth_integrations` WRITE;
/*!40000 ALTER TABLE `oauth_integrations` DISABLE KEYS */;
INSERT INTO `oauth_integrations` VALUES (1,'office365','Office 365','','','https://raffi.helpdesk/faveo/public/email/oauth/office365',0,'https://login.microsoftonline.com/common/oauth2/v2.0/authorize','https://login.microsoftonline.com/common/oauth2/v2.0/token','offline_access https://outlook.office.com/IMAP.AccessAsUser.All https://outlook.office.com/SMTP.Send https://outlook.office.com/User.Read https://outlook.office365.com/EWS.AccessAsUser.All','2024-10-24 03:58:38','2024-10-24 03:58:38');
/*!40000 ALTER TABLE `oauth_integrations` ENABLE KEYS */;
UNLOCK TABLES;

--
-- Table structure for table `oauth_personal_access_clients`
--

DROP TABLE IF EXISTS `oauth_personal_access_clients`;
/*!40101 SET @saved_cs_client     = @@character_set_client */;
/*!40101 SET character_set_client = utf8 */;
CREATE TABLE `oauth_personal_access_clients` (
  `id` int(10) unsigned NOT NULL AUTO_INCREMENT,
  `client_id` int(10) unsigned NOT NULL,
  `created_at` timestamp NULL DEFAULT NULL,
  `updated_at` timestamp NULL DEFAULT NULL,
  PRIMARY KEY (`id`),
  KEY `oauth_personal_access_clients_client_id_index` (`client_id`)
) ENGINE=InnoDB AUTO_INCREMENT=2 DEFAULT CHARSET=utf8mb3 COLLATE=utf8mb3_unicode_ci;
/*!40101 SET character_set_client = @saved_cs_client */;

--
-- Dumping data for table `oauth_personal_access_clients`
--

LOCK TABLES `oauth_personal_access_clients` WRITE;
/*!40000 ALTER TABLE `oauth_personal_access_clients` DISABLE KEYS */;
INSERT INTO `oauth_personal_access_clients` VALUES (1,1,'2024-10-24 03:58:34','2024-10-24 03:58:34');
/*!40000 ALTER TABLE `oauth_personal_access_clients` ENABLE KEYS */;
UNLOCK TABLES;

--
-- Table structure for table `oauth_refresh_tokens`
--

DROP TABLE IF EXISTS `oauth_refresh_tokens`;
/*!40101 SET @saved_cs_client     = @@character_set_client */;
/*!40101 SET character_set_client = utf8 */;
CREATE TABLE `oauth_refresh_tokens` (
  `id` varchar(100) NOT NULL,
  `access_token_id` varchar(100) NOT NULL,
  `revoked` tinyint(1) NOT NULL,
  `expires_at` datetime DEFAULT NULL,
  PRIMARY KEY (`id`),
  KEY `oauth_refresh_tokens_access_token_id_index` (`access_token_id`)
) ENGINE=InnoDB DEFAULT CHARSET=utf8mb3 COLLATE=utf8mb3_unicode_ci;
/*!40101 SET character_set_client = @saved_cs_client */;

--
-- Dumping data for table `oauth_refresh_tokens`
--

LOCK TABLES `oauth_refresh_tokens` WRITE;
/*!40000 ALTER TABLE `oauth_refresh_tokens` DISABLE KEYS */;
/*!40000 ALTER TABLE `oauth_refresh_tokens` ENABLE KEYS */;
UNLOCK TABLES;

--
-- Table structure for table `orders`
--

DROP TABLE IF EXISTS `orders`;
/*!40101 SET @saved_cs_client     = @@character_set_client */;
/*!40101 SET character_set_client = utf8 */;
CREATE TABLE `orders` (
  `id` int(10) unsigned NOT NULL AUTO_INCREMENT,
  `package_id` int(10) unsigned NOT NULL,
  `user_id` int(10) unsigned NOT NULL,
  `credit_type` varchar(255) NOT NULL,
  `credit` varchar(255) NOT NULL,
  `status` tinyint(1) NOT NULL,
  `expiry_date` datetime DEFAULT NULL,
  `period_expiry_date` timestamp NULL DEFAULT NULL,
  `created_at` timestamp NULL DEFAULT NULL,
  `updated_at` timestamp NULL DEFAULT NULL,
  PRIMARY KEY (`id`),
  KEY `orders_package_id_foreign` (`package_id`),
  KEY `orders_user_id_foreign` (`user_id`),
  CONSTRAINT `orders_package_id_foreign` FOREIGN KEY (`package_id`) REFERENCES `packages` (`id`),
  CONSTRAINT `orders_user_id_foreign` FOREIGN KEY (`user_id`) REFERENCES `users` (`id`)
) ENGINE=InnoDB DEFAULT CHARSET=utf8mb3 COLLATE=utf8mb3_unicode_ci;
/*!40101 SET character_set_client = @saved_cs_client */;

--
-- Dumping data for table `orders`
--

LOCK TABLES `orders` WRITE;
/*!40000 ALTER TABLE `orders` DISABLE KEYS */;
/*!40000 ALTER TABLE `orders` ENABLE KEYS */;
UNLOCK TABLES;

--
-- Table structure for table `organization`
--

DROP TABLE IF EXISTS `organization`;
/*!40101 SET @saved_cs_client     = @@character_set_client */;
/*!40101 SET character_set_client = utf8 */;
CREATE TABLE `organization` (
  `id` int(10) unsigned NOT NULL AUTO_INCREMENT,
  `name` varchar(255) NOT NULL,
  `phone` varchar(255) DEFAULT NULL,
  `website` varchar(255) NOT NULL,
  `address` varchar(255) DEFAULT NULL,
  `head` int(10) unsigned DEFAULT NULL,
  `internal_notes` varchar(255) DEFAULT NULL,
  `created_at` timestamp NULL DEFAULT NULL,
  `updated_at` timestamp NULL DEFAULT NULL,
  `client_Code` varchar(255) NOT NULL,
  `phone1` varchar(255) NOT NULL,
  `line_of_business` varchar(255) NOT NULL,
  `relation_type` varchar(255) NOT NULL,
  `branch` varchar(255) NOT NULL,
  `fax` varchar(255) NOT NULL,
  `domain` varchar(255) NOT NULL,
  `logo` longtext DEFAULT NULL,
  `logo_driver` varchar(255) DEFAULT NULL,
  `is_migrated` tinyint(4) NOT NULL DEFAULT 0,
  PRIMARY KEY (`id`),
  KEY `head` (`head`),
  KEY `organization_is_migrated_index` (`is_migrated`),
  CONSTRAINT `organization_ibfk_1` FOREIGN KEY (`head`) REFERENCES `users` (`id`) ON DELETE NO ACTION ON UPDATE NO ACTION
) ENGINE=InnoDB DEFAULT CHARSET=utf8mb3 COLLATE=utf8mb3_unicode_ci;
/*!40101 SET character_set_client = @saved_cs_client */;

--
-- Dumping data for table `organization`
--

LOCK TABLES `organization` WRITE;
/*!40000 ALTER TABLE `organization` DISABLE KEYS */;
/*!40000 ALTER TABLE `organization` ENABLE KEYS */;
UNLOCK TABLES;

--
-- Table structure for table `organization_assign_labels`
--

DROP TABLE IF EXISTS `organization_assign_labels`;
/*!40101 SET @saved_cs_client     = @@character_set_client */;
/*!40101 SET character_set_client = utf8 */;
CREATE TABLE `organization_assign_labels` (
  `id` bigint(20) unsigned NOT NULL AUTO_INCREMENT,
  `organization_id` int(11) NOT NULL,
  `label_id` int(11) NOT NULL,
  `created_at` timestamp NULL DEFAULT NULL,
  `updated_at` timestamp NULL DEFAULT NULL,
  PRIMARY KEY (`id`)
) ENGINE=InnoDB DEFAULT CHARSET=utf8mb3 COLLATE=utf8mb3_unicode_ci;
/*!40101 SET character_set_client = @saved_cs_client */;

--
-- Dumping data for table `organization_assign_labels`
--

LOCK TABLES `organization_assign_labels` WRITE;
/*!40000 ALTER TABLE `organization_assign_labels` DISABLE KEYS */;
/*!40000 ALTER TABLE `organization_assign_labels` ENABLE KEYS */;
UNLOCK TABLES;

--
-- Table structure for table `organization_dept`
--

DROP TABLE IF EXISTS `organization_dept`;
/*!40101 SET @saved_cs_client     = @@character_set_client */;
/*!40101 SET character_set_client = utf8 */;
CREATE TABLE `organization_dept` (
  `id` int(10) unsigned NOT NULL AUTO_INCREMENT,
  `org_id` int(11) NOT NULL,
  `org_deptname` varchar(255) NOT NULL,
  `business_hours_id` int(11) DEFAULT NULL,
  `created_at` timestamp NULL DEFAULT NULL,
  `updated_at` timestamp NULL DEFAULT NULL,
  `org_dept_manager` int(10) unsigned DEFAULT NULL,
  PRIMARY KEY (`id`)
) ENGINE=InnoDB DEFAULT CHARSET=utf8mb3 COLLATE=utf8mb3_unicode_ci;
/*!40101 SET character_set_client = @saved_cs_client */;

--
-- Dumping data for table `organization_dept`
--

LOCK TABLES `organization_dept` WRITE;
/*!40000 ALTER TABLE `organization_dept` DISABLE KEYS */;
/*!40000 ALTER TABLE `organization_dept` ENABLE KEYS */;
UNLOCK TABLES;

--
-- Table structure for table `organization_orders`
--

DROP TABLE IF EXISTS `organization_orders`;
/*!40101 SET @saved_cs_client     = @@character_set_client */;
/*!40101 SET character_set_client = utf8 */;
CREATE TABLE `organization_orders` (
  `id` bigint(20) unsigned NOT NULL AUTO_INCREMENT,
  `order_id` bigint(20) NOT NULL,
  `organization_id` bigint(20) NOT NULL,
  `created_at` timestamp NULL DEFAULT NULL,
  `updated_at` timestamp NULL DEFAULT NULL,
  PRIMARY KEY (`id`)
) ENGINE=InnoDB DEFAULT CHARSET=utf8mb3 COLLATE=utf8mb3_unicode_ci;
/*!40101 SET character_set_client = @saved_cs_client */;

--
-- Dumping data for table `organization_orders`
--

LOCK TABLES `organization_orders` WRITE;
/*!40000 ALTER TABLE `organization_orders` DISABLE KEYS */;
/*!40000 ALTER TABLE `organization_orders` ENABLE KEYS */;
UNLOCK TABLES;

--
-- Table structure for table `package_department_link`
--

DROP TABLE IF EXISTS `package_department_link`;
/*!40101 SET @saved_cs_client     = @@character_set_client */;
/*!40101 SET character_set_client = utf8 */;
CREATE TABLE `package_department_link` (
  `id` int(10) unsigned NOT NULL AUTO_INCREMENT,
  `package_id` int(10) unsigned NOT NULL,
  `department_id` int(10) unsigned NOT NULL,
  `created_at` timestamp NULL DEFAULT NULL,
  `updated_at` timestamp NULL DEFAULT NULL,
  PRIMARY KEY (`id`),
  KEY `package_department_link_package_id_foreign` (`package_id`),
  KEY `package_department_link_department_id_foreign` (`department_id`),
  CONSTRAINT `package_department_link_department_id_foreign` FOREIGN KEY (`department_id`) REFERENCES `department` (`id`) ON DELETE CASCADE,
  CONSTRAINT `package_department_link_package_id_foreign` FOREIGN KEY (`package_id`) REFERENCES `packages` (`id`) ON DELETE CASCADE
) ENGINE=InnoDB DEFAULT CHARSET=utf8mb3 COLLATE=utf8mb3_unicode_ci;
/*!40101 SET character_set_client = @saved_cs_client */;

--
-- Dumping data for table `package_department_link`
--

LOCK TABLES `package_department_link` WRITE;
/*!40000 ALTER TABLE `package_department_link` DISABLE KEYS */;
/*!40000 ALTER TABLE `package_department_link` ENABLE KEYS */;
UNLOCK TABLES;

--
-- Table structure for table `packages`
--

DROP TABLE IF EXISTS `packages`;
/*!40101 SET @saved_cs_client     = @@character_set_client */;
/*!40101 SET character_set_client = utf8 */;
CREATE TABLE `packages` (
  `id` int(10) unsigned NOT NULL AUTO_INCREMENT,
  `name` varchar(255) NOT NULL,
  `status` tinyint(1) NOT NULL,
  `price` varchar(255) NOT NULL,
  `validity` varchar(255) DEFAULT NULL,
  `allowed_tickets` int(11) NOT NULL,
  `display_order` int(11) NOT NULL,
  `description` varchar(255) NOT NULL,
  `package_pic` varchar(255) DEFAULT NULL,
  `kb_link` varchar(255) DEFAULT NULL,
  `created_at` timestamp NULL DEFAULT NULL,
  `updated_at` timestamp NULL DEFAULT NULL,
  `is_private` tinyint(1) NOT NULL DEFAULT 0,
  `allowed_tickets_period` varchar(255) NOT NULL DEFAULT 'all',
  `month_definition` varchar(255) NOT NULL,
  PRIMARY KEY (`id`)
) ENGINE=InnoDB DEFAULT CHARSET=utf8mb3 COLLATE=utf8mb3_unicode_ci;
/*!40101 SET character_set_client = @saved_cs_client */;

--
-- Dumping data for table `packages`
--

LOCK TABLES `packages` WRITE;
/*!40000 ALTER TABLE `packages` DISABLE KEYS */;
/*!40000 ALTER TABLE `packages` ENABLE KEYS */;
UNLOCK TABLES;

--
-- Table structure for table `password_resets`
--

DROP TABLE IF EXISTS `password_resets`;
/*!40101 SET @saved_cs_client     = @@character_set_client */;
/*!40101 SET character_set_client = utf8 */;
CREATE TABLE `password_resets` (
  `email` varchar(255) NOT NULL,
  `token` varchar(255) NOT NULL,
  `created_at` datetime NOT NULL DEFAULT '0000-00-00 00:00:00',
  `attempts` int(11) NOT NULL DEFAULT 1,
  `attempts_expiry` timestamp NULL DEFAULT NULL,
  `expires_at` timestamp NULL DEFAULT NULL,
  KEY `password_resets_email_index` (`email`),
  KEY `password_resets_token_index` (`token`)
) ENGINE=InnoDB DEFAULT CHARSET=utf8mb3 COLLATE=utf8mb3_unicode_ci;
/*!40101 SET character_set_client = @saved_cs_client */;

--
-- Dumping data for table `password_resets`
--

LOCK TABLES `password_resets` WRITE;
/*!40000 ALTER TABLE `password_resets` DISABLE KEYS */;
/*!40000 ALTER TABLE `password_resets` ENABLE KEYS */;
UNLOCK TABLES;

--
-- Table structure for table `permision`
--

DROP TABLE IF EXISTS `permision`;
/*!40101 SET @saved_cs_client     = @@character_set_client */;
/*!40101 SET character_set_client = utf8 */;
CREATE TABLE `permision` (
  `id` int(10) unsigned NOT NULL AUTO_INCREMENT,
  `user_id` int(11) NOT NULL,
  `permision` text NOT NULL,
  `created_at` timestamp NULL DEFAULT NULL,
  `updated_at` timestamp NULL DEFAULT NULL,
  PRIMARY KEY (`id`)
) ENGINE=InnoDB DEFAULT CHARSET=utf8mb3 COLLATE=utf8mb3_unicode_ci;
/*!40101 SET character_set_client = @saved_cs_client */;

--
-- Dumping data for table `permision`
--

LOCK TABLES `permision` WRITE;
/*!40000 ALTER TABLE `permision` DISABLE KEYS */;
/*!40000 ALTER TABLE `permision` ENABLE KEYS */;
UNLOCK TABLES;

--
-- Table structure for table `plugins`
--

DROP TABLE IF EXISTS `plugins`;
/*!40101 SET @saved_cs_client     = @@character_set_client */;
/*!40101 SET character_set_client = utf8 */;
CREATE TABLE `plugins` (
  `id` int(10) unsigned NOT NULL AUTO_INCREMENT,
  `name` varchar(255) NOT NULL,
  `path` varchar(255) NOT NULL,
  `status` int(11) NOT NULL,
  `created_at` timestamp NULL DEFAULT NULL,
  `updated_at` timestamp NULL DEFAULT NULL,
  `version` varchar(30) NOT NULL DEFAULT '0.0.0',
  PRIMARY KEY (`id`)
) ENGINE=InnoDB AUTO_INCREMENT=2 DEFAULT CHARSET=utf8mb3 COLLATE=utf8mb3_unicode_ci;
/*!40101 SET character_set_client = @saved_cs_client */;

--
-- Dumping data for table `plugins`
--

LOCK TABLES `plugins` WRITE;
/*!40000 ALTER TABLE `plugins` DISABLE KEYS */;
INSERT INTO `plugins` VALUES (1,'','',1,'2024-10-24 03:58:34','2024-10-24 03:58:34','0.0.0');
/*!40000 ALTER TABLE `plugins` ENABLE KEYS */;
UNLOCK TABLES;

--
-- Table structure for table `popup`
--

DROP TABLE IF EXISTS `popup`;
/*!40101 SET @saved_cs_client     = @@character_set_client */;
/*!40101 SET character_set_client = utf8 */;
CREATE TABLE `popup` (
  `id` bigint(20) unsigned NOT NULL AUTO_INCREMENT,
  `pop_name` varchar(255) NOT NULL,
  `description` blob DEFAULT NULL,
  `use` tinyint(1) NOT NULL DEFAULT 0,
  `created_at` timestamp NULL DEFAULT NULL,
  `updated_at` timestamp NULL DEFAULT NULL,
  PRIMARY KEY (`id`)
) ENGINE=InnoDB AUTO_INCREMENT=3 DEFAULT CHARSET=utf8mb3 COLLATE=utf8mb3_unicode_ci;
/*!40101 SET character_set_client = @saved_cs_client */;

--
-- Dumping data for table `popup`
--

LOCK TABLES `popup` WRITE;
/*!40000 ALTER TABLE `popup` DISABLE KEYS */;
INSERT INTO `popup` VALUES (1,'renew','eyJpdiI6IkpNK2M3VTNXYWJMQVJRYlppaGwwSWc9PSIsInZhbHVlIjoic2xvcGtuam5nRHZpV3JITndHU3V5NkcvVmFYTWJOWkFZVkUzbzBERHErdmM5eS9qWjR1R1o5aFp0dFFtU2lsUE1GYzFsUlpUMnhVS2h0a3k0blo0MjJDY2I3WmJlaC9jV3lVb0JIbVRMZHJ1UWdZajNDK2tocVRaZ21nUURIbFVMNTE1YTFvVFpLMmhSdVRLdUJ2Slh0dzkyVkdQNEhFbDZIMGsxMGhac0lnZnNJWGZkcGh2bjJIZ3FBT3MzTC9tc3NGVnlJdjV4U2JVOFpOTXFONStndz09IiwibWFjIjoiNDk1NDkyYWU2ODI5MTY4MWFlOWZlZmQyY2M2MDlhZWYxMDM5Y2NmNTVjZmY1NTI0OGMyNzRmNmE3ZmU4YzdjOSIsInRhZyI6IiJ9',0,'2024-10-24 03:58:40','2024-10-24 03:58:40'),(2,'update','eyJpdiI6IjFkd0plWDlSZE5xa2xLSU11anNNVGc9PSIsInZhbHVlIjoiQnh2SVFyMjdraTRpNzEvcHQ3b25jekI0Nng1TmxLOXR4RVc4ZVRhdUxOQUR0bWkxZDd3bEF3RnFsR2hTbllKZld6RlhmTWoyMjBJOFFHbk1LNmtUamt3MjhKU3ZiWkhaZWZOUVRYZ2oyb296aTJSSnd4OHRKRFMrTkoyYjFUNDF6QXJpRGZzM1grOENUaWY2S0pSY1pCMm9OTnhWaWpZUjBabVJCUmtYc24zNDcvZWN3dk9PQUNqM1E2NWJtQncveU5RMkpHNTVxeVZWdWVLRWZYZ2EwUT09IiwibWFjIjoiZTEyZmQ0NTAyMzZhMWFjMzIzMDUwN2M2MTEyNzE5ODE0Y2ViZDEwM2Q5NTY1OGRlMDgyZjVhNTJhMDA2NTdhMiIsInRhZyI6IiJ9',0,'2024-10-24 03:58:40','2024-10-24 03:58:40');
/*!40000 ALTER TABLE `popup` ENABLE KEYS */;
UNLOCK TABLES;

--
-- Table structure for table `popup_users`
--

DROP TABLE IF EXISTS `popup_users`;
/*!40101 SET @saved_cs_client     = @@character_set_client */;
/*!40101 SET character_set_client = utf8 */;
CREATE TABLE `popup_users` (
  `id` bigint(20) unsigned NOT NULL AUTO_INCREMENT,
  `pop_id` bigint(20) unsigned NOT NULL,
  `user_id` int(10) unsigned NOT NULL,
  `days` int(10) unsigned NOT NULL,
  `date` timestamp NOT NULL DEFAULT current_timestamp() ON UPDATE current_timestamp(),
  `created_at` timestamp NULL DEFAULT NULL,
  `updated_at` timestamp NULL DEFAULT NULL,
  PRIMARY KEY (`id`),
  KEY `popup_users_pop_id_foreign` (`pop_id`),
  KEY `popup_users_user_id_foreign` (`user_id`),
  CONSTRAINT `popup_users_pop_id_foreign` FOREIGN KEY (`pop_id`) REFERENCES `popup` (`id`) ON DELETE CASCADE,
  CONSTRAINT `popup_users_user_id_foreign` FOREIGN KEY (`user_id`) REFERENCES `users` (`id`) ON DELETE CASCADE
) ENGINE=InnoDB DEFAULT CHARSET=utf8mb3 COLLATE=utf8mb3_unicode_ci;
/*!40101 SET character_set_client = @saved_cs_client */;

--
-- Dumping data for table `popup_users`
--

LOCK TABLES `popup_users` WRITE;
/*!40000 ALTER TABLE `popup_users` DISABLE KEYS */;
/*!40000 ALTER TABLE `popup_users` ENABLE KEYS */;
UNLOCK TABLES;

--
-- Table structure for table `queue_services`
--

DROP TABLE IF EXISTS `queue_services`;
/*!40101 SET @saved_cs_client     = @@character_set_client */;
/*!40101 SET character_set_client = utf8 */;
CREATE TABLE `queue_services` (
  `id` int(10) unsigned NOT NULL AUTO_INCREMENT,
  `name` varchar(255) NOT NULL,
  `short_name` varchar(255) NOT NULL,
  `status` int(11) NOT NULL,
  `created_at` timestamp NULL DEFAULT NULL,
  `updated_at` timestamp NULL DEFAULT NULL,
  PRIMARY KEY (`id`)
) ENGINE=InnoDB AUTO_INCREMENT=7 DEFAULT CHARSET=utf8mb3 COLLATE=utf8mb3_unicode_ci;
/*!40101 SET character_set_client = @saved_cs_client */;

--
-- Dumping data for table `queue_services`
--

LOCK TABLES `queue_services` WRITE;
/*!40000 ALTER TABLE `queue_services` DISABLE KEYS */;
INSERT INTO `queue_services` VALUES (1,'Sync','sync',1,'2024-10-24 03:58:32','2024-10-24 03:58:32'),(2,'Database','database',0,'2024-10-24 03:58:32','2024-10-24 03:58:32'),(3,'Beanstalkd','beanstalkd',0,'2024-10-24 03:58:32','2024-10-24 03:58:32'),(4,'SQS','sqs',0,'2024-10-24 03:58:32','2024-10-24 03:58:32'),(5,'Iron','iron',0,'2024-10-24 03:58:32','2024-10-24 03:58:32'),(6,'Redis','redis',0,'2024-10-24 03:58:32','2024-10-24 03:58:32');
/*!40000 ALTER TABLE `queue_services` ENABLE KEYS */;
UNLOCK TABLES;

--
-- Table structure for table `rating_additional_question_ticket`
--

DROP TABLE IF EXISTS `rating_additional_question_ticket`;
/*!40101 SET @saved_cs_client     = @@character_set_client */;
/*!40101 SET character_set_client = utf8 */;
CREATE TABLE `rating_additional_question_ticket` (
  `id` bigint(20) unsigned NOT NULL AUTO_INCREMENT,
  `ticket_id` int(10) unsigned NOT NULL,
  `rating_additional_question_id` bigint(20) unsigned NOT NULL,
  `created_at` timestamp NULL DEFAULT NULL,
  `updated_at` timestamp NULL DEFAULT NULL,
  PRIMARY KEY (`id`),
  KEY `raqt_rating_additional_question_id` (`rating_additional_question_id`),
  KEY `raqt_ticket_id` (`ticket_id`),
  CONSTRAINT `raqt_rating_additional_question_id` FOREIGN KEY (`rating_additional_question_id`) REFERENCES `rating_additional_questions` (`id`),
  CONSTRAINT `raqt_ticket_id` FOREIGN KEY (`ticket_id`) REFERENCES `tickets` (`id`)
) ENGINE=InnoDB DEFAULT CHARSET=utf8mb3 COLLATE=utf8mb3_unicode_ci;
/*!40101 SET character_set_client = @saved_cs_client */;

--
-- Dumping data for table `rating_additional_question_ticket`
--

LOCK TABLES `rating_additional_question_ticket` WRITE;
/*!40000 ALTER TABLE `rating_additional_question_ticket` DISABLE KEYS */;
/*!40000 ALTER TABLE `rating_additional_question_ticket` ENABLE KEYS */;
UNLOCK TABLES;

--
-- Table structure for table `rating_additional_questions`
--

DROP TABLE IF EXISTS `rating_additional_questions`;
/*!40101 SET @saved_cs_client     = @@character_set_client */;
/*!40101 SET character_set_client = utf8 */;
CREATE TABLE `rating_additional_questions` (
  `id` bigint(20) unsigned NOT NULL AUTO_INCREMENT,
  `question` varchar(255) NOT NULL,
  `rating_id` int(10) unsigned NOT NULL,
  `created_at` timestamp NULL DEFAULT NULL,
  `updated_at` timestamp NULL DEFAULT NULL,
  PRIMARY KEY (`id`),
  KEY `rating_additional_questions_rating_id_foreign` (`rating_id`),
  CONSTRAINT `rating_additional_questions_rating_id_foreign` FOREIGN KEY (`rating_id`) REFERENCES `ratings` (`id`)
) ENGINE=InnoDB DEFAULT CHARSET=utf8mb3 COLLATE=utf8mb3_unicode_ci;
/*!40101 SET character_set_client = @saved_cs_client */;

--
-- Dumping data for table `rating_additional_questions`
--

LOCK TABLES `rating_additional_questions` WRITE;
/*!40000 ALTER TABLE `rating_additional_questions` DISABLE KEYS */;
/*!40000 ALTER TABLE `rating_additional_questions` ENABLE KEYS */;
UNLOCK TABLES;

--
-- Table structure for table `rating_feedback_requests`
--

DROP TABLE IF EXISTS `rating_feedback_requests`;
/*!40101 SET @saved_cs_client     = @@character_set_client */;
/*!40101 SET character_set_client = utf8 */;
CREATE TABLE `rating_feedback_requests` (
  `id` bigint(20) unsigned NOT NULL AUTO_INCREMENT,
  `requested_type` varchar(255) NOT NULL,
  `requested_id` bigint(20) unsigned NOT NULL,
  `rating_id` int(10) unsigned NOT NULL,
  `created_at` timestamp NULL DEFAULT NULL,
  `updated_at` timestamp NULL DEFAULT NULL,
  `is_answered` tinyint(1) NOT NULL DEFAULT 0,
  PRIMARY KEY (`id`),
  KEY `rating_feedback_requests_requested_type_requested_id_index` (`requested_type`,`requested_id`),
  KEY `rating_feedback_requests_rating_id_foreign` (`rating_id`),
  KEY `rating_feedback_requests_is_answered_index` (`is_answered`),
  CONSTRAINT `rating_feedback_requests_rating_id_foreign` FOREIGN KEY (`rating_id`) REFERENCES `ratings` (`id`)
) ENGINE=InnoDB DEFAULT CHARSET=utf8mb3 COLLATE=utf8mb3_unicode_ci;
/*!40101 SET character_set_client = @saved_cs_client */;

--
-- Dumping data for table `rating_feedback_requests`
--

LOCK TABLES `rating_feedback_requests` WRITE;
/*!40000 ALTER TABLE `rating_feedback_requests` DISABLE KEYS */;
/*!40000 ALTER TABLE `rating_feedback_requests` ENABLE KEYS */;
UNLOCK TABLES;

--
-- Table structure for table `rating_ref`
--

DROP TABLE IF EXISTS `rating_ref`;
/*!40101 SET @saved_cs_client     = @@character_set_client */;
/*!40101 SET character_set_client = utf8 */;
CREATE TABLE `rating_ref` (
  `id` int(10) unsigned NOT NULL AUTO_INCREMENT,
  `rating_id` int(11) NOT NULL,
  `ticket_id` int(11) NOT NULL,
  `thread_id` int(11) NOT NULL,
  `rating_value` int(11) NOT NULL,
  `created_at` timestamp NULL DEFAULT NULL,
  `updated_at` timestamp NULL DEFAULT NULL,
  PRIMARY KEY (`id`)
) ENGINE=InnoDB DEFAULT CHARSET=utf8mb3 COLLATE=utf8mb3_unicode_ci;
/*!40101 SET character_set_client = @saved_cs_client */;

--
-- Dumping data for table `rating_ref`
--

LOCK TABLES `rating_ref` WRITE;
/*!40000 ALTER TABLE `rating_ref` DISABLE KEYS */;
/*!40000 ALTER TABLE `rating_ref` ENABLE KEYS */;
UNLOCK TABLES;

--
-- Table structure for table `ratings`
--

DROP TABLE IF EXISTS `ratings`;
/*!40101 SET @saved_cs_client     = @@character_set_client */;
/*!40101 SET character_set_client = utf8 */;
CREATE TABLE `ratings` (
  `id` int(10) unsigned NOT NULL AUTO_INCREMENT,
  `name` varchar(255) NOT NULL,
  `display_order` int(11) NOT NULL,
  `allow_modification` int(11) NOT NULL,
  `rating_scale` int(11) NOT NULL,
  `rating_area` varchar(255) NOT NULL,
  `restrict` varchar(255) NOT NULL,
  `created_at` timestamp NULL DEFAULT NULL,
  `updated_at` timestamp NULL DEFAULT NULL,
  `rating_icon` varchar(255) DEFAULT 'star',
  `thank_you_message` text NOT NULL,
  `is_default` tinyint(1) NOT NULL DEFAULT 0,
  `show_additional_comment_box` tinyint(1) NOT NULL DEFAULT 0,
  `has_additional_question` tinyint(1) NOT NULL DEFAULT 0,
  `parent_rating_id` int(10) unsigned DEFAULT NULL,
  `auto_reminder` int(11) NOT NULL DEFAULT 0,
  `reminder_time_interval` int(11) DEFAULT NULL,
  `total_number_of_reminders` int(11) DEFAULT NULL,
  PRIMARY KEY (`id`),
  KEY `ratings_parent_rating_id_foreign` (`parent_rating_id`),
  CONSTRAINT `ratings_parent_rating_id_foreign` FOREIGN KEY (`parent_rating_id`) REFERENCES `ratings` (`id`) ON DELETE CASCADE
) ENGINE=InnoDB AUTO_INCREMENT=3 DEFAULT CHARSET=utf8mb3 COLLATE=utf8mb3_unicode_ci;
/*!40101 SET character_set_client = @saved_cs_client */;

--
-- Dumping data for table `ratings`
--

LOCK TABLES `ratings` WRITE;
/*!40000 ALTER TABLE `ratings` DISABLE KEYS */;
INSERT INTO `ratings` VALUES (1,'OverAll Satisfaction',1,1,5,'Helpdesk Area','','2024-10-24 03:58:32','2024-10-24 03:58:38','star','Thank you for your valuable feedback.',1,0,0,NULL,0,NULL,NULL),(2,'Reply Rating',2,1,5,'Comment Area','','2024-10-24 03:58:32','2024-10-24 03:58:38','star','Thank you for your valuable feedback.',0,0,0,NULL,0,NULL,NULL);
/*!40000 ALTER TABLE `ratings` ENABLE KEYS */;
UNLOCK TABLES;

--
-- Table structure for table `ratings_morph`
--

DROP TABLE IF EXISTS `ratings_morph`;
/*!40101 SET @saved_cs_client     = @@character_set_client */;
/*!40101 SET character_set_client = utf8 */;
CREATE TABLE `ratings_morph` (
  `id` bigint(20) unsigned NOT NULL AUTO_INCREMENT,
  `created_at` timestamp NULL DEFAULT NULL,
  `updated_at` timestamp NULL DEFAULT NULL,
  `rating` int(11) NOT NULL,
  `rateable_type` varchar(255) NOT NULL,
  `rateable_id` bigint(20) unsigned NOT NULL,
  `impact` varchar(255) NOT NULL,
  `user_id` int(10) unsigned NOT NULL,
  `rating_id` int(10) unsigned NOT NULL,
  `from_mail` tinyint(4) NOT NULL,
  PRIMARY KEY (`id`),
  KEY `ratings_morph_rateable_type_rateable_id_index` (`rateable_type`,`rateable_id`),
  KEY `ratings_morph_rateable_id_index` (`rateable_id`),
  KEY `ratings_morph_rateable_type_index` (`rateable_type`),
  KEY `ratings_morph_user_id_foreign` (`user_id`),
  KEY `ratings_morph_rating_id_foreign` (`rating_id`),
  CONSTRAINT `ratings_morph_rating_id_foreign` FOREIGN KEY (`rating_id`) REFERENCES `ratings` (`id`),
  CONSTRAINT `ratings_morph_user_id_foreign` FOREIGN KEY (`user_id`) REFERENCES `users` (`id`)
) ENGINE=InnoDB DEFAULT CHARSET=utf8mb3 COLLATE=utf8mb3_unicode_ci;
/*!40101 SET character_set_client = @saved_cs_client */;

--
-- Dumping data for table `ratings_morph`
--

LOCK TABLES `ratings_morph` WRITE;
/*!40000 ALTER TABLE `ratings_morph` DISABLE KEYS */;
/*!40000 ALTER TABLE `ratings_morph` ENABLE KEYS */;
UNLOCK TABLES;

--
-- Table structure for table `recure_contents`
--

DROP TABLE IF EXISTS `recure_contents`;
/*!40101 SET @saved_cs_client     = @@character_set_client */;
/*!40101 SET character_set_client = utf8 */;
CREATE TABLE `recure_contents` (
  `id` int(10) unsigned NOT NULL AUTO_INCREMENT,
  `recur_id` int(11) NOT NULL,
  `option` varchar(255) NOT NULL,
  `value` longtext NOT NULL,
  `created_at` timestamp NULL DEFAULT NULL,
  `updated_at` timestamp NULL DEFAULT NULL,
  `ticket_template_id` bigint(20) unsigned DEFAULT NULL,
  PRIMARY KEY (`id`)
) ENGINE=InnoDB DEFAULT CHARSET=utf8mb3 COLLATE=utf8mb3_unicode_ci;
/*!40101 SET character_set_client = @saved_cs_client */;

--
-- Dumping data for table `recure_contents`
--

LOCK TABLES `recure_contents` WRITE;
/*!40000 ALTER TABLE `recure_contents` DISABLE KEYS */;
/*!40000 ALTER TABLE `recure_contents` ENABLE KEYS */;
UNLOCK TABLES;

--
-- Table structure for table `recurs`
--

DROP TABLE IF EXISTS `recurs`;
/*!40101 SET @saved_cs_client     = @@character_set_client */;
/*!40101 SET character_set_client = utf8 */;
CREATE TABLE `recurs` (
  `id` int(10) unsigned NOT NULL AUTO_INCREMENT,
  `interval` varchar(255) NOT NULL,
  `delivery_on` varchar(255) NOT NULL,
  `start_date` timestamp NULL DEFAULT NULL,
  `end_date` timestamp NULL DEFAULT NULL,
  `last_execution` timestamp NULL DEFAULT NULL,
  `created_at` timestamp NULL DEFAULT NULL,
  `updated_at` timestamp NULL DEFAULT NULL,
  `type` varchar(255) NOT NULL DEFAULT 'admin_panel',
  `user_id` int(10) unsigned DEFAULT NULL,
  `name` varchar(255) NOT NULL,
  `execution_time` time DEFAULT NULL,
  PRIMARY KEY (`id`),
  KEY `recurs_user_id_foreign` (`user_id`),
  CONSTRAINT `recurs_user_id_foreign` FOREIGN KEY (`user_id`) REFERENCES `users` (`id`)
) ENGINE=InnoDB DEFAULT CHARSET=utf8mb3 COLLATE=utf8mb3_unicode_ci;
/*!40101 SET character_set_client = @saved_cs_client */;

--
-- Dumping data for table `recurs`
--

LOCK TABLES `recurs` WRITE;
/*!40000 ALTER TABLE `recurs` DISABLE KEYS */;
/*!40000 ALTER TABLE `recurs` ENABLE KEYS */;
UNLOCK TABLES;

--
-- Table structure for table `report_columns`
--

DROP TABLE IF EXISTS `report_columns`;
/*!40101 SET @saved_cs_client     = @@character_set_client */;
/*!40101 SET character_set_client = utf8 */;
CREATE TABLE `report_columns` (
  `id` bigint(20) unsigned NOT NULL AUTO_INCREMENT,
  `key` varchar(255) NOT NULL,
  `label` varchar(255) NOT NULL,
  `is_visible` tinyint(1) NOT NULL DEFAULT 0,
  `is_sortable` tinyint(1) NOT NULL DEFAULT 0,
  `is_timestamp` tinyint(1) NOT NULL DEFAULT 0,
  `timestamp_format` varchar(255) DEFAULT NULL,
  `is_html` tinyint(1) NOT NULL DEFAULT 0,
  `is_custom` tinyint(1) NOT NULL DEFAULT 0,
  `equation` varchar(255) NOT NULL,
  `created_at` timestamp NULL DEFAULT NULL,
  `updated_at` timestamp NULL DEFAULT NULL,
  `order` int(11) NOT NULL DEFAULT 0,
  `type` varchar(150) NOT NULL,
  `sub_report_id` int(11) DEFAULT NULL,
  `category_modifier` varchar(255) DEFAULT NULL,
  PRIMARY KEY (`id`),
  KEY `report_columns_key_sub_report_id_index` (`key`,`sub_report_id`)
) ENGINE=InnoDB AUTO_INCREMENT=106 DEFAULT CHARSET=utf8mb3 COLLATE=utf8mb3_unicode_ci;
/*!40101 SET character_set_client = @saved_cs_client */;

--
-- Dumping data for table `report_columns`
--

LOCK TABLES `report_columns` WRITE;
/*!40000 ALTER TABLE `report_columns` DISABLE KEYS */;
INSERT INTO `report_columns` VALUES (1,'ticket_number','ticket_number',1,1,0,NULL,1,0,'','2024-10-24 03:58:34','2024-10-24 03:58:34',1,'management_report',4,NULL),(2,'subject','subject',1,0,0,NULL,1,0,'','2024-10-24 03:58:34','2024-10-24 03:58:34',2,'management_report',4,NULL),(3,'statuses.name','status',1,0,0,NULL,1,0,'','2024-10-24 03:58:34','2024-10-24 03:58:34',3,'management_report',4,NULL),(4,'department.name','department',1,0,0,NULL,1,0,'','2024-10-24 03:58:34','2024-10-24 03:58:34',4,'management_report',4,NULL),(5,'helptopic.name','helptopic',1,0,0,NULL,1,0,'','2024-10-24 03:58:34','2024-10-24 03:58:34',5,'management_report',4,NULL),(6,'types.name','type',1,0,0,NULL,1,0,'','2024-10-24 03:58:34','2024-10-24 03:58:34',6,'management_report',4,NULL),(7,'priority.name','priority',1,0,0,NULL,1,0,'','2024-10-24 03:58:34','2024-10-24 03:58:34',7,'management_report',4,NULL),(8,'user.name','owner',1,0,0,NULL,1,0,'','2024-10-24 03:58:34','2024-10-24 03:58:34',8,'management_report',4,NULL),(9,'organizations','organizations',1,0,0,NULL,1,0,'','2024-10-24 03:58:34','2024-10-24 03:58:34',9,'management_report',4,NULL),(10,'assigned.name','assigned_agent',1,0,0,NULL,1,0,'','2024-10-24 03:58:34','2024-10-24 03:58:34',10,'management_report',4,NULL),(11,'sources.name','source',1,0,0,NULL,1,0,'','2024-10-24 03:58:34','2024-10-24 03:58:34',11,'management_report',4,NULL),(12,'assigned_team.name','assigned_team',1,0,0,NULL,1,0,'','2024-10-24 03:58:34','2024-10-24 03:58:34',12,'management_report',4,NULL),(13,'creator.name','creator',1,0,0,NULL,1,0,'','2024-10-24 03:58:34','2024-10-24 03:58:34',13,'management_report',4,NULL),(14,'location.name','location',1,0,0,NULL,1,0,'','2024-10-24 03:58:34','2024-10-24 03:58:34',14,'management_report',4,NULL),(15,'time_tracked','time_tracked',1,0,0,NULL,0,0,'','2024-10-24 03:58:34','2024-10-24 03:58:34',15,'management_report',4,NULL),(16,'overdue','is_overdue',0,0,0,NULL,0,0,'','2024-10-24 03:58:34','2024-10-24 03:58:40',16,'management_report',4,NULL),(17,'is_response_sla','has_response_sla_met',0,1,0,NULL,0,0,'','2024-10-24 03:58:34','2024-10-24 03:58:40',17,'management_report',4,NULL),(18,'is_resolution_sla','has_resolution_sla_met',0,1,0,NULL,0,0,'','2024-10-24 03:58:34','2024-10-24 03:58:40',18,'management_report',4,NULL),(19,'labels','labels',0,0,0,NULL,1,0,'','2024-10-24 03:58:34','2024-10-24 03:58:40',19,'management_report',4,NULL),(20,'tags','tags',0,0,0,NULL,1,0,'','2024-10-24 03:58:34','2024-10-24 03:58:40',20,'management_report',4,NULL),(21,'resolution_time','resolved_in',0,1,0,NULL,0,0,'','2024-10-24 03:58:34','2024-10-24 03:58:40',21,'management_report',4,NULL),(22,'first_response_time','first_replied_at',0,1,1,NULL,0,0,'','2024-10-24 03:58:34','2024-10-24 03:58:40',22,'management_report',4,NULL),(23,'created_at','created_at',0,1,1,NULL,0,0,'','2024-10-24 03:58:34','2024-10-24 03:58:40',23,'management_report',4,NULL),(24,'updated_at','updated_at',0,1,1,NULL,0,0,'','2024-10-24 03:58:34','2024-10-24 03:58:40',24,'management_report',4,NULL),(25,'closed_at','closed_at',0,1,1,NULL,0,0,'','2024-10-24 03:58:34','2024-10-24 03:58:40',25,'management_report',4,NULL),(26,'description','description',0,0,0,NULL,0,0,'','2024-10-24 03:58:34','2024-10-24 03:58:34',26,'management_report',4,NULL),(27,'name','name',1,1,0,NULL,1,0,'','2024-10-24 03:58:34','2024-10-24 03:58:34',1,'agent_performance_report',5,NULL),(28,'assigned_tickets','assigned_tickets',1,1,0,NULL,1,0,'','2024-10-24 03:58:34','2024-10-24 03:58:34',2,'agent_performance_report',5,NULL),(29,'reopened_tickets','reopened_tickets',1,1,0,NULL,1,0,'','2024-10-24 03:58:34','2024-10-24 03:58:34',3,'agent_performance_report',5,NULL),(30,'resolved_tickets','resolved_tickets',1,1,0,NULL,1,0,'','2024-10-24 03:58:34','2024-10-24 03:58:34',4,'agent_performance_report',5,NULL),(31,'tickets_with_response_sla_met','tickets_with_response_sla_met',1,1,0,NULL,1,0,'','2024-10-24 03:58:34','2024-10-24 03:58:34',5,'agent_performance_report',5,NULL),(32,'tickets_with_resolution_sla_met','tickets_with_resolution_sla_met',1,1,0,NULL,1,0,'','2024-10-24 03:58:34','2024-10-24 03:58:34',6,'agent_performance_report',5,NULL),(33,'avg_resolution_time','avg_resolution_time',1,1,0,NULL,1,0,'','2024-10-24 03:58:34','2024-10-24 03:58:34',7,'agent_performance_report',5,NULL),(34,'avg_response_time','avg_response_time',1,0,0,NULL,1,0,'','2024-10-24 03:58:34','2024-10-24 03:58:34',8,'agent_performance_report',5,NULL),(35,'responses','responses',1,0,0,NULL,1,0,'','2024-10-24 03:58:34','2024-10-24 03:58:34',9,'agent_performance_report',5,NULL),(36,'name','name',1,1,0,NULL,1,0,'','2024-10-24 03:58:34','2024-10-24 03:58:34',1,'department_performance_report',6,NULL),(37,'assigned_tickets','assigned_tickets',1,1,0,NULL,1,0,'','2024-10-24 03:58:34','2024-10-24 03:58:34',2,'department_performance_report',6,NULL),(38,'reopened_tickets','reopened_tickets',1,1,0,NULL,1,0,'','2024-10-24 03:58:34','2024-10-24 03:58:34',3,'department_performance_report',6,NULL),(39,'resolved_tickets','resolved_tickets',1,1,0,NULL,1,0,'','2024-10-24 03:58:34','2024-10-24 03:58:34',4,'department_performance_report',6,NULL),(40,'tickets_with_response_sla_met','tickets_with_response_sla_met',1,1,0,NULL,1,0,'','2024-10-24 03:58:34','2024-10-24 03:58:34',5,'department_performance_report',6,NULL),(41,'tickets_with_resolution_sla_met','tickets_with_resolution_sla_met',1,1,0,NULL,1,0,'','2024-10-24 03:58:34','2024-10-24 03:58:34',6,'department_performance_report',6,NULL),(42,'avg_resolution_time','avg_resolution_time',1,1,0,NULL,1,0,'','2024-10-24 03:58:34','2024-10-24 03:58:34',7,'department_performance_report',6,NULL),(43,'avg_response_time','avg_response_time',1,0,0,NULL,1,0,'','2024-10-24 03:58:34','2024-10-24 03:58:34',8,'department_performance_report',6,NULL),(44,'responses','responses',1,0,0,NULL,1,0,'','2024-10-24 03:58:34','2024-10-24 03:58:34',9,'department_performance_report',6,NULL),(45,'name','name',1,1,0,NULL,1,0,'','2024-10-24 03:58:34','2024-10-24 03:58:34',1,'team_performance_report',7,NULL),(46,'assigned_tickets','assigned_tickets',1,1,0,NULL,1,0,'','2024-10-24 03:58:34','2024-10-24 03:58:34',2,'team_performance_report',7,NULL),(47,'reopened_tickets','reopened_tickets',1,1,0,NULL,1,0,'','2024-10-24 03:58:34','2024-10-24 03:58:34',3,'team_performance_report',7,NULL),(48,'resolved_tickets','resolved_tickets',1,1,0,NULL,1,0,'','2024-10-24 03:58:34','2024-10-24 03:58:34',4,'team_performance_report',7,NULL),(49,'tickets_with_response_sla_met','tickets_with_response_sla_met',1,1,0,NULL,1,0,'','2024-10-24 03:58:34','2024-10-24 03:58:34',5,'team_performance_report',7,NULL),(50,'tickets_with_resolution_sla_met','tickets_with_resolution_sla_met',1,1,0,NULL,1,0,'','2024-10-24 03:58:34','2024-10-24 03:58:34',6,'team_performance_report',7,NULL),(51,'avg_resolution_time','avg_resolution_time',1,1,0,NULL,1,0,'','2024-10-24 03:58:34','2024-10-24 03:58:34',7,'team_performance_report',7,NULL),(52,'avg_response_time','avg_response_time',1,0,0,NULL,1,0,'','2024-10-24 03:58:34','2024-10-24 03:58:34',8,'team_performance_report',7,NULL),(53,'responses','responses',1,0,0,NULL,1,0,'','2024-10-24 03:58:34','2024-10-24 03:58:34',9,'team_performance_report',7,NULL),(54,'ticket_number','ticket_number',1,1,0,NULL,1,0,'','2024-10-24 03:58:38','2024-10-24 03:58:38',1,'turn-around-time-report',12,NULL),(55,'turn_around_time_department','turn_around_time_department',1,1,0,NULL,1,0,'','2024-10-24 03:58:38','2024-10-24 03:58:38',2,'turn-around-time-report',12,NULL),(56,'subject','subject',1,0,0,NULL,1,0,'','2024-10-24 03:58:38','2024-10-24 03:58:40',3,'turn-around-time-report',12,NULL),(57,'statuses.name','status',1,0,0,NULL,1,0,'','2024-10-24 03:58:38','2024-10-24 03:58:40',4,'turn-around-time-report',12,NULL),(58,'department.name','department',1,0,0,NULL,1,0,'','2024-10-24 03:58:38','2024-10-24 03:58:40',5,'turn-around-time-report',12,NULL),(59,'helptopic.name','helptopic',1,0,0,NULL,1,0,'','2024-10-24 03:58:38','2024-10-24 03:58:40',6,'turn-around-time-report',12,NULL),(60,'types.name','type',1,0,0,NULL,1,0,'','2024-10-24 03:58:38','2024-10-24 03:58:40',7,'turn-around-time-report',12,NULL),(61,'priority.name','priority',1,0,0,NULL,1,0,'','2024-10-24 03:58:38','2024-10-24 03:58:40',8,'turn-around-time-report',12,NULL),(62,'user.name','owner',1,0,0,NULL,1,0,'','2024-10-24 03:58:38','2024-10-24 03:58:40',9,'turn-around-time-report',12,NULL),(63,'organizations','organizations',1,0,0,NULL,1,0,'','2024-10-24 03:58:38','2024-10-24 03:58:40',10,'turn-around-time-report',12,NULL),(64,'assigned.name','assigned_agent',1,0,0,NULL,1,0,'','2024-10-24 03:58:38','2024-10-24 03:58:40',11,'turn-around-time-report',12,NULL),(65,'sources.name','source',1,0,0,NULL,1,0,'','2024-10-24 03:58:38','2024-10-24 03:58:40',12,'turn-around-time-report',12,NULL),(66,'assigned_team.name','assigned_team',1,0,0,NULL,1,0,'','2024-10-24 03:58:38','2024-10-24 03:58:40',13,'turn-around-time-report',12,NULL),(67,'creator.name','creator',1,0,0,NULL,1,0,'','2024-10-24 03:58:38','2024-10-24 03:58:40',14,'turn-around-time-report',12,NULL),(68,'location.name','location',1,0,0,NULL,1,0,'','2024-10-24 03:58:38','2024-10-24 03:58:40',15,'turn-around-time-report',12,NULL),(69,'time_tracked','time_tracked',0,0,0,NULL,0,0,'','2024-10-24 03:58:38','2024-10-24 03:58:38',16,'turn-around-time-report',12,NULL),(70,'overdue','is_overdue',0,0,0,NULL,0,0,'','2024-10-24 03:58:38','2024-10-24 03:58:38',17,'turn-around-time-report',12,NULL),(71,'is_response_sla','has_response_sla_met',0,1,0,NULL,0,0,'','2024-10-24 03:58:38','2024-10-24 03:58:38',18,'turn-around-time-report',12,NULL),(72,'is_resolution_sla','has_resolution_sla_met',0,1,0,NULL,0,0,'','2024-10-24 03:58:38','2024-10-24 03:58:38',19,'turn-around-time-report',12,NULL),(73,'labels','labels',0,0,0,NULL,1,0,'','2024-10-24 03:58:38','2024-10-24 03:58:38',20,'turn-around-time-report',12,NULL),(74,'tags','tags',0,0,0,NULL,1,0,'','2024-10-24 03:58:38','2024-10-24 03:58:38',21,'turn-around-time-report',12,NULL),(75,'resolution_time','resolved_in',0,1,0,NULL,0,0,'','2024-10-24 03:58:38','2024-10-24 03:58:38',22,'turn-around-time-report',12,NULL),(76,'first_response_time','first_replied_at',0,1,1,NULL,0,0,'','2024-10-24 03:58:38','2024-10-24 03:58:38',23,'turn-around-time-report',12,NULL),(77,'created_at','created_at',0,1,1,NULL,0,0,'','2024-10-24 03:58:38','2024-10-24 03:58:38',24,'turn-around-time-report',12,NULL),(78,'updated_at','updated_at',0,1,1,NULL,0,0,'','2024-10-24 03:58:38','2024-10-24 03:58:38',25,'turn-around-time-report',12,NULL),(79,'closed_at','closed_at',0,1,1,NULL,0,0,'','2024-10-24 03:58:38','2024-10-24 03:58:38',26,'turn-around-time-report',12,NULL),(80,'description','description',0,0,0,NULL,0,0,'','2024-10-24 03:58:38','2024-10-24 03:58:38',27,'turn-around-time-report',12,NULL),(81,'subject','subject',1,1,0,NULL,0,0,'','2024-10-24 03:58:40','2024-10-24 03:58:40',1,'schedule-report',13,NULL),(82,'type','type',1,0,0,NULL,0,0,'','2024-10-24 03:58:40','2024-10-24 03:58:40',2,'schedule-report',13,NULL),(83,'status','status',1,1,0,NULL,0,0,'','2024-10-24 03:58:40','2024-10-24 03:58:40',3,'schedule-report',13,NULL),(84,'interval','interval',0,1,0,NULL,0,0,'','2024-10-24 03:58:40','2024-10-24 03:58:40',4,'schedule-report',13,NULL),(85,'periods','periods',0,0,0,NULL,1,0,'','2024-10-24 03:58:40','2024-10-24 03:58:40',5,'schedule-report',13,NULL),(86,'execute_at','execute_at',0,0,0,NULL,0,0,'','2024-10-24 03:58:40','2024-10-24 03:58:40',6,'schedule-report',13,NULL),(87,'persons','notify',0,1,0,NULL,1,0,'','2024-10-24 03:58:40','2024-10-24 03:58:40',7,'schedule-report',13,NULL),(88,'extension','extension',0,1,0,NULL,0,0,'','2024-10-24 03:58:40','2024-10-24 03:58:40',8,'schedule-report',13,NULL),(89,'created_at','created_at',0,1,1,NULL,0,0,'','2024-10-24 03:58:40','2024-10-24 03:58:40',9,'schedule-report',13,NULL),(90,'updated_at','updated_at',0,1,1,NULL,0,0,'','2024-10-24 03:58:40','2024-10-24 03:58:40',10,'schedule-report',13,NULL),(91,'name','name',1,1,0,NULL,1,0,'','2024-10-24 03:58:40','2024-10-24 03:58:40',1,'user-report',14,NULL),(92,'user_name','user_name',0,1,0,NULL,1,0,'','2024-10-24 03:58:40','2024-10-24 03:58:40',2,'user-report',14,NULL),(93,'first_name','first_name',0,1,0,NULL,0,0,'','2024-10-24 03:58:40','2024-10-24 03:58:40',3,'user-report',14,NULL),(94,'last_name','last_name',0,1,0,NULL,0,0,'','2024-10-24 03:58:40','2024-10-24 03:58:40',4,'user-report',14,NULL),(95,'email','email',1,1,0,NULL,0,0,'','2024-10-24 03:58:40','2024-10-24 03:58:40',5,'user-report',14,NULL),(96,'active','active',0,1,0,NULL,0,0,'','2024-10-24 03:58:40','2024-10-24 03:58:40',6,'user-report',14,NULL),(97,'mobile','mobile',0,0,0,NULL,0,0,'','2024-10-24 03:58:40','2024-10-24 03:58:40',8,'user-report',14,NULL),(98,'role','role',1,1,0,NULL,0,0,'','2024-10-24 03:58:40','2024-10-24 03:58:40',9,'user-report',14,NULL),(99,'created_at','created_at',0,1,1,NULL,0,0,'','2024-10-24 03:58:40','2024-10-24 03:58:40',10,'user-report',14,NULL),(100,'location','user_location',0,1,0,NULL,0,0,'','2024-10-24 03:58:40','2024-10-24 03:58:40',11,'user-report',14,NULL),(101,'created_by','created_by',0,1,0,NULL,0,0,'','2024-10-24 03:58:40','2024-10-24 03:58:40',12,'user-report',14,NULL),(102,'deactivated_by','deactivated_by',0,1,0,NULL,0,0,'','2024-10-24 03:58:40','2024-10-24 03:58:40',13,'user-report',14,NULL),(103,'deactivated_at','deactivated_at',0,0,1,NULL,0,0,'','2024-10-24 03:58:40','2024-10-24 03:58:40',14,'user-report',14,NULL),(104,'organizations','organizations',1,0,0,NULL,0,0,'','2024-10-24 03:58:40','2024-10-24 03:58:40',15,'user-report',14,NULL),(105,'labels','labels',0,0,0,NULL,1,0,'','2024-10-24 03:58:40','2024-10-24 03:58:40',16,'user-report',14,NULL);
/*!40000 ALTER TABLE `report_columns` ENABLE KEYS */;
UNLOCK TABLES;

--
-- Table structure for table `report_downloads`
--

DROP TABLE IF EXISTS `report_downloads`;
/*!40101 SET @saved_cs_client     = @@character_set_client */;
/*!40101 SET character_set_client = utf8 */;
CREATE TABLE `report_downloads` (
  `id` int(10) unsigned NOT NULL AUTO_INCREMENT,
  `file` varchar(255) NOT NULL,
  `report_id` bigint(20) NOT NULL,
  `ext` char(5) NOT NULL,
  `type` varchar(100) NOT NULL,
  `hash` varchar(100) NOT NULL,
  `expired_at` datetime NOT NULL,
  `user_id` int(10) unsigned NOT NULL,
  `is_completed` tinyint(1) NOT NULL DEFAULT 0,
  `created_at` timestamp NULL DEFAULT NULL,
  `updated_at` timestamp NULL DEFAULT NULL,
  `schedule_content_id` bigint(20) unsigned DEFAULT NULL,
  PRIMARY KEY (`id`),
  UNIQUE KEY `reports_hash_unique` (`hash`),
  KEY `reports_user_id_foreign` (`user_id`),
  KEY `report_downloads_schedule_content_id_foreign` (`schedule_content_id`),
  CONSTRAINT `report_downloads_schedule_content_id_foreign` FOREIGN KEY (`schedule_content_id`) REFERENCES `report_schedule_contents` (`id`),
  CONSTRAINT `reports_user_id_foreign` FOREIGN KEY (`user_id`) REFERENCES `users` (`id`)
) ENGINE=InnoDB DEFAULT CHARSET=utf8mb3 COLLATE=utf8mb3_unicode_ci;
/*!40101 SET character_set_client = @saved_cs_client */;

--
-- Dumping data for table `report_downloads`
--

LOCK TABLES `report_downloads` WRITE;
/*!40000 ALTER TABLE `report_downloads` DISABLE KEYS */;
/*!40000 ALTER TABLE `report_downloads` ENABLE KEYS */;
UNLOCK TABLES;

--
-- Table structure for table `report_schedule_contents`
--

DROP TABLE IF EXISTS `report_schedule_contents`;
/*!40101 SET @saved_cs_client     = @@character_set_client */;
/*!40101 SET character_set_client = utf8 */;
CREATE TABLE `report_schedule_contents` (
  `id` bigint(20) unsigned NOT NULL AUTO_INCREMENT,
  `report_schedule_id` bigint(20) unsigned NOT NULL,
  `status` tinyint(4) NOT NULL DEFAULT 1,
  `subject` varchar(255) DEFAULT NULL,
  `description` longtext DEFAULT NULL,
  `type` varchar(255) NOT NULL,
  `execution_time` time NOT NULL,
  `extension` varchar(255) NOT NULL,
  `available_for_schedule` tinyint(4) NOT NULL DEFAULT 1,
  `last_scheduled_at` timestamp NULL DEFAULT NULL,
  `payload` longtext CHARACTER SET utf8mb4 COLLATE utf8mb4_bin DEFAULT NULL CHECK (json_valid(`payload`)),
  `created_at` timestamp NULL DEFAULT NULL,
  `updated_at` timestamp NULL DEFAULT NULL,
  PRIMARY KEY (`id`),
  KEY `report_schedule_contents_report_schedule_id_foreign` (`report_schedule_id`),
  CONSTRAINT `report_schedule_contents_report_schedule_id_foreign` FOREIGN KEY (`report_schedule_id`) REFERENCES `report_schedules` (`id`) ON DELETE CASCADE
) ENGINE=InnoDB DEFAULT CHARSET=utf8mb3 COLLATE=utf8mb3_unicode_ci;
/*!40101 SET character_set_client = @saved_cs_client */;

--
-- Dumping data for table `report_schedule_contents`
--

LOCK TABLES `report_schedule_contents` WRITE;
/*!40000 ALTER TABLE `report_schedule_contents` DISABLE KEYS */;
/*!40000 ALTER TABLE `report_schedule_contents` ENABLE KEYS */;
UNLOCK TABLES;

--
-- Table structure for table `report_schedule_periods`
--

DROP TABLE IF EXISTS `report_schedule_periods`;
/*!40101 SET @saved_cs_client     = @@character_set_client */;
/*!40101 SET character_set_client = utf8 */;
CREATE TABLE `report_schedule_periods` (
  `id` bigint(20) unsigned NOT NULL AUTO_INCREMENT,
  `schedule_content_id` bigint(20) unsigned NOT NULL,
  `value` varchar(255) NOT NULL,
  `executed_at` timestamp NULL DEFAULT NULL,
  `created_at` timestamp NULL DEFAULT NULL,
  `updated_at` timestamp NULL DEFAULT NULL,
  PRIMARY KEY (`id`),
  KEY `report_schedule_periods_schedule_content_id_foreign` (`schedule_content_id`),
  CONSTRAINT `report_schedule_periods_schedule_content_id_foreign` FOREIGN KEY (`schedule_content_id`) REFERENCES `report_schedule_contents` (`id`)
) ENGINE=InnoDB DEFAULT CHARSET=utf8mb3 COLLATE=utf8mb3_unicode_ci;
/*!40101 SET character_set_client = @saved_cs_client */;

--
-- Dumping data for table `report_schedule_periods`
--

LOCK TABLES `report_schedule_periods` WRITE;
/*!40000 ALTER TABLE `report_schedule_periods` DISABLE KEYS */;
/*!40000 ALTER TABLE `report_schedule_periods` ENABLE KEYS */;
UNLOCK TABLES;

--
-- Table structure for table `report_schedule_persons`
--

DROP TABLE IF EXISTS `report_schedule_persons`;
/*!40101 SET @saved_cs_client     = @@character_set_client */;
/*!40101 SET character_set_client = utf8 */;
CREATE TABLE `report_schedule_persons` (
  `id` bigint(20) unsigned NOT NULL AUTO_INCREMENT,
  `schedule_content_id` bigint(20) unsigned NOT NULL,
  `user_type` varchar(255) NOT NULL,
  `user_id` bigint(20) unsigned NOT NULL,
  `created_at` timestamp NULL DEFAULT NULL,
  `updated_at` timestamp NULL DEFAULT NULL,
  PRIMARY KEY (`id`),
  KEY `report_schedule_persons_schedule_content_id_foreign` (`schedule_content_id`),
  KEY `report_schedule_persons_user_type_user_id_index` (`user_type`,`user_id`),
  CONSTRAINT `report_schedule_persons_schedule_content_id_foreign` FOREIGN KEY (`schedule_content_id`) REFERENCES `report_schedule_contents` (`id`)
) ENGINE=InnoDB DEFAULT CHARSET=utf8mb3 COLLATE=utf8mb3_unicode_ci;
/*!40101 SET character_set_client = @saved_cs_client */;

--
-- Dumping data for table `report_schedule_persons`
--

LOCK TABLES `report_schedule_persons` WRITE;
/*!40000 ALTER TABLE `report_schedule_persons` DISABLE KEYS */;
/*!40000 ALTER TABLE `report_schedule_persons` ENABLE KEYS */;
UNLOCK TABLES;

--
-- Table structure for table `report_schedules`
--

DROP TABLE IF EXISTS `report_schedules`;
/*!40101 SET @saved_cs_client     = @@character_set_client */;
/*!40101 SET character_set_client = utf8 */;
CREATE TABLE `report_schedules` (
  `id` bigint(20) unsigned NOT NULL AUTO_INCREMENT,
  `report_type` varchar(255) NOT NULL,
  `report_id` bigint(20) unsigned NOT NULL,
  `user_type` varchar(255) NOT NULL,
  `user_id` bigint(20) unsigned NOT NULL,
  `created_at` timestamp NULL DEFAULT NULL,
  `updated_at` timestamp NULL DEFAULT NULL,
  PRIMARY KEY (`id`),
  KEY `report_schedules_report_type_report_id_index` (`report_type`,`report_id`),
  KEY `report_schedules_user_type_user_id_index` (`user_type`,`user_id`)
) ENGINE=InnoDB DEFAULT CHARSET=utf8mb3 COLLATE=utf8mb3_unicode_ci;
/*!40101 SET character_set_client = @saved_cs_client */;

--
-- Dumping data for table `report_schedules`
--

LOCK TABLES `report_schedules` WRITE;
/*!40000 ALTER TABLE `report_schedules` DISABLE KEYS */;
/*!40000 ALTER TABLE `report_schedules` ENABLE KEYS */;
UNLOCK TABLES;

--
-- Table structure for table `reports`
--

DROP TABLE IF EXISTS `reports`;
/*!40101 SET @saved_cs_client     = @@character_set_client */;
/*!40101 SET character_set_client = utf8 */;
CREATE TABLE `reports` (
  `id` bigint(20) unsigned NOT NULL AUTO_INCREMENT,
  `name` varchar(80) NOT NULL,
  `description` text NOT NULL,
  `user_id` bigint(20) DEFAULT NULL,
  `is_public` tinyint(1) NOT NULL,
  `type` varchar(255) NOT NULL,
  `icon_class` varchar(50) NOT NULL,
  `category` varchar(30) NOT NULL,
  `view_url` varchar(255) DEFAULT NULL,
  `export_url` varchar(255) DEFAULT NULL,
  `is_default` tinyint(1) NOT NULL DEFAULT 0,
  `created_at` timestamp NULL DEFAULT NULL,
  `updated_at` timestamp NULL DEFAULT NULL,
  `is_plugin` tinyint(4) NOT NULL DEFAULT 0,
  `is_private` tinyint(4) NOT NULL DEFAULT 0,
  `display_order` bigint(20) DEFAULT NULL,
  PRIMARY KEY (`id`)
) ENGINE=InnoDB AUTO_INCREMENT=13 DEFAULT CHARSET=utf8mb3 COLLATE=utf8mb3_unicode_ci;
/*!40101 SET character_set_client = @saved_cs_client */;

--
-- Dumping data for table `reports`
--

LOCK TABLES `reports` WRITE;
/*!40000 ALTER TABLE `reports` DISABLE KEYS */;
INSERT INTO `reports` VALUES (1,'helpdesk-in-depth','helpdesk-in-depth-description',NULL,0,'helpdesk-in-depth','fa fa-support fa-stack-1x','helpdesk-analysis','reports/helpdesk-in-depth/1','api/agent/report-export/1',1,'2024-10-24 03:58:34','2024-10-24 03:58:34',0,0,NULL),(2,'ticket-volume-trends','ticket-volume-trends-description',NULL,0,'ticket-volume-trends','fa fa-calendar fa-stack-1x','helpdesk-analysis','reports/ticket-volume-trends/2','api/agent/report-export/2',1,'2024-10-24 03:58:34','2024-10-24 03:58:34',0,0,NULL),(3,'management-report','management-report-description',NULL,0,'management-report','fa fa-user-secret fa-stack-1x','helpdesk-analysis','reports/management-report/3','api/agent/report-export/3',1,'2024-10-24 03:58:34','2024-10-24 03:58:40',0,0,NULL),(4,'agent-performance','agent-performance-description',NULL,0,'agent-performance','fa fa-user fa-stack-1x','productivity','reports/agent-performance/4','api/agent/report-export/4',1,'2024-10-24 03:58:34','2024-10-24 03:58:34',0,0,NULL),(5,'department-performance','department-performance-description',NULL,0,'department-performance','fa fa-building fa-stack-1x','productivity','reports/department-performance/5','api/agent/report-export/5',1,'2024-10-24 03:58:34','2024-10-24 03:58:34',0,0,NULL),(6,'team-performance','team-performance-description',NULL,0,'team-performance','fa fa-users fa-stack-1x','productivity','reports/team-performance/6','api/agent/report-export/6',1,'2024-10-24 03:58:34','2024-10-24 03:58:34',0,0,NULL),(7,'performance-distribution','performance-distribution-description',NULL,0,'performance-distribution','fa fa-cubes fa-stack-1x','productivity','reports/performance-distribution/7','api/agent/report-export/7',1,'2024-10-24 03:58:34','2024-10-24 03:58:34',0,0,NULL),(8,'top-customer-analysis','top-customer-analysis-description',NULL,0,'top-customer-analysis','fa fa-bank fa-stack-1x','customer-happiness','reports/top-customer-analysis/8','api/agent/report-export/8',1,'2024-10-24 03:58:34','2024-10-24 03:58:34',0,0,NULL),(9,'rating-in-depth','rating-in-depth-description',NULL,0,'rating-in-depth','fa fa-support fa-stack-1x','customer-happiness','reports/Feedback Rating Analysis/9','api/agent/report-export/9',1,'2024-10-24 03:58:38','2024-10-24 03:58:38',0,0,NULL),(10,'turn-around-time-report','turn-around-time-report-description',NULL,0,'turn-around-time','fa fa-clock fa-stack-1x','helpdesk-analysis','reports/turn-around-time/10','api/agent/report-export/10',1,'2024-10-24 03:58:38','2024-10-24 03:58:40',0,0,NULL),(11,'schedule-report','schedule-report-report-description',NULL,0,'schedule-report','fa fa-clock fa-stack-1x','schedule-datatable',NULL,NULL,1,'2024-10-24 03:58:40','2024-10-24 03:58:40',0,1,NULL),(12,'user-report','user-report-description',NULL,0,'user-report','fa fa-clock fa-stack-1x','user-datatable',NULL,NULL,1,'2024-10-24 03:58:40','2024-10-24 03:58:40',0,0,NULL);
/*!40000 ALTER TABLE `reports` ENABLE KEYS */;
UNLOCK TABLES;

--
-- Table structure for table `required_fields`
--

DROP TABLE IF EXISTS `required_fields`;
/*!40101 SET @saved_cs_client     = @@character_set_client */;
/*!40101 SET character_set_client = utf8 */;
CREATE TABLE `required_fields` (
  `id` int(10) unsigned NOT NULL AUTO_INCREMENT,
  `form` varchar(255) NOT NULL,
  `name` varchar(255) NOT NULL,
  `is_agent_required` int(11) NOT NULL,
  `is_client_required` int(11) NOT NULL,
  `created_at` timestamp NULL DEFAULT NULL,
  `updated_at` timestamp NULL DEFAULT NULL,
  PRIMARY KEY (`id`)
) ENGINE=InnoDB DEFAULT CHARSET=utf8mb3 COLLATE=utf8mb3_unicode_ci;
/*!40101 SET character_set_client = @saved_cs_client */;

--
-- Dumping data for table `required_fields`
--

LOCK TABLES `required_fields` WRITE;
/*!40000 ALTER TABLE `required_fields` DISABLE KEYS */;
/*!40000 ALTER TABLE `required_fields` ENABLE KEYS */;
UNLOCK TABLES;

--
-- Table structure for table `requireds`
--

DROP TABLE IF EXISTS `requireds`;
/*!40101 SET @saved_cs_client     = @@character_set_client */;
/*!40101 SET character_set_client = utf8 */;
CREATE TABLE `requireds` (
  `id` int(10) unsigned NOT NULL AUTO_INCREMENT,
  `form` varchar(255) DEFAULT NULL,
  `field` varchar(255) DEFAULT NULL,
  `agent` varchar(255) DEFAULT NULL,
  `client` varchar(255) DEFAULT NULL,
  `parent` int(11) DEFAULT NULL,
  `option` varchar(255) DEFAULT NULL,
  `label` varchar(255) DEFAULT NULL,
  `created_at` timestamp NULL DEFAULT NULL,
  `updated_at` timestamp NULL DEFAULT NULL,
  PRIMARY KEY (`id`)
) ENGINE=InnoDB DEFAULT CHARSET=utf8mb3 COLLATE=utf8mb3_unicode_ci;
/*!40101 SET character_set_client = @saved_cs_client */;

--
-- Dumping data for table `requireds`
--

LOCK TABLES `requireds` WRITE;
/*!40000 ALTER TABLE `requireds` DISABLE KEYS */;
/*!40000 ALTER TABLE `requireds` ENABLE KEYS */;
UNLOCK TABLES;

--
-- Table structure for table `saml_login`
--

DROP TABLE IF EXISTS `saml_login`;
/*!40101 SET @saved_cs_client     = @@character_set_client */;
/*!40101 SET character_set_client = utf8 */;
CREATE TABLE `saml_login` (
  `id` bigint(20) unsigned NOT NULL AUTO_INCREMENT,
  `provider` varchar(255) NOT NULL,
  `entity_id` varchar(255) NOT NULL,
  `sso_url` varchar(255) NOT NULL,
  `slo_url` varchar(255) NOT NULL,
  `certificate` longtext NOT NULL,
  `status` int(11) NOT NULL,
  `SP_entity_id` varchar(255) NOT NULL,
  `SP_ACS_url` varchar(255) NOT NULL,
  `login_url` varchar(255) NOT NULL,
  `created_at` timestamp NULL DEFAULT NULL,
  `updated_at` timestamp NULL DEFAULT NULL,
  `logout_time` int(11) NOT NULL DEFAULT 0,
  PRIMARY KEY (`id`)
) ENGINE=InnoDB DEFAULT CHARSET=utf8mb3 COLLATE=utf8mb3_unicode_ci;
/*!40101 SET character_set_client = @saved_cs_client */;

--
-- Dumping data for table `saml_login`
--

LOCK TABLES `saml_login` WRITE;
/*!40000 ALTER TABLE `saml_login` DISABLE KEYS */;
/*!40000 ALTER TABLE `saml_login` ENABLE KEYS */;
UNLOCK TABLES;

--
-- Table structure for table `search_drivers`
--

DROP TABLE IF EXISTS `search_drivers`;
/*!40101 SET @saved_cs_client     = @@character_set_client */;
/*!40101 SET character_set_client = utf8 */;
CREATE TABLE `search_drivers` (
  `id` bigint(20) unsigned NOT NULL AUTO_INCREMENT,
  `key` varchar(255) NOT NULL,
  `value` longtext CHARACTER SET utf8mb4 COLLATE utf8mb4_bin DEFAULT NULL CHECK (json_valid(`value`)),
  `status` tinyint(4) NOT NULL DEFAULT 0,
  `created_at` timestamp NULL DEFAULT NULL,
  `updated_at` timestamp NULL DEFAULT NULL,
  PRIMARY KEY (`id`)
) ENGINE=InnoDB AUTO_INCREMENT=4 DEFAULT CHARSET=utf8mb3 COLLATE=utf8mb3_unicode_ci;
/*!40101 SET character_set_client = @saved_cs_client */;

--
-- Dumping data for table `search_drivers`
--

LOCK TABLES `search_drivers` WRITE;
/*!40000 ALTER TABLE `search_drivers` DISABLE KEYS */;
INSERT INTO `search_drivers` VALUES (1,'database',NULL,1,'2024-10-24 03:58:40','2024-10-24 03:58:40'),(2,'meilisearch','{\"host\":\"http:\\/\\/localhost:7700\",\"key\":\"master-key\"}',0,'2024-10-24 03:58:40','2024-10-24 03:58:40'),(3,'algolia','{\"id\":\"\",\"secret\":\"\"}',0,'2024-10-24 03:58:40','2024-10-24 03:58:40');
/*!40000 ALTER TABLE `search_drivers` ENABLE KEYS */;
UNLOCK TABLES;

--
-- Table structure for table `sessions`
--

DROP TABLE IF EXISTS `sessions`;
/*!40101 SET @saved_cs_client     = @@character_set_client */;
/*!40101 SET character_set_client = utf8 */;
CREATE TABLE `sessions` (
  `id` varchar(255) NOT NULL,
  `user_id` bigint(20) unsigned DEFAULT NULL,
  `ip_address` varchar(45) DEFAULT NULL,
  `user_agent` text DEFAULT NULL,
  `payload` longtext NOT NULL,
  `last_activity` int(11) NOT NULL,
  PRIMARY KEY (`id`),
  KEY `sessions_user_id_index` (`user_id`),
  KEY `sessions_last_activity_index` (`last_activity`)
) ENGINE=InnoDB DEFAULT CHARSET=utf8mb3 COLLATE=utf8mb3_unicode_ci;
/*!40101 SET character_set_client = @saved_cs_client */;

--
-- Dumping data for table `sessions`
--

LOCK TABLES `sessions` WRITE;
/*!40000 ALTER TABLE `sessions` DISABLE KEYS */;
/*!40000 ALTER TABLE `sessions` ENABLE KEYS */;
UNLOCK TABLES;

--
-- Table structure for table `settings_auto_response`
--

DROP TABLE IF EXISTS `settings_auto_response`;
/*!40101 SET @saved_cs_client     = @@character_set_client */;
/*!40101 SET character_set_client = utf8 */;
CREATE TABLE `settings_auto_response` (
  `id` int(10) unsigned NOT NULL AUTO_INCREMENT,
  `new_ticket` tinyint(1) NOT NULL,
  `agent_new_ticket` tinyint(1) NOT NULL,
  `submitter` tinyint(1) NOT NULL,
  `participants` tinyint(1) NOT NULL,
  `overlimit` tinyint(1) NOT NULL,
  `created_at` timestamp NULL DEFAULT NULL,
  `updated_at` timestamp NULL DEFAULT NULL,
  PRIMARY KEY (`id`)
) ENGINE=InnoDB DEFAULT CHARSET=utf8mb3 COLLATE=utf8mb3_unicode_ci;
/*!40101 SET character_set_client = @saved_cs_client */;

--
-- Dumping data for table `settings_auto_response`
--

LOCK TABLES `settings_auto_response` WRITE;
/*!40000 ALTER TABLE `settings_auto_response` DISABLE KEYS */;
/*!40000 ALTER TABLE `settings_auto_response` ENABLE KEYS */;
UNLOCK TABLES;

--
-- Table structure for table `settings_company`
--

DROP TABLE IF EXISTS `settings_company`;
/*!40101 SET @saved_cs_client     = @@character_set_client */;
/*!40101 SET character_set_client = utf8 */;
CREATE TABLE `settings_company` (
  `id` int(10) unsigned NOT NULL AUTO_INCREMENT,
  `company_name` varchar(255) NOT NULL,
  `website` varchar(255) NOT NULL,
  `phone` varchar(255) NOT NULL,
  `phone_country_code` varchar(7) DEFAULT NULL,
  `phone_iso` varchar(4) DEFAULT NULL,
  `address` varchar(255) NOT NULL,
  `landing_page` varchar(255) NOT NULL,
  `offline_page` varchar(255) NOT NULL,
  `thank_page` varchar(255) NOT NULL,
  `logo` longtext DEFAULT NULL,
  `use_logo` varchar(255) NOT NULL,
  `created_at` timestamp NULL DEFAULT NULL,
  `updated_at` timestamp NULL DEFAULT NULL,
  `logo_driver` varchar(255) DEFAULT NULL,
  PRIMARY KEY (`id`)
) ENGINE=InnoDB AUTO_INCREMENT=2 DEFAULT CHARSET=utf8mb3 COLLATE=utf8mb3_unicode_ci;
/*!40101 SET character_set_client = @saved_cs_client */;

--
-- Dumping data for table `settings_company`
--

LOCK TABLES `settings_company` WRITE;
/*!40000 ALTER TABLE `settings_company` DISABLE KEYS */;
INSERT INTO `settings_company` VALUES (1,'','','',NULL,NULL,'','','','',NULL,'','2024-10-24 03:58:32','2024-10-24 03:58:32',NULL);
/*!40000 ALTER TABLE `settings_company` ENABLE KEYS */;
UNLOCK TABLES;

--
-- Table structure for table `settings_email`
--

DROP TABLE IF EXISTS `settings_email`;
/*!40101 SET @saved_cs_client     = @@character_set_client */;
/*!40101 SET character_set_client = utf8 */;
CREATE TABLE `settings_email` (
  `id` int(10) unsigned NOT NULL AUTO_INCREMENT,
  `template` varchar(255) NOT NULL,
  `sys_email` varchar(255) DEFAULT NULL,
  `alert_email` varchar(255) NOT NULL,
  `admin_email` varchar(255) NOT NULL,
  `mta` varchar(255) NOT NULL,
  `email_fetching` tinyint(1) NOT NULL,
  `notification_cron` tinyint(1) NOT NULL,
  `strip` tinyint(1) NOT NULL,
  `separator` tinyint(1) NOT NULL,
  `all_emails` tinyint(1) NOT NULL,
  `email_collaborator` tinyint(1) NOT NULL,
  `attachment` tinyint(1) NOT NULL,
  `created_at` timestamp NULL DEFAULT NULL,
  `updated_at` timestamp NULL DEFAULT NULL,
  PRIMARY KEY (`id`)
) ENGINE=InnoDB AUTO_INCREMENT=2 DEFAULT CHARSET=utf8mb3 COLLATE=utf8mb3_unicode_ci;
/*!40101 SET character_set_client = @saved_cs_client */;

--
-- Dumping data for table `settings_email`
--

LOCK TABLES `settings_email` WRITE;
/*!40000 ALTER TABLE `settings_email` DISABLE KEYS */;
INSERT INTO `settings_email` VALUES (1,'default',NULL,'','','',1,0,0,0,1,1,1,'2024-10-24 03:58:32','2024-10-24 03:58:32');
/*!40000 ALTER TABLE `settings_email` ENABLE KEYS */;
UNLOCK TABLES;

--
-- Table structure for table `settings_filesystem`
--

DROP TABLE IF EXISTS `settings_filesystem`;
/*!40101 SET @saved_cs_client     = @@character_set_client */;
/*!40101 SET character_set_client = utf8 */;
CREATE TABLE `settings_filesystem` (
  `id` bigint(20) unsigned NOT NULL AUTO_INCREMENT,
  `disk` varchar(255) NOT NULL,
  `allowed_files` text NOT NULL,
  `created_at` timestamp NULL DEFAULT NULL,
  `updated_at` timestamp NULL DEFAULT NULL,
  `show_public_folder_with_default_disk` tinyint(4) NOT NULL DEFAULT 0,
  `paste_on_disk_change` tinyint(4) NOT NULL DEFAULT 0,
  `paste_type` varchar(255) DEFAULT NULL,
  `files_moved_from_old_private_disk` tinyint(4) NOT NULL DEFAULT 0,
  `is_private_bucket_enabled` tinyint(1) NOT NULL DEFAULT 0,
  `wkhtmltopdf_path` varchar(255) DEFAULT NULL,
  PRIMARY KEY (`id`)
) ENGINE=InnoDB AUTO_INCREMENT=2 DEFAULT CHARSET=utf8mb3 COLLATE=utf8mb3_unicode_ci;
/*!40101 SET character_set_client = @saved_cs_client */;

--
-- Dumping data for table `settings_filesystem`
--

LOCK TABLES `settings_filesystem` WRITE;
/*!40000 ALTER TABLE `settings_filesystem` DISABLE KEYS */;
INSERT INTO `settings_filesystem` VALUES (1,'system','png,gif,jpg,jpeg,zip,rar,doc,docx,xls,xlsx,ppt,pptx,pdf,csv,txt','2024-10-24 03:58:34','2024-10-24 03:58:34',0,0,NULL,0,0,NULL);
/*!40000 ALTER TABLE `settings_filesystem` ENABLE KEYS */;
UNLOCK TABLES;

--
-- Table structure for table `settings_ratings`
--

DROP TABLE IF EXISTS `settings_ratings`;
/*!40101 SET @saved_cs_client     = @@character_set_client */;
/*!40101 SET character_set_client = utf8 */;
CREATE TABLE `settings_ratings` (
  `id` int(10) unsigned NOT NULL AUTO_INCREMENT,
  `rating_name` varchar(255) NOT NULL,
  `publish` int(11) NOT NULL,
  `modify` int(11) NOT NULL,
  `slug` varchar(255) NOT NULL,
  `created_at` timestamp NULL DEFAULT NULL,
  `updated_at` timestamp NULL DEFAULT NULL,
  PRIMARY KEY (`id`),
  UNIQUE KEY `settings_ratings_slug_unique` (`slug`)
) ENGINE=InnoDB DEFAULT CHARSET=utf8mb3 COLLATE=utf8mb3_unicode_ci;
/*!40101 SET character_set_client = @saved_cs_client */;

--
-- Dumping data for table `settings_ratings`
--

LOCK TABLES `settings_ratings` WRITE;
/*!40000 ALTER TABLE `settings_ratings` DISABLE KEYS */;
/*!40000 ALTER TABLE `settings_ratings` ENABLE KEYS */;
UNLOCK TABLES;

--
-- Table structure for table `settings_security`
--

DROP TABLE IF EXISTS `settings_security`;
/*!40101 SET @saved_cs_client     = @@character_set_client */;
/*!40101 SET character_set_client = utf8 */;
CREATE TABLE `settings_security` (
  `id` int(10) unsigned NOT NULL AUTO_INCREMENT,
  `lockout_message` varchar(255) NOT NULL,
  `backlist_offender` int(11) NOT NULL,
  `backlist_threshold` int(11) NOT NULL,
  `lockout_period` int(11) NOT NULL,
  `days_to_keep_logs` int(11) NOT NULL,
  `created_at` timestamp NULL DEFAULT NULL,
  `updated_at` timestamp NULL DEFAULT NULL,
  `delete_login_logs_older_than` int(11) NOT NULL DEFAULT 365,
  `is_2fa_enforced` tinyint(1) NOT NULL DEFAULT 0,
  `password_reset_max_attempts` int(11) NOT NULL DEFAULT 3,
  `password_reset_link_expiry` int(11) NOT NULL DEFAULT 15,
  `password_reset_attempts_awaiting_time` bigint(20) NOT NULL DEFAULT 60,
  PRIMARY KEY (`id`)
) ENGINE=InnoDB AUTO_INCREMENT=2 DEFAULT CHARSET=utf8mb3 COLLATE=utf8mb3_unicode_ci;
/*!40101 SET character_set_client = @saved_cs_client */;

--
-- Dumping data for table `settings_security`
--

LOCK TABLES `settings_security` WRITE;
/*!40000 ALTER TABLE `settings_security` DISABLE KEYS */;
INSERT INTO `settings_security` VALUES (1,'You have been locked out of application due to too many failed login attempts.',0,5,30,0,'2024-10-24 03:58:32','2024-10-24 03:58:37',365,0,3,15,60);
/*!40000 ALTER TABLE `settings_security` ENABLE KEYS */;
UNLOCK TABLES;

--
-- Table structure for table `settings_system`
--

DROP TABLE IF EXISTS `settings_system`;
/*!40101 SET @saved_cs_client     = @@character_set_client */;
/*!40101 SET character_set_client = utf8 */;
CREATE TABLE `settings_system` (
  `id` int(10) unsigned NOT NULL AUTO_INCREMENT,
  `status` tinyint(1) NOT NULL,
  `name` varchar(255) NOT NULL,
  `department` varchar(255) NOT NULL,
  `page_size` varchar(255) NOT NULL,
  `log_level` varchar(255) NOT NULL,
  `purge_log` varchar(255) NOT NULL,
  `api_enable` int(11) NOT NULL,
  `api_key_mandatory` int(11) NOT NULL,
  `api_key` varchar(255) NOT NULL,
  `name_format` varchar(255) NOT NULL,
  `time_format` varchar(50) DEFAULT 'g:i a',
  `date_format` varchar(50) DEFAULT 'F j, Y',
  `time_zone_id` varchar(50) DEFAULT NULL,
  `date_time_format` varchar(50) DEFAULT NULL,
  `day_date_time` varchar(255) NOT NULL,
  `content` varchar(255) NOT NULL,
  `version` varchar(255) NOT NULL,
  `created_at` timestamp NULL DEFAULT NULL,
  `updated_at` timestamp NULL DEFAULT NULL,
  `serial_key` varchar(100) DEFAULT NULL,
  `order_number` varchar(100) DEFAULT NULL,
  `is_updated` tinyint(1) NOT NULL DEFAULT 1,
  `limitations` longtext DEFAULT NULL,
  PRIMARY KEY (`id`),
  KEY `time_farmat` (`time_format`),
  KEY `date_format` (`date_format`)
) ENGINE=InnoDB AUTO_INCREMENT=2 DEFAULT CHARSET=utf8mb3 COLLATE=utf8mb3_unicode_ci;
/*!40101 SET character_set_client = @saved_cs_client */;

--
-- Dumping data for table `settings_system`
--

LOCK TABLES `settings_system` WRITE;
/*!40000 ALTER TABLE `settings_system` DISABLE KEYS */;
INSERT INTO `settings_system` VALUES (1,1,'','1','','','',0,0,'','','g:i a','F j, Y','33','F j, Y, g:i a','','en','v9.2.2','2024-10-24 03:58:32','2024-10-24 03:58:32',NULL,NULL,1,NULL);
/*!40000 ALTER TABLE `settings_system` ENABLE KEYS */;
UNLOCK TABLES;

--
-- Table structure for table `settings_ticket`
--

DROP TABLE IF EXISTS `settings_ticket`;
/*!40101 SET @saved_cs_client     = @@character_set_client */;
/*!40101 SET character_set_client = utf8 */;
CREATE TABLE `settings_ticket` (
  `id` int(10) unsigned NOT NULL AUTO_INCREMENT,
  `num_format` varchar(255) NOT NULL,
  `num_sequence` varchar(255) NOT NULL,
  `help_topic` varchar(255) NOT NULL,
  `max_open_ticket` varchar(255) NOT NULL,
  `collision_avoid` varchar(255) NOT NULL,
  `lock_ticket_frequency` varchar(255) NOT NULL DEFAULT '0',
  `captcha` varchar(255) NOT NULL,
  `status` tinyint(1) NOT NULL,
  `claim_response` tinyint(1) NOT NULL,
  `assigned_ticket` tinyint(1) NOT NULL,
  `answered_ticket` tinyint(1) NOT NULL,
  `agent_mask` tinyint(1) NOT NULL,
  `html` tinyint(1) NOT NULL,
  `client_update` tinyint(1) NOT NULL,
  `max_file_size` tinyint(1) NOT NULL,
  `created_at` timestamp NULL DEFAULT NULL,
  `updated_at` timestamp NULL DEFAULT NULL,
  `count_internal` tinyint(1) NOT NULL DEFAULT 0,
  `show_status_date` tinyint(1) NOT NULL DEFAULT 0,
  `show_org_details` tinyint(1) NOT NULL DEFAULT 0,
  `custom_field_name` text NOT NULL,
  `waiting_time` int(11) NOT NULL,
  `ticket_number_prefix` varchar(20) NOT NULL,
  `show_user_location` tinyint(4) NOT NULL DEFAULT 0,
  `record_per_page` int(11) NOT NULL DEFAULT 10,
  `append_reply_by_fetching_email` int(11) NOT NULL DEFAULT 0,
  `auto_assign_ticket_to_agent_on_first_reply` int(11) NOT NULL DEFAULT 1,
  `automatic_redaction` int(11) NOT NULL DEFAULT 0,
  `credit_card_number` int(11) NOT NULL DEFAULT 0,
  `show_org_ticket_form` tinyint(4) NOT NULL DEFAULT 0,
  PRIMARY KEY (`id`)
) ENGINE=InnoDB AUTO_INCREMENT=2 DEFAULT CHARSET=utf8mb3 COLLATE=utf8mb3_unicode_ci;
/*!40101 SET character_set_client = @saved_cs_client */;

--
-- Dumping data for table `settings_ticket`
--

LOCK TABLES `settings_ticket` WRITE;
/*!40000 ALTER TABLE `settings_ticket` DISABLE KEYS */;
INSERT INTO `settings_ticket` VALUES (1,'$$$$-####-####','sequence','1','','2','0','',1,0,0,0,0,0,0,0,'2024-10-24 03:58:32','2024-10-24 03:58:32',0,0,0,'',17520,'',0,10,0,1,0,0,0);
/*!40000 ALTER TABLE `settings_ticket` ENABLE KEYS */;
UNLOCK TABLES;

--
-- Table structure for table `sla_approach_escalate`
--

DROP TABLE IF EXISTS `sla_approach_escalate`;
/*!40101 SET @saved_cs_client     = @@character_set_client */;
/*!40101 SET character_set_client = utf8 */;
CREATE TABLE `sla_approach_escalate` (
  `id` int(10) unsigned NOT NULL AUTO_INCREMENT,
  `sla_plan` int(11) NOT NULL,
  `escalate_time` varchar(255) NOT NULL,
  `escalate_type` varchar(255) NOT NULL,
  `escalate_person` varchar(255) NOT NULL,
  `created_at` timestamp NULL DEFAULT NULL,
  `updated_at` timestamp NULL DEFAULT NULL,
  PRIMARY KEY (`id`)
) ENGINE=InnoDB DEFAULT CHARSET=utf8mb3 COLLATE=utf8mb3_unicode_ci;
/*!40101 SET character_set_client = @saved_cs_client */;

--
-- Dumping data for table `sla_approach_escalate`
--

LOCK TABLES `sla_approach_escalate` WRITE;
/*!40000 ALTER TABLE `sla_approach_escalate` DISABLE KEYS */;
/*!40000 ALTER TABLE `sla_approach_escalate` ENABLE KEYS */;
UNLOCK TABLES;

--
-- Table structure for table `sla_custom_enforcements`
--

DROP TABLE IF EXISTS `sla_custom_enforcements`;
/*!40101 SET @saved_cs_client     = @@character_set_client */;
/*!40101 SET character_set_client = utf8 */;
CREATE TABLE `sla_custom_enforcements` (
  `id` int(10) unsigned NOT NULL AUTO_INCREMENT,
  `f_name` varchar(255) NOT NULL,
  `f_type` varchar(255) NOT NULL,
  `f_value` varchar(255) NOT NULL,
  `f_label` varchar(255) NOT NULL,
  `sla_id` int(10) unsigned NOT NULL,
  `created_at` timestamp NULL DEFAULT NULL,
  `updated_at` timestamp NULL DEFAULT NULL,
  PRIMARY KEY (`id`),
  KEY `sla_custom_enforcements_sla_id_foreign` (`sla_id`),
  CONSTRAINT `sla_custom_enforcements_sla_id_foreign` FOREIGN KEY (`sla_id`) REFERENCES `ticket_status` (`id`)
) ENGINE=InnoDB DEFAULT CHARSET=utf8mb3 COLLATE=utf8mb3_unicode_ci;
/*!40101 SET character_set_client = @saved_cs_client */;

--
-- Dumping data for table `sla_custom_enforcements`
--

LOCK TABLES `sla_custom_enforcements` WRITE;
/*!40000 ALTER TABLE `sla_custom_enforcements` DISABLE KEYS */;
/*!40000 ALTER TABLE `sla_custom_enforcements` ENABLE KEYS */;
UNLOCK TABLES;

--
-- Table structure for table `sla_plan`
--

DROP TABLE IF EXISTS `sla_plan`;
/*!40101 SET @saved_cs_client     = @@character_set_client */;
/*!40101 SET character_set_client = utf8 */;
CREATE TABLE `sla_plan` (
  `id` int(10) unsigned NOT NULL AUTO_INCREMENT,
  `name` varchar(255) NOT NULL,
  `grace_period` varchar(255) NOT NULL,
  `admin_note` varchar(255) NOT NULL,
  `status` tinyint(1) NOT NULL,
  `sla_target` int(11) NOT NULL,
  `apply_sla_depertment` varchar(255) NOT NULL,
  `apply_sla_company` varchar(255) NOT NULL,
  `apply_sla_tickettype` varchar(255) NOT NULL,
  `apply_sla_ticketsource` varchar(255) NOT NULL,
  `transient` tinyint(1) NOT NULL,
  `ticket_overdue` tinyint(1) NOT NULL,
  `created_at` timestamp NULL DEFAULT NULL,
  `updated_at` timestamp NULL DEFAULT NULL,
  `apply_sla_helptopic` varchar(255) NOT NULL,
  `apply_sla_orgdepts` varchar(255) NOT NULL,
  `apply_sla_labels` varchar(255) NOT NULL,
  `apply_sla_tags` varchar(255) NOT NULL,
  `order` int(11) NOT NULL,
  `is_default` tinyint(1) NOT NULL DEFAULT 0,
  PRIMARY KEY (`id`)
) ENGINE=InnoDB AUTO_INCREMENT=5 DEFAULT CHARSET=utf8mb3 COLLATE=utf8mb3_unicode_ci;
/*!40101 SET character_set_client = @saved_cs_client */;

--
-- Dumping data for table `sla_plan`
--

LOCK TABLES `sla_plan` WRITE;
/*!40000 ALTER TABLE `sla_plan` DISABLE KEYS */;
INSERT INTO `sla_plan` VALUES (1,'Low','','',1,1,'','','','',0,0,'2024-10-24 03:58:32','2024-10-24 03:58:32','','','','',0,1),(2,'Normal','','',1,2,'','','','',0,0,'2024-10-24 03:58:32','2024-10-24 03:58:32','','','','',0,0),(3,'High','','',1,3,'','','','',0,0,'2024-10-24 03:58:32','2024-10-24 03:58:32','','','','',0,0),(4,'Emergency','','',1,4,'','','','',0,0,'2024-10-24 03:58:32','2024-10-24 03:58:32','','','','',0,0);
/*!40000 ALTER TABLE `sla_plan` ENABLE KEYS */;
UNLOCK TABLES;

--
-- Table structure for table `sla_targets`
--

DROP TABLE IF EXISTS `sla_targets`;
/*!40101 SET @saved_cs_client     = @@character_set_client */;
/*!40101 SET character_set_client = utf8 */;
CREATE TABLE `sla_targets` (
  `id` int(10) unsigned NOT NULL AUTO_INCREMENT,
  `name` varchar(255) NOT NULL,
  `sla_id` int(11) NOT NULL,
  `priority_id` int(11) NOT NULL,
  `respond_within` varchar(255) NOT NULL,
  `resolve_within` varchar(255) NOT NULL,
  `business_hour_id` int(11) NOT NULL,
  `send_email` int(11) NOT NULL,
  `send_sms` tinyint(1) NOT NULL DEFAULT 0,
  `created_at` timestamp NULL DEFAULT NULL,
  `updated_at` timestamp NULL DEFAULT NULL,
  `in_app` int(11) NOT NULL,
  PRIMARY KEY (`id`)
) ENGINE=InnoDB AUTO_INCREMENT=5 DEFAULT CHARSET=utf8mb3 COLLATE=utf8mb3_unicode_ci;
/*!40101 SET character_set_client = @saved_cs_client */;

--
-- Dumping data for table `sla_targets`
--

LOCK TABLES `sla_targets` WRITE;
/*!40000 ALTER TABLE `sla_targets` DISABLE KEYS */;
INSERT INTO `sla_targets` VALUES (1,'Low',1,1,'5-hrs','10-hrs',1,1,0,'2024-10-24 03:58:32','2024-10-24 03:58:32',0),(2,'Normal',2,2,'4-hrs','9-hrs',1,1,0,'2024-10-24 03:58:32','2024-10-24 03:58:32',0),(3,'High',3,3,'2-hrs','4-hrs',1,1,0,'2024-10-24 03:58:32','2024-10-24 03:58:32',0),(4,'Emergency',4,4,'1-hrs','2-hrs',1,1,0,'2024-10-24 03:58:32','2024-10-24 03:58:32',0);
/*!40000 ALTER TABLE `sla_targets` ENABLE KEYS */;
UNLOCK TABLES;

--
-- Table structure for table `sla_violated_escalate`
--

DROP TABLE IF EXISTS `sla_violated_escalate`;
/*!40101 SET @saved_cs_client     = @@character_set_client */;
/*!40101 SET character_set_client = utf8 */;
CREATE TABLE `sla_violated_escalate` (
  `id` int(10) unsigned NOT NULL AUTO_INCREMENT,
  `sla_plan` int(11) NOT NULL,
  `escalate_time` varchar(255) NOT NULL,
  `escalate_type` varchar(255) NOT NULL,
  `escalate_person` varchar(255) NOT NULL,
  `created_at` timestamp NULL DEFAULT NULL,
  `updated_at` timestamp NULL DEFAULT NULL,
  PRIMARY KEY (`id`)
) ENGINE=InnoDB DEFAULT CHARSET=utf8mb3 COLLATE=utf8mb3_unicode_ci;
/*!40101 SET character_set_client = @saved_cs_client */;

--
-- Dumping data for table `sla_violated_escalate`
--

LOCK TABLES `sla_violated_escalate` WRITE;
/*!40000 ALTER TABLE `sla_violated_escalate` DISABLE KEYS */;
/*!40000 ALTER TABLE `sla_violated_escalate` ENABLE KEYS */;
UNLOCK TABLES;

--
-- Table structure for table `social_media`
--

DROP TABLE IF EXISTS `social_media`;
/*!40101 SET @saved_cs_client     = @@character_set_client */;
/*!40101 SET character_set_client = utf8 */;
CREATE TABLE `social_media` (
  `id` int(10) unsigned NOT NULL AUTO_INCREMENT,
  `provider` varchar(255) NOT NULL,
  `key` varchar(255) NOT NULL,
  `value` text DEFAULT NULL,
  `created_at` timestamp NULL DEFAULT NULL,
  `updated_at` timestamp NULL DEFAULT NULL,
  PRIMARY KEY (`id`)
) ENGINE=InnoDB AUTO_INCREMENT=13 DEFAULT CHARSET=utf8mb3 COLLATE=utf8mb3_unicode_ci;
/*!40101 SET character_set_client = @saved_cs_client */;

--
-- Dumping data for table `social_media`
--

LOCK TABLES `social_media` WRITE;
/*!40000 ALTER TABLE `social_media` DISABLE KEYS */;
INSERT INTO `social_media` VALUES (1,'facebook','status','0','2024-10-24 03:58:34','2024-10-24 03:58:34'),(2,'facebook','redirect','https://raffi.helpdesk/faveo/public/social/login/facebook','2024-10-24 03:58:34','2024-10-24 03:58:34'),(3,'google','status','0','2024-10-24 03:58:34','2024-10-24 03:58:34'),(4,'google','redirect','https://raffi.helpdesk/faveo/public/social/login/google','2024-10-24 03:58:34','2024-10-24 03:58:34'),(5,'github','status','0','2024-10-24 03:58:34','2024-10-24 03:58:34'),(6,'github','redirect','https://raffi.helpdesk/faveo/public/social/login/github','2024-10-24 03:58:34','2024-10-24 03:58:34'),(7,'twitter','status','0','2024-10-24 03:58:34','2024-10-24 03:58:34'),(8,'twitter','redirect','https://raffi.helpdesk/faveo/public/social/login/twitter','2024-10-24 03:58:34','2024-10-24 03:58:34'),(9,'linkedin-openid','status','0','2024-10-24 03:58:34','2024-10-24 03:58:40'),(10,'linkedin-openid','redirect','https://raffi.helpdesk/faveo/public/social/login/linkedin-openid','2024-10-24 03:58:34','2024-10-24 03:58:40'),(11,'bitbucket','status','0','2024-10-24 03:58:34','2024-10-24 03:58:34'),(12,'bitbucket','redirect','https://raffi.helpdesk/faveo/public/social/login/bitbucket','2024-10-24 03:58:34','2024-10-24 03:58:34');
/*!40000 ALTER TABLE `social_media` ENABLE KEYS */;
UNLOCK TABLES;

--
-- Table structure for table `states`
--

DROP TABLE IF EXISTS `states`;
/*!40101 SET @saved_cs_client     = @@character_set_client */;
/*!40101 SET character_set_client = utf8 */;
CREATE TABLE `states` (
  `id` bigint(20) unsigned NOT NULL AUTO_INCREMENT,
  `name` text NOT NULL,
  `country_id` int(10) unsigned NOT NULL,
  `status` tinyint(1) NOT NULL DEFAULT 1,
  `created_at` timestamp NULL DEFAULT NULL,
  `updated_at` timestamp NULL DEFAULT NULL,
  PRIMARY KEY (`id`),
  KEY `states_country_id_foreign` (`country_id`),
  CONSTRAINT `states_country_id_foreign` FOREIGN KEY (`country_id`) REFERENCES `country_code` (`id`) ON DELETE CASCADE ON UPDATE CASCADE
) ENGINE=InnoDB AUTO_INCREMENT=4366 DEFAULT CHARSET=utf8mb3 COLLATE=utf8mb3_unicode_ci;
/*!40101 SET character_set_client = @saved_cs_client */;

--
-- Dumping data for table `states`
--

LOCK TABLES `states` WRITE;
/*!40000 ALTER TABLE `states` DISABLE KEYS */;
INSERT INTO `states` VALUES (1,'Zabol [Zabul]',1,1,'2024-10-24 03:58:34','2024-10-24 03:58:34'),(2,'Oruzgan [Uruzgan]',1,1,'2024-10-24 03:58:34','2024-10-24 03:58:34'),(3,'Kondoz [Kunduz]',1,1,'2024-10-24 03:58:34','2024-10-24 03:58:34'),(4,'Parwan',1,1,'2024-10-24 03:58:34','2024-10-24 03:58:34'),(5,'Sar-e Pol',1,1,'2024-10-24 03:58:34','2024-10-24 03:58:34'),(6,'Paktika',1,1,'2024-10-24 03:58:34','2024-10-24 03:58:34'),(7,'Lowgar',1,1,'2024-10-24 03:58:34','2024-10-24 03:58:34'),(8,'Kapisa',1,1,'2024-10-24 03:58:34','2024-10-24 03:58:34'),(9,'Herat',1,1,'2024-10-24 03:58:34','2024-10-24 03:58:34'),(10,'Kandahar',1,1,'2024-10-24 03:58:34','2024-10-24 03:58:34'),(11,'Samangan',1,1,'2024-10-24 03:58:34','2024-10-24 03:58:34'),(12,'Takhar',1,1,'2024-10-24 03:58:34','2024-10-24 03:58:34'),(13,'Wardak [Wardag]',1,1,'2024-10-24 03:58:34','2024-10-24 03:58:34'),(14,'Badakhshan',1,1,'2024-10-24 03:58:34','2024-10-24 03:58:34'),(15,'Baghlan',1,1,'2024-10-24 03:58:34','2024-10-24 03:58:34'),(16,'Bamian',1,1,'2024-10-24 03:58:34','2024-10-24 03:58:34'),(17,'Faryab',1,1,'2024-10-24 03:58:34','2024-10-24 03:58:34'),(18,'Ghazni',1,1,'2024-10-24 03:58:34','2024-10-24 03:58:34'),(19,'Badghis',1,1,'2024-10-24 03:58:34','2024-10-24 03:58:34'),(20,'Balkh',1,1,'2024-10-24 03:58:34','2024-10-24 03:58:34'),(21,'Farah',1,1,'2024-10-24 03:58:34','2024-10-24 03:58:34'),(22,'Ghowr',1,1,'2024-10-24 03:58:34','2024-10-24 03:58:34'),(23,'Khowst',1,1,'2024-10-24 03:58:34','2024-10-24 03:58:34'),(24,'Helmand',1,1,'2024-10-24 03:58:34','2024-10-24 03:58:34'),(25,'Kabul [Kabol]',1,1,'2024-10-24 03:58:34','2024-10-24 03:58:34'),(26,'Laghman',1,1,'2024-10-24 03:58:34','2024-10-24 03:58:34'),(27,'Nangrahar [Nangarhar]',1,1,'2024-10-24 03:58:34','2024-10-24 03:58:34'),(28,'Nurestan',1,1,'2024-10-24 03:58:34','2024-10-24 03:58:34'),(29,'Paktia',1,1,'2024-10-24 03:58:34','2024-10-24 03:58:34'),(30,'Jowzjan',1,1,'2024-10-24 03:58:34','2024-10-24 03:58:34'),(31,'Konar [Kunar]',1,1,'2024-10-24 03:58:34','2024-10-24 03:58:34'),(32,'Nimruz',1,1,'2024-10-24 03:58:34','2024-10-24 03:58:34'),(33,'Daykondi',1,1,'2024-10-24 03:58:34','2024-10-24 03:58:34'),(34,'Panjshir',1,1,'2024-10-24 03:58:34','2024-10-24 03:58:34'),(35,'Tiran',2,1,'2024-10-24 03:58:34','2024-10-24 03:58:34'),(36,'Shkodr',2,1,'2024-10-24 03:58:34','2024-10-24 03:58:34'),(37,'Pogradec',2,1,'2024-10-24 03:58:34','2024-10-24 03:58:34'),(38,'Mirdit',2,1,'2024-10-24 03:58:34','2024-10-24 03:58:34'),(39,'Kolonj',2,1,'2024-10-24 03:58:34','2024-10-24 03:58:34'),(40,'Mat',2,1,'2024-10-24 03:58:34','2024-10-24 03:58:34'),(41,'Peqin',2,1,'2024-10-24 03:58:34','2024-10-24 03:58:34'),(42,'Prmet',2,1,'2024-10-24 03:58:34','2024-10-24 03:58:34'),(43,'Puk',2,1,'2024-10-24 03:58:34','2024-10-24 03:58:34'),(44,'Sarand',2,1,'2024-10-24 03:58:34','2024-10-24 03:58:34'),(45,'Skrapar',2,1,'2024-10-24 03:58:34','2024-10-24 03:58:34'),(46,'Tepelen',2,1,'2024-10-24 03:58:34','2024-10-24 03:58:34'),(47,'Tropoj',2,1,'2024-10-24 03:58:34','2024-10-24 03:58:34'),(48,'Vlor',2,1,'2024-10-24 03:58:34','2024-10-24 03:58:34'),(49,'Has',2,1,'2024-10-24 03:58:34','2024-10-24 03:58:34'),(50,'Kavaj',2,1,'2024-10-24 03:58:34','2024-10-24 03:58:34'),(51,'Kor',2,1,'2024-10-24 03:58:34','2024-10-24 03:58:34'),(52,'Kruj',2,1,'2024-10-24 03:58:34','2024-10-24 03:58:34'),(53,'Kuks',2,1,'2024-10-24 03:58:34','2024-10-24 03:58:34'),(54,'Kurbin',2,1,'2024-10-24 03:58:34','2024-10-24 03:58:34'),(55,'Librazhd',2,1,'2024-10-24 03:58:34','2024-10-24 03:58:34'),(56,'Lushnj',2,1,'2024-10-24 03:58:34','2024-10-24 03:58:34'),(57,'Malsi e Madhe',2,1,'2024-10-24 03:58:34','2024-10-24 03:58:34'),(58,'Bulqiz',2,1,'2024-10-24 03:58:34','2024-10-24 03:58:34'),(59,'Delvin',2,1,'2024-10-24 03:58:34','2024-10-24 03:58:34'),(60,'Dibr',2,1,'2024-10-24 03:58:34','2024-10-24 03:58:34'),(61,'Durrs',2,1,'2024-10-24 03:58:34','2024-10-24 03:58:34'),(62,'Fier',2,1,'2024-10-24 03:58:34','2024-10-24 03:58:34'),(63,'Gjirokastr',2,1,'2024-10-24 03:58:34','2024-10-24 03:58:34'),(64,'Elbasan',2,1,'2024-10-24 03:58:34','2024-10-24 03:58:34'),(65,'Berat',2,1,'2024-10-24 03:58:34','2024-10-24 03:58:34'),(66,'Devoll',2,1,'2024-10-24 03:58:34','2024-10-24 03:58:34'),(67,'Gramsh',2,1,'2024-10-24 03:58:34','2024-10-24 03:58:34'),(68,'Kuov',2,1,'2024-10-24 03:58:34','2024-10-24 03:58:34'),(69,'Lezh',2,1,'2024-10-24 03:58:34','2024-10-24 03:58:34'),(70,'Mallakastr',2,1,'2024-10-24 03:58:34','2024-10-24 03:58:34'),(71,'Ouargla',3,1,'2024-10-24 03:58:34','2024-10-24 03:58:34'),(72,'El Oued',3,1,'2024-10-24 03:58:34','2024-10-24 03:58:34'),(73,'Tizi Ouzou',3,1,'2024-10-24 03:58:34','2024-10-24 03:58:34'),(74,'Tissemsilt',3,1,'2024-10-24 03:58:34','2024-10-24 03:58:34'),(75,'Sidi Bel Abbs',3,1,'2024-10-24 03:58:34','2024-10-24 03:58:34'),(76,'Sada',3,1,'2024-10-24 03:58:34','2024-10-24 03:58:34'),(77,'Naama',3,1,'2024-10-24 03:58:34','2024-10-24 03:58:34'),(78,'Mila',3,1,'2024-10-24 03:58:34','2024-10-24 03:58:34'),(79,'Jijel',3,1,'2024-10-24 03:58:34','2024-10-24 03:58:34'),(80,'Annaba',3,1,'2024-10-24 03:58:34','2024-10-24 03:58:34'),(81,'An Tmouchent',3,1,'2024-10-24 03:58:34','2024-10-24 03:58:34'),(82,'Batna',3,1,'2024-10-24 03:58:34','2024-10-24 03:58:34'),(83,'Bjaa',3,1,'2024-10-24 03:58:34','2024-10-24 03:58:34'),(84,'Blida',3,1,'2024-10-24 03:58:34','2024-10-24 03:58:34'),(85,'Boumerds',3,1,'2024-10-24 03:58:34','2024-10-24 03:58:34'),(86,'Relizane',3,1,'2024-10-24 03:58:34','2024-10-24 03:58:34'),(87,'Khenchela',3,1,'2024-10-24 03:58:34','2024-10-24 03:58:34'),(88,'Illizi',3,1,'2024-10-24 03:58:34','2024-10-24 03:58:34'),(89,'Bouira',3,1,'2024-10-24 03:58:34','2024-10-24 03:58:34'),(90,'Bordj Bou Arrridj',3,1,'2024-10-24 03:58:34','2024-10-24 03:58:34'),(91,'Ghardaa',3,1,'2024-10-24 03:58:34','2024-10-24 03:58:34'),(92,'Alger',3,1,'2024-10-24 03:58:34','2024-10-24 03:58:34'),(93,'Djelfa',3,1,'2024-10-24 03:58:34','2024-10-24 03:58:34'),(94,'Mda',3,1,'2024-10-24 03:58:34','2024-10-24 03:58:34'),(95,'Mostaganem',3,1,'2024-10-24 03:58:34','2024-10-24 03:58:34'),(96,'Constantine',3,1,'2024-10-24 03:58:34','2024-10-24 03:58:34'),(97,'Skikda',3,1,'2024-10-24 03:58:34','2024-10-24 03:58:34'),(98,'Laghouat',3,1,'2024-10-24 03:58:34','2024-10-24 03:58:34'),(99,'An Defla',3,1,'2024-10-24 03:58:34','2024-10-24 03:58:34'),(100,'Bchar',3,1,'2024-10-24 03:58:34','2024-10-24 03:58:34'),(101,'El Bayadh',3,1,'2024-10-24 03:58:34','2024-10-24 03:58:34'),(102,'Biskra',3,1,'2024-10-24 03:58:34','2024-10-24 03:58:34'),(103,'Stif',3,1,'2024-10-24 03:58:34','2024-10-24 03:58:34'),(104,'Souk Ahras',3,1,'2024-10-24 03:58:34','2024-10-24 03:58:34'),(105,'El Tarf',3,1,'2024-10-24 03:58:34','2024-10-24 03:58:34'),(106,'Tbessa',3,1,'2024-10-24 03:58:34','2024-10-24 03:58:34'),(107,'Tindouf',3,1,'2024-10-24 03:58:34','2024-10-24 03:58:34'),(108,'Tiaret',3,1,'2024-10-24 03:58:34','2024-10-24 03:58:34'),(109,'Oum el Bouaghi',3,1,'2024-10-24 03:58:34','2024-10-24 03:58:34'),(110,'Oran',3,1,'2024-10-24 03:58:34','2024-10-24 03:58:34'),(111,'Adrar',3,1,'2024-10-24 03:58:34','2024-10-24 03:58:34'),(112,'Msila',3,1,'2024-10-24 03:58:34','2024-10-24 03:58:34'),(113,'Mascara',3,1,'2024-10-24 03:58:34','2024-10-24 03:58:34'),(114,'Guelma',3,1,'2024-10-24 03:58:34','2024-10-24 03:58:34'),(115,'Chlef',3,1,'2024-10-24 03:58:34','2024-10-24 03:58:34'),(116,'Tamanghasset',3,1,'2024-10-24 03:58:34','2024-10-24 03:58:34'),(117,'Tipaza',3,1,'2024-10-24 03:58:34','2024-10-24 03:58:34'),(118,'Tlemcen',3,1,'2024-10-24 03:58:34','2024-10-24 03:58:34'),(119,'Sant Juli de Lria',5,1,'2024-10-24 03:58:34','2024-10-24 03:58:34'),(120,'Ordino',5,1,'2024-10-24 03:58:34','2024-10-24 03:58:34'),(121,'Escaldes-Engordany',5,1,'2024-10-24 03:58:34','2024-10-24 03:58:34'),(122,'Canillo',5,1,'2024-10-24 03:58:34','2024-10-24 03:58:34'),(123,'Andorra la Vella',5,1,'2024-10-24 03:58:34','2024-10-24 03:58:34'),(124,'Encamp',5,1,'2024-10-24 03:58:34','2024-10-24 03:58:34'),(125,'La Massana',5,1,'2024-10-24 03:58:34','2024-10-24 03:58:34'),(126,'Zaire',6,1,'2024-10-24 03:58:34','2024-10-24 03:58:34'),(127,'Lunda Sul',6,1,'2024-10-24 03:58:34','2024-10-24 03:58:34'),(128,'Luanda',6,1,'2024-10-24 03:58:34','2024-10-24 03:58:34'),(129,'Cuanza Norte',6,1,'2024-10-24 03:58:34','2024-10-24 03:58:34'),(130,'Cunene',6,1,'2024-10-24 03:58:34','2024-10-24 03:58:34'),(131,'Bengo',6,1,'2024-10-24 03:58:34','2024-10-24 03:58:34'),(132,'Benguela',6,1,'2024-10-24 03:58:34','2024-10-24 03:58:34'),(133,'Cabinda',6,1,'2024-10-24 03:58:34','2024-10-24 03:58:34'),(134,'Huambo',6,1,'2024-10-24 03:58:34','2024-10-24 03:58:34'),(135,'Cuando-Cubango',6,1,'2024-10-24 03:58:34','2024-10-24 03:58:34'),(136,'Bi',6,1,'2024-10-24 03:58:34','2024-10-24 03:58:34'),(137,'Hula',6,1,'2024-10-24 03:58:34','2024-10-24 03:58:34'),(138,'Cuanza Sul',6,1,'2024-10-24 03:58:34','2024-10-24 03:58:34'),(139,'Lunda Norte',6,1,'2024-10-24 03:58:34','2024-10-24 03:58:34'),(140,'Malange',6,1,'2024-10-24 03:58:34','2024-10-24 03:58:34'),(141,'Uge',6,1,'2024-10-24 03:58:34','2024-10-24 03:58:34'),(142,'Moxico',6,1,'2024-10-24 03:58:34','2024-10-24 03:58:34'),(143,'Namibe',6,1,'2024-10-24 03:58:34','2024-10-24 03:58:34'),(144,'Redonda',9,1,'2024-10-24 03:58:34','2024-10-24 03:58:34'),(145,'Barbuda',9,1,'2024-10-24 03:58:34','2024-10-24 03:58:34'),(146,'Saint George',9,1,'2024-10-24 03:58:34','2024-10-24 03:58:34'),(147,'Saint Mary',9,1,'2024-10-24 03:58:34','2024-10-24 03:58:34'),(148,'Saint Paul',9,1,'2024-10-24 03:58:34','2024-10-24 03:58:34'),(149,'Saint Philip',9,1,'2024-10-24 03:58:34','2024-10-24 03:58:34'),(150,'Saint Johns',9,1,'2024-10-24 03:58:34','2024-10-24 03:58:34'),(151,'Saint Peter',9,1,'2024-10-24 03:58:34','2024-10-24 03:58:34'),(152,'Santiago del Estero',10,1,'2024-10-24 03:58:34','2024-10-24 03:58:34'),(153,'Santa Cruz',10,1,'2024-10-24 03:58:34','2024-10-24 03:58:34'),(154,'Salta',10,1,'2024-10-24 03:58:34','2024-10-24 03:58:34'),(155,'La Rioja',10,1,'2024-10-24 03:58:34','2024-10-24 03:58:34'),(156,'Ciudad Autnoma de Buenos Aires',10,1,'2024-10-24 03:58:34','2024-10-24 03:58:34'),(157,'Catamarca',10,1,'2024-10-24 03:58:34','2024-10-24 03:58:34'),(158,'Buenos Aires',10,1,'2024-10-24 03:58:34','2024-10-24 03:58:34'),(159,'Chaco',10,1,'2024-10-24 03:58:34','2024-10-24 03:58:34'),(160,'Crdoba',10,1,'2024-10-24 03:58:34','2024-10-24 03:58:34'),(161,'Corrientes',10,1,'2024-10-24 03:58:34','2024-10-24 03:58:34'),(162,'Entre Ros',10,1,'2024-10-24 03:58:34','2024-10-24 03:58:34'),(163,'Jujuy',10,1,'2024-10-24 03:58:34','2024-10-24 03:58:34'),(164,'La Pampa',10,1,'2024-10-24 03:58:34','2024-10-24 03:58:34'),(165,'Mendoza',10,1,'2024-10-24 03:58:34','2024-10-24 03:58:34'),(166,'Neuqun',10,1,'2024-10-24 03:58:34','2024-10-24 03:58:34'),(167,'Ro Negro',10,1,'2024-10-24 03:58:34','2024-10-24 03:58:34'),(168,'San Juan',10,1,'2024-10-24 03:58:34','2024-10-24 03:58:34'),(169,'San Luis',10,1,'2024-10-24 03:58:34','2024-10-24 03:58:34'),(170,'Santa Fe',10,1,'2024-10-24 03:58:34','2024-10-24 03:58:34'),(171,'Tierra del Fuego',10,1,'2024-10-24 03:58:34','2024-10-24 03:58:34'),(172,'Tucumn',10,1,'2024-10-24 03:58:34','2024-10-24 03:58:34'),(173,'Chubut',10,1,'2024-10-24 03:58:34','2024-10-24 03:58:34'),(174,'Formosa',10,1,'2024-10-24 03:58:34','2024-10-24 03:58:34'),(175,'Misiones',10,1,'2024-10-24 03:58:34','2024-10-24 03:58:34'),(176,'Tavu',11,1,'2024-10-24 03:58:34','2024-10-24 03:58:34'),(177,'Vayoc Jor',11,1,'2024-10-24 03:58:34','2024-10-24 03:58:34'),(178,'irak',11,1,'2024-10-24 03:58:34','2024-10-24 03:58:34'),(179,'Gegark',11,1,'2024-10-24 03:58:34','2024-10-24 03:58:34'),(180,'Ararat',11,1,'2024-10-24 03:58:34','2024-10-24 03:58:34'),(181,'Kotayk',11,1,'2024-10-24 03:58:34','2024-10-24 03:58:34'),(182,'Syunik',11,1,'2024-10-24 03:58:34','2024-10-24 03:58:34'),(183,'Erevan',11,1,'2024-10-24 03:58:34','2024-10-24 03:58:34'),(184,'Lo?y',11,1,'2024-10-24 03:58:34','2024-10-24 03:58:34'),(185,'Aragac?otn',11,1,'2024-10-24 03:58:34','2024-10-24 03:58:34'),(186,'Armavir',11,1,'2024-10-24 03:58:34','2024-10-24 03:58:34'),(187,'Western Australia',13,1,'2024-10-24 03:58:34','2024-10-24 03:58:34'),(188,'Australian Capital Territory',13,1,'2024-10-24 03:58:34','2024-10-24 03:58:34'),(189,'South Australia',13,1,'2024-10-24 03:58:34','2024-10-24 03:58:34'),(190,'Victoria',13,1,'2024-10-24 03:58:34','2024-10-24 03:58:34'),(191,'Tasmania',13,1,'2024-10-24 03:58:34','2024-10-24 03:58:34'),(192,'Northern Territory',13,1,'2024-10-24 03:58:34','2024-10-24 03:58:34'),(193,'Queensland',13,1,'2024-10-24 03:58:34','2024-10-24 03:58:34'),(194,'New South Wales',13,1,'2024-10-24 03:58:34','2024-10-24 03:58:34'),(195,'Wien',14,1,'2024-10-24 03:58:34','2024-10-24 03:58:34'),(196,'Salzburg',14,1,'2024-10-24 03:58:34','2024-10-24 03:58:34'),(197,'Burgenland',14,1,'2024-10-24 03:58:34','2024-10-24 03:58:34'),(198,'Krnten',14,1,'2024-10-24 03:58:34','2024-10-24 03:58:34'),(199,'Obersterreich',14,1,'2024-10-24 03:58:34','2024-10-24 03:58:34'),(200,'Steiermark',14,1,'2024-10-24 03:58:34','2024-10-24 03:58:34'),(201,'Vorarlberg',14,1,'2024-10-24 03:58:34','2024-10-24 03:58:34'),(202,'Niedersterreich',14,1,'2024-10-24 03:58:34','2024-10-24 03:58:34'),(203,'Tirol',14,1,'2024-10-24 03:58:34','2024-10-24 03:58:34'),(204,'Zngilan',15,1,'2024-10-24 03:58:34','2024-10-24 03:58:34'),(205,'Yardimli',15,1,'2024-10-24 03:58:34','2024-10-24 03:58:34'),(206,'Xocali',15,1,'2024-10-24 03:58:34','2024-10-24 03:58:34'),(207,'Xankndi',15,1,'2024-10-24 03:58:34','2024-10-24 03:58:34'),(208,'Sumqayit',15,1,'2024-10-24 03:58:34','2024-10-24 03:58:34'),(209,'Samux',15,1,'2024-10-24 03:58:34','2024-10-24 03:58:34'),(210,'Agstafa',15,1,'2024-10-24 03:58:34','2024-10-24 03:58:34'),(211,'Babk',15,1,'2024-10-24 03:58:34','2024-10-24 03:58:34'),(212,'Brd',15,1,'2024-10-24 03:58:34','2024-10-24 03:58:34'),(213,'Cbrayil',15,1,'2024-10-24 03:58:34','2024-10-24 03:58:34'),(214,'Dasksn',15,1,'2024-10-24 03:58:34','2024-10-24 03:58:34'),(215,'li Bayramli',15,1,'2024-10-24 03:58:34','2024-10-24 03:58:34'),(216,'Gnc',15,1,'2024-10-24 03:58:34','2024-10-24 03:58:34'),(217,'Haciqabul',15,1,'2024-10-24 03:58:34','2024-10-24 03:58:34'),(218,'Ismayilli',15,1,'2024-10-24 03:58:34','2024-10-24 03:58:34'),(219,'Sahbuz',15,1,'2024-10-24 03:58:34','2024-10-24 03:58:34'),(220,'Samaxi',15,1,'2024-10-24 03:58:34','2024-10-24 03:58:34'),(221,'Sdrk',15,1,'2024-10-24 03:58:34','2024-10-24 03:58:34'),(222,'Ski',15,1,'2024-10-24 03:58:34','2024-10-24 03:58:34'),(223,'Srur',15,1,'2024-10-24 03:58:34','2024-10-24 03:58:34'),(224,'Siyzn',15,1,'2024-10-24 03:58:34','2024-10-24 03:58:34'),(225,'Susa',15,1,'2024-10-24 03:58:34','2024-10-24 03:58:34'),(226,'Trtr',15,1,'2024-10-24 03:58:34','2024-10-24 03:58:34'),(227,'Ucar',15,1,'2024-10-24 03:58:34','2024-10-24 03:58:34'),(228,'Goranboy',15,1,'2024-10-24 03:58:34','2024-10-24 03:58:34'),(229,'Gyay',15,1,'2024-10-24 03:58:34','2024-10-24 03:58:34'),(230,'Imisli',15,1,'2024-10-24 03:58:34','2024-10-24 03:58:34'),(231,'Klbcr',15,1,'2024-10-24 03:58:34','2024-10-24 03:58:34'),(232,'Krdmir',15,1,'2024-10-24 03:58:34','2024-10-24 03:58:34'),(233,'Lnkran',15,1,'2024-10-24 03:58:34','2024-10-24 03:58:34'),(234,'Lerik',15,1,'2024-10-24 03:58:34','2024-10-24 03:58:34'),(235,'Mingevir',15,1,'2024-10-24 03:58:34','2024-10-24 03:58:34'),(236,'Naftalan',15,1,'2024-10-24 03:58:34','2024-10-24 03:58:34'),(237,'Abseron',15,1,'2024-10-24 03:58:34','2024-10-24 03:58:34'),(238,'Agcabdi',15,1,'2024-10-24 03:58:34','2024-10-24 03:58:34'),(239,'Agdas',15,1,'2024-10-24 03:58:34','2024-10-24 03:58:34'),(240,'Agsu',15,1,'2024-10-24 03:58:34','2024-10-24 03:58:34'),(241,'Astara',15,1,'2024-10-24 03:58:34','2024-10-24 03:58:34'),(242,'Baki',15,1,'2024-10-24 03:58:34','2024-10-24 03:58:34'),(243,'Balakn',15,1,'2024-10-24 03:58:34','2024-10-24 03:58:34'),(244,'Beylqan',15,1,'2024-10-24 03:58:34','2024-10-24 03:58:34'),(245,'Bilsuvar',15,1,'2024-10-24 03:58:34','2024-10-24 03:58:34'),(246,'Clilabab',15,1,'2024-10-24 03:58:34','2024-10-24 03:58:34'),(247,'Culfa',15,1,'2024-10-24 03:58:34','2024-10-24 03:58:34'),(248,'Dvi',15,1,'2024-10-24 03:58:34','2024-10-24 03:58:34'),(249,'Fzuli',15,1,'2024-10-24 03:58:34','2024-10-24 03:58:34'),(250,'Gdby',15,1,'2024-10-24 03:58:34','2024-10-24 03:58:34'),(251,'Neftala',15,1,'2024-10-24 03:58:34','2024-10-24 03:58:34'),(252,'Ordubad',15,1,'2024-10-24 03:58:34','2024-10-24 03:58:34'),(253,'Qax',15,1,'2024-10-24 03:58:34','2024-10-24 03:58:34'),(254,'Qbl',15,1,'2024-10-24 03:58:34','2024-10-24 03:58:34'),(255,'Qobustan',15,1,'2024-10-24 03:58:34','2024-10-24 03:58:34'),(256,'Qubadli',15,1,'2024-10-24 03:58:34','2024-10-24 03:58:34'),(257,'Qusar',15,1,'2024-10-24 03:58:34','2024-10-24 03:58:34'),(258,'Sabirabad',15,1,'2024-10-24 03:58:34','2024-10-24 03:58:34'),(259,'Xamaz',15,1,'2024-10-24 03:58:34','2024-10-24 03:58:34'),(260,'Xanlar',15,1,'2024-10-24 03:58:34','2024-10-24 03:58:34'),(261,'Xizi',15,1,'2024-10-24 03:58:34','2024-10-24 03:58:34'),(262,'Xocavnd',15,1,'2024-10-24 03:58:34','2024-10-24 03:58:34'),(263,'Yevlax',15,1,'2024-10-24 03:58:34','2024-10-24 03:58:34'),(264,'Zaqatala',15,1,'2024-10-24 03:58:34','2024-10-24 03:58:34'),(265,'Zrdab',15,1,'2024-10-24 03:58:34','2024-10-24 03:58:34'),(266,'Agdam',15,1,'2024-10-24 03:58:34','2024-10-24 03:58:34'),(267,'Lain',15,1,'2024-10-24 03:58:34','2024-10-24 03:58:34'),(268,'Masalli',15,1,'2024-10-24 03:58:34','2024-10-24 03:58:34'),(269,'Naxivan',15,1,'2024-10-24 03:58:34','2024-10-24 03:58:34'),(270,'Oguz',15,1,'2024-10-24 03:58:34','2024-10-24 03:58:34'),(271,'Qazax',15,1,'2024-10-24 03:58:34','2024-10-24 03:58:34'),(272,'Quba',15,1,'2024-10-24 03:58:34','2024-10-24 03:58:34'),(273,'Saatli',15,1,'2024-10-24 03:58:34','2024-10-24 03:58:34'),(274,'Salyan',15,1,'2024-10-24 03:58:34','2024-10-24 03:58:34'),(275,'Smkir',15,1,'2024-10-24 03:58:34','2024-10-24 03:58:34'),(276,'Tovuz',15,1,'2024-10-24 03:58:34','2024-10-24 03:58:34'),(277,'Lnkran City',15,1,'2024-10-24 03:58:34','2024-10-24 03:58:34'),(278,'Ski City',15,1,'2024-10-24 03:58:34','2024-10-24 03:58:34'),(279,'Susa City',15,1,'2024-10-24 03:58:34','2024-10-24 03:58:34'),(280,'Yevlax City',15,1,'2024-10-24 03:58:34','2024-10-24 03:58:34'),(281,'Mayaguana',16,1,'2024-10-24 03:58:34','2024-10-24 03:58:34'),(282,'Inagua',16,1,'2024-10-24 03:58:34','2024-10-24 03:58:34'),(283,'City of Freeport',16,1,'2024-10-24 03:58:34','2024-10-24 03:58:34'),(284,'Acklins  Islands',16,1,'2024-10-24 03:58:34','2024-10-24 03:58:34'),(285,'Ragged Island',16,1,'2024-10-24 03:58:34','2024-10-24 03:58:34'),(286,'Green Turtle Cay',16,1,'2024-10-24 03:58:34','2024-10-24 03:58:34'),(287,'Grand Cay',16,1,'2024-10-24 03:58:34','2024-10-24 03:58:34'),(288,'Bimini and Cat Cay',16,1,'2024-10-24 03:58:34','2024-10-24 03:58:34'),(289,'Cat Island',16,1,'2024-10-24 03:58:34','2024-10-24 03:58:34'),(290,'Exuma',16,1,'2024-10-24 03:58:34','2024-10-24 03:58:34'),(291,'Harbour Island',16,1,'2024-10-24 03:58:34','2024-10-24 03:58:34'),(292,'Long Island',16,1,'2024-10-24 03:58:34','2024-10-24 03:58:34'),(293,'Berry Islands',16,1,'2024-10-24 03:58:34','2024-10-24 03:58:34'),(294,'Black Point',16,1,'2024-10-24 03:58:34','2024-10-24 03:58:34'),(295,'Central Abaco',16,1,'2024-10-24 03:58:34','2024-10-24 03:58:34'),(296,'Central Andros',16,1,'2024-10-24 03:58:34','2024-10-24 03:58:34'),(297,'Central Eleuthera',16,1,'2024-10-24 03:58:34','2024-10-24 03:58:34'),(298,'Crooked Island and Long Cay',16,1,'2024-10-24 03:58:34','2024-10-24 03:58:34'),(299,'East Grand Bahama',16,1,'2024-10-24 03:58:34','2024-10-24 03:58:34'),(300,'Hope Town',16,1,'2024-10-24 03:58:34','2024-10-24 03:58:34'),(301,'Mangrove Cay',16,1,'2024-10-24 03:58:34','2024-10-24 03:58:34'),(302,'Moore Island',16,1,'2024-10-24 03:58:34','2024-10-24 03:58:34'),(303,'North Abaco',16,1,'2024-10-24 03:58:34','2024-10-24 03:58:34'),(304,'North Andros',16,1,'2024-10-24 03:58:34','2024-10-24 03:58:34'),(305,'North Eleuthera',16,1,'2024-10-24 03:58:34','2024-10-24 03:58:34'),(306,'Rum Cay',16,1,'2024-10-24 03:58:34','2024-10-24 03:58:34'),(307,'San Salvador',16,1,'2024-10-24 03:58:34','2024-10-24 03:58:34'),(308,'South Abaco',16,1,'2024-10-24 03:58:34','2024-10-24 03:58:34'),(309,'South Andros',16,1,'2024-10-24 03:58:34','2024-10-24 03:58:34'),(310,'South Eleuthera',16,1,'2024-10-24 03:58:34','2024-10-24 03:58:34'),(311,'Spanish Wells',16,1,'2024-10-24 03:58:34','2024-10-24 03:58:34'),(312,'West Grand Bahama',16,1,'2024-10-24 03:58:34','2024-10-24 03:58:34'),(313,'Al Wust',17,1,'2024-10-24 03:58:34','2024-10-24 03:58:34'),(314,'Ash Shamaliyah',17,1,'2024-10-24 03:58:34','2024-10-24 03:58:34'),(315,'Al Muharraq',17,1,'2024-10-24 03:58:34','2024-10-24 03:58:34'),(316,'Al Manamah',17,1,'2024-10-24 03:58:34','2024-10-24 03:58:34'),(317,'Al Janubiyah',17,1,'2024-10-24 03:58:34','2024-10-24 03:58:34'),(318,'Tangail zila',18,1,'2024-10-24 03:58:34','2024-10-24 03:58:34'),(319,'Sirajganj zila',18,1,'2024-10-24 03:58:34','2024-10-24 03:58:34'),(320,'Sherpur zila',18,1,'2024-10-24 03:58:34','2024-10-24 03:58:34'),(321,'Rajshahi zila',18,1,'2024-10-24 03:58:34','2024-10-24 03:58:34'),(322,'Panchagarh zila',18,1,'2024-10-24 03:58:34','2024-10-24 03:58:34'),(323,'Nawabganj zila',18,1,'2024-10-24 03:58:34','2024-10-24 03:58:34'),(324,'Narayanganj zila',18,1,'2024-10-24 03:58:34','2024-10-24 03:58:34'),(325,'Bagerhat zila',18,1,'2024-10-24 03:58:34','2024-10-24 03:58:34'),(326,'Bandarban zila',18,1,'2024-10-24 03:58:34','2024-10-24 03:58:34'),(327,'Barguna zila',18,1,'2024-10-24 03:58:34','2024-10-24 03:58:34'),(328,'Jessore zila',18,1,'2024-10-24 03:58:34','2024-10-24 03:58:34'),(329,'Jhenaidah zila',18,1,'2024-10-24 03:58:34','2024-10-24 03:58:34'),(330,'Kishoreganj zila',18,1,'2024-10-24 03:58:34','2024-10-24 03:58:34'),(331,'Comilla zila',18,1,'2024-10-24 03:58:34','2024-10-24 03:58:34'),(332,'Kushtia zila',18,1,'2024-10-24 03:58:34','2024-10-24 03:58:34'),(333,'Lalmonirhat zila',18,1,'2024-10-24 03:58:34','2024-10-24 03:58:34'),(334,'Magura zila',18,1,'2024-10-24 03:58:34','2024-10-24 03:58:34'),(335,'Manikganj zila',18,1,'2024-10-24 03:58:34','2024-10-24 03:58:34'),(336,'Meherpur zila',18,1,'2024-10-24 03:58:34','2024-10-24 03:58:34'),(337,'Barisal zila',18,1,'2024-10-24 03:58:34','2024-10-24 03:58:34'),(338,'Bhola zila',18,1,'2024-10-24 03:58:34','2024-10-24 03:58:34'),(339,'Bogra zila',18,1,'2024-10-24 03:58:34','2024-10-24 03:58:34'),(340,'Chandpur zila',18,1,'2024-10-24 03:58:34','2024-10-24 03:58:34'),(341,'Dhaka zila',18,1,'2024-10-24 03:58:34','2024-10-24 03:58:34'),(342,'Faridpur zila',18,1,'2024-10-24 03:58:34','2024-10-24 03:58:34'),(343,'Feni zila',18,1,'2024-10-24 03:58:34','2024-10-24 03:58:34'),(344,'Gopalganj zila',18,1,'2024-10-24 03:58:34','2024-10-24 03:58:34'),(345,'Jaipurhat zila',18,1,'2024-10-24 03:58:34','2024-10-24 03:58:34'),(346,'Mymensingh zila',18,1,'2024-10-24 03:58:34','2024-10-24 03:58:34'),(347,'Moulvibazar zila',18,1,'2024-10-24 03:58:34','2024-10-24 03:58:34'),(348,'Munshiganj zila',18,1,'2024-10-24 03:58:34','2024-10-24 03:58:34'),(349,'Narail zila',18,1,'2024-10-24 03:58:34','2024-10-24 03:58:34'),(350,'Narsingdi zila',18,1,'2024-10-24 03:58:34','2024-10-24 03:58:34'),(351,'Naogaon zila',18,1,'2024-10-24 03:58:34','2024-10-24 03:58:34'),(352,'Netrakona zila',18,1,'2024-10-24 03:58:34','2024-10-24 03:58:34'),(353,'Noakhali zila',18,1,'2024-10-24 03:58:34','2024-10-24 03:58:34'),(354,'Pabna zila',18,1,'2024-10-24 03:58:34','2024-10-24 03:58:34'),(355,'Brahmanbaria zila',18,1,'2024-10-24 03:58:34','2024-10-24 03:58:34'),(356,'Chittagong zila',18,1,'2024-10-24 03:58:34','2024-10-24 03:58:34'),(357,'Chuadanga zila',18,1,'2024-10-24 03:58:34','2024-10-24 03:58:34'),(358,'Dinajpur zila',18,1,'2024-10-24 03:58:34','2024-10-24 03:58:34'),(359,'Gaibandha zila',18,1,'2024-10-24 03:58:34','2024-10-24 03:58:34'),(360,'Gazipur zila',18,1,'2024-10-24 03:58:34','2024-10-24 03:58:34'),(361,'Habiganj zila',18,1,'2024-10-24 03:58:34','2024-10-24 03:58:34'),(362,'Jamalpur zila',18,1,'2024-10-24 03:58:34','2024-10-24 03:58:34'),(363,'Jhalakati zila',18,1,'2024-10-24 03:58:34','2024-10-24 03:58:34'),(364,'Khagrachari zila',18,1,'2024-10-24 03:58:34','2024-10-24 03:58:34'),(365,'Khulna zila',18,1,'2024-10-24 03:58:34','2024-10-24 03:58:34'),(366,'Cox',18,1,'2024-10-24 03:58:34','2024-10-24 03:58:34'),(367,'Kurigram zila',18,1,'2024-10-24 03:58:34','2024-10-24 03:58:34'),(368,'Lakshmipur zila',18,1,'2024-10-24 03:58:34','2024-10-24 03:58:34'),(369,'Madaripur zila',18,1,'2024-10-24 03:58:34','2024-10-24 03:58:34'),(370,'Patuakhali zila',18,1,'2024-10-24 03:58:34','2024-10-24 03:58:34'),(371,'Rajbari zila',18,1,'2024-10-24 03:58:34','2024-10-24 03:58:34'),(372,'Rangamati zila',18,1,'2024-10-24 03:58:34','2024-10-24 03:58:34'),(373,'Rangpur zila',18,1,'2024-10-24 03:58:34','2024-10-24 03:58:34'),(374,'Shariatpur zila',18,1,'2024-10-24 03:58:34','2024-10-24 03:58:34'),(375,'Sylhet zila',18,1,'2024-10-24 03:58:34','2024-10-24 03:58:34'),(376,'Sunamganj zila',18,1,'2024-10-24 03:58:34','2024-10-24 03:58:34'),(377,'Thakurgaon zila',18,1,'2024-10-24 03:58:34','2024-10-24 03:58:34'),(378,'Natore zila',18,1,'2024-10-24 03:58:34','2024-10-24 03:58:34'),(379,'Nilphamari zila',18,1,'2024-10-24 03:58:34','2024-10-24 03:58:34'),(380,'Pirojpur zila',18,1,'2024-10-24 03:58:34','2024-10-24 03:58:34'),(381,'Satkhira zila',18,1,'2024-10-24 03:58:34','2024-10-24 03:58:34'),(382,'Saint Thomas',19,1,'2024-10-24 03:58:34','2024-10-24 03:58:34'),(383,'Saint Michael',19,1,'2024-10-24 03:58:34','2024-10-24 03:58:34'),(384,'Saint Joseph',19,1,'2024-10-24 03:58:34','2024-10-24 03:58:34'),(385,'Saint James',19,1,'2024-10-24 03:58:34','2024-10-24 03:58:34'),(386,'Christ Church',19,1,'2024-10-24 03:58:34','2024-10-24 03:58:34'),(387,'Saint George',19,1,'2024-10-24 03:58:34','2024-10-24 03:58:34'),(388,'Saint Andrew',19,1,'2024-10-24 03:58:34','2024-10-24 03:58:34'),(389,'Saint John',19,1,'2024-10-24 03:58:34','2024-10-24 03:58:34'),(390,'Saint Lucy',19,1,'2024-10-24 03:58:34','2024-10-24 03:58:34'),(391,'Saint Peter',19,1,'2024-10-24 03:58:34','2024-10-24 03:58:34'),(392,'Saint Philip',19,1,'2024-10-24 03:58:34','2024-10-24 03:58:34'),(393,'Vitsyebskaya voblasts',20,1,'2024-10-24 03:58:34','2024-10-24 03:58:34'),(394,'Brestskaya voblasts',20,1,'2024-10-24 03:58:34','2024-10-24 03:58:34'),(395,'Homyel',20,1,'2024-10-24 03:58:34','2024-10-24 03:58:34'),(396,'Mahilyowskaya voblasts',20,1,'2024-10-24 03:58:34','2024-10-24 03:58:34'),(397,'Hrodzenskaya voblasts',20,1,'2024-10-24 03:58:34','2024-10-24 03:58:34'),(398,'Minskaya voblasts',20,1,'2024-10-24 03:58:34','2024-10-24 03:58:34'),(399,'Horad Minsk',20,1,'2024-10-24 03:58:34','2024-10-24 03:58:34'),(400,'Vlaams Brabant',21,1,'2024-10-24 03:58:34','2024-10-24 03:58:34'),(401,'Luxembourg',21,1,'2024-10-24 03:58:34','2024-10-24 03:58:34'),(402,'Oost-Vlaanderen',21,1,'2024-10-24 03:58:34','2024-10-24 03:58:34'),(403,'Hainaut',21,1,'2024-10-24 03:58:34','2024-10-24 03:58:34'),(404,'Brabant Wallon',21,1,'2024-10-24 03:58:34','2024-10-24 03:58:34'),(405,'Limburg',21,1,'2024-10-24 03:58:34','2024-10-24 03:58:34'),(406,'West-Vlaanderen',21,1,'2024-10-24 03:58:34','2024-10-24 03:58:34'),(407,'Brussels',21,1,'2024-10-24 03:58:34','2024-10-24 03:58:34'),(408,'Antwerpen',21,1,'2024-10-24 03:58:34','2024-10-24 03:58:34'),(409,'Lige',21,1,'2024-10-24 03:58:34','2024-10-24 03:58:34'),(410,'Namur',21,1,'2024-10-24 03:58:34','2024-10-24 03:58:34'),(411,'Stann Creek',22,1,'2024-10-24 03:58:34','2024-10-24 03:58:34'),(412,'Belize',22,1,'2024-10-24 03:58:34','2024-10-24 03:58:34'),(413,'Corozal',22,1,'2024-10-24 03:58:34','2024-10-24 03:58:34'),(414,'Orange Walk',22,1,'2024-10-24 03:58:34','2024-10-24 03:58:34'),(415,'Toledo',22,1,'2024-10-24 03:58:34','2024-10-24 03:58:34'),(416,'Cayo',22,1,'2024-10-24 03:58:34','2024-10-24 03:58:34'),(417,'Zou',23,1,'2024-10-24 03:58:34','2024-10-24 03:58:34'),(418,'Plateau',23,1,'2024-10-24 03:58:34','2024-10-24 03:58:34'),(419,'Littoral',23,1,'2024-10-24 03:58:34','2024-10-24 03:58:34'),(420,'Alibori',23,1,'2024-10-24 03:58:34','2024-10-24 03:58:34'),(421,'Atlantique',23,1,'2024-10-24 03:58:34','2024-10-24 03:58:34'),(422,'Borgou',23,1,'2024-10-24 03:58:34','2024-10-24 03:58:34'),(423,'Kouffo',23,1,'2024-10-24 03:58:34','2024-10-24 03:58:34'),(424,'Mono',23,1,'2024-10-24 03:58:34','2024-10-24 03:58:34'),(425,'Oum',23,1,'2024-10-24 03:58:34','2024-10-24 03:58:34'),(426,'Atakora',23,1,'2024-10-24 03:58:34','2024-10-24 03:58:34'),(427,'Collines',23,1,'2024-10-24 03:58:34','2024-10-24 03:58:34'),(428,'Donga',23,1,'2024-10-24 03:58:34','2024-10-24 03:58:34'),(429,'Trongsa',25,1,'2024-10-24 03:58:34','2024-10-24 03:58:34'),(430,'Samtse',25,1,'2024-10-24 03:58:35','2024-10-24 03:58:35'),(431,'Punakha',25,1,'2024-10-24 03:58:35','2024-10-24 03:58:35'),(432,'Zhemgang',25,1,'2024-10-24 03:58:35','2024-10-24 03:58:35'),(433,'Trashigang',25,1,'2024-10-24 03:58:35','2024-10-24 03:58:35'),(434,'Monggar',25,1,'2024-10-24 03:58:35','2024-10-24 03:58:35'),(435,'Dagana',25,1,'2024-10-24 03:58:35','2024-10-24 03:58:35'),(436,'Bumthang',25,1,'2024-10-24 03:58:35','2024-10-24 03:58:35'),(437,'Tsirang',25,1,'2024-10-24 03:58:35','2024-10-24 03:58:35'),(438,'Sarpang',25,1,'2024-10-24 03:58:35','2024-10-24 03:58:35'),(439,'Lhuentse',25,1,'2024-10-24 03:58:35','2024-10-24 03:58:35'),(440,'Pemagatshel',25,1,'2024-10-24 03:58:35','2024-10-24 03:58:35'),(441,'Paro',25,1,'2024-10-24 03:58:35','2024-10-24 03:58:35'),(442,'Samdrup Jongkha',25,1,'2024-10-24 03:58:35','2024-10-24 03:58:35'),(443,'Thimphu',25,1,'2024-10-24 03:58:35','2024-10-24 03:58:35'),(444,'Wangdue Phodrang',25,1,'2024-10-24 03:58:35','2024-10-24 03:58:35'),(445,'Gasa',25,1,'2024-10-24 03:58:35','2024-10-24 03:58:35'),(446,'Trashi Yangtse',25,1,'2024-10-24 03:58:35','2024-10-24 03:58:35'),(447,'Chhukha',25,1,'2024-10-24 03:58:35','2024-10-24 03:58:35'),(448,'Ha',25,1,'2024-10-24 03:58:35','2024-10-24 03:58:35'),(449,'Potos',26,1,'2024-10-24 03:58:35','2024-10-24 03:58:35'),(450,'Oruro',26,1,'2024-10-24 03:58:35','2024-10-24 03:58:35'),(451,'Chuquisaca',26,1,'2024-10-24 03:58:35','2024-10-24 03:58:35'),(452,'El Beni',26,1,'2024-10-24 03:58:35','2024-10-24 03:58:35'),(453,'Cochabamba',26,1,'2024-10-24 03:58:35','2024-10-24 03:58:35'),(454,'La Paz',26,1,'2024-10-24 03:58:35','2024-10-24 03:58:35'),(455,'Pando',26,1,'2024-10-24 03:58:35','2024-10-24 03:58:35'),(456,'Santa Cruz',26,1,'2024-10-24 03:58:35','2024-10-24 03:58:35'),(457,'Tarija',26,1,'2024-10-24 03:58:35','2024-10-24 03:58:35'),(458,'Federacija Bosna i Hercegovina',27,1,'2024-10-24 03:58:35','2024-10-24 03:58:35'),(459,'Republika Srpska',27,1,'2024-10-24 03:58:35','2024-10-24 03:58:35'),(460,'Brko distrikt',27,1,'2024-10-24 03:58:35','2024-10-24 03:58:35'),(461,'Bosansko-podrinjski kanton',27,1,'2024-10-24 03:58:35','2024-10-24 03:58:35'),(462,'Hercegova?ko-neretvanski kanton',27,1,'2024-10-24 03:58:35','2024-10-24 03:58:35'),(463,'Kanton br. 10 (Livanjski kanton)',27,1,'2024-10-24 03:58:35','2024-10-24 03:58:35'),(464,'Kanton Sarajevo',27,1,'2024-10-24 03:58:35','2024-10-24 03:58:35'),(465,'Posavski kanton',27,1,'2024-10-24 03:58:35','2024-10-24 03:58:35'),(466,'Srednjobosanski kanton',27,1,'2024-10-24 03:58:35','2024-10-24 03:58:35'),(467,'Tuzlanski kanton',27,1,'2024-10-24 03:58:35','2024-10-24 03:58:35'),(468,'Unsko-sanski kanton',27,1,'2024-10-24 03:58:35','2024-10-24 03:58:35'),(469,'Zapadnohercegova?ki kanton',27,1,'2024-10-24 03:58:35','2024-10-24 03:58:35'),(470,'Zeni?ko-dobojski kanton',27,1,'2024-10-24 03:58:35','2024-10-24 03:58:35'),(471,'North-East',28,1,'2024-10-24 03:58:35','2024-10-24 03:58:35'),(472,'South-East',28,1,'2024-10-24 03:58:35','2024-10-24 03:58:35'),(473,'Ghanzi',28,1,'2024-10-24 03:58:35','2024-10-24 03:58:35'),(474,'Kweneng',28,1,'2024-10-24 03:58:35','2024-10-24 03:58:35'),(475,'Kgatleng',28,1,'2024-10-24 03:58:35','2024-10-24 03:58:35'),(476,'Central',28,1,'2024-10-24 03:58:35','2024-10-24 03:58:35'),(477,'Kgalagadi',28,1,'2024-10-24 03:58:35','2024-10-24 03:58:35'),(478,'North-West',28,1,'2024-10-24 03:58:35','2024-10-24 03:58:35'),(479,'Southern',28,1,'2024-10-24 03:58:35','2024-10-24 03:58:35'),(480,'So Paulo',30,1,'2024-10-24 03:58:35','2024-10-24 03:58:35'),(481,'Rondnia',30,1,'2024-10-24 03:58:35','2024-10-24 03:58:35'),(482,'Pernambuco',30,1,'2024-10-24 03:58:35','2024-10-24 03:58:35'),(483,'Mato Grosso do Sul',30,1,'2024-10-24 03:58:35','2024-10-24 03:58:35'),(484,'Amap',30,1,'2024-10-24 03:58:35','2024-10-24 03:58:35'),(485,'Bahia',30,1,'2024-10-24 03:58:35','2024-10-24 03:58:35'),(486,'Distrito Federal',30,1,'2024-10-24 03:58:35','2024-10-24 03:58:35'),(487,'Esprito Santo',30,1,'2024-10-24 03:58:35','2024-10-24 03:58:35'),(488,'Maranho',30,1,'2024-10-24 03:58:35','2024-10-24 03:58:35'),(489,'Mato Grosso',30,1,'2024-10-24 03:58:35','2024-10-24 03:58:35'),(490,'Minas Gerais',30,1,'2024-10-24 03:58:35','2024-10-24 03:58:35'),(491,'Paraba',30,1,'2024-10-24 03:58:35','2024-10-24 03:58:35'),(492,'Paran',30,1,'2024-10-24 03:58:35','2024-10-24 03:58:35'),(493,'Alagoas',30,1,'2024-10-24 03:58:35','2024-10-24 03:58:35'),(494,'Piau',30,1,'2024-10-24 03:58:35','2024-10-24 03:58:35'),(495,'Rio de Janeiro',30,1,'2024-10-24 03:58:35','2024-10-24 03:58:35'),(496,'Rio Grande do Sul',30,1,'2024-10-24 03:58:35','2024-10-24 03:58:35'),(497,'Roraima',30,1,'2024-10-24 03:58:35','2024-10-24 03:58:35'),(498,'Santa Catarina',30,1,'2024-10-24 03:58:35','2024-10-24 03:58:35'),(499,'Sergipe',30,1,'2024-10-24 03:58:35','2024-10-24 03:58:35'),(500,'Tocantins',30,1,'2024-10-24 03:58:35','2024-10-24 03:58:35'),(501,'Acre',30,1,'2024-10-24 03:58:35','2024-10-24 03:58:35'),(502,'Amazonas',30,1,'2024-10-24 03:58:35','2024-10-24 03:58:35'),(503,'Cear',30,1,'2024-10-24 03:58:35','2024-10-24 03:58:35'),(504,'Gois',30,1,'2024-10-24 03:58:35','2024-10-24 03:58:35'),(505,'Par',30,1,'2024-10-24 03:58:35','2024-10-24 03:58:35'),(506,'Rio Grande do Norte',30,1,'2024-10-24 03:58:35','2024-10-24 03:58:35'),(507,'Tutong',32,1,'2024-10-24 03:58:35','2024-10-24 03:58:35'),(508,'Belait',32,1,'2024-10-24 03:58:35','2024-10-24 03:58:35'),(509,'Temburong',32,1,'2024-10-24 03:58:35','2024-10-24 03:58:35'),(510,'Brunei-Muara',32,1,'2024-10-24 03:58:35','2024-10-24 03:58:35'),(511,'Veliko Tarnovo',33,1,'2024-10-24 03:58:35','2024-10-24 03:58:35'),(512,'Smolyan',33,1,'2024-10-24 03:58:35','2024-10-24 03:58:35'),(513,'Razgrad',33,1,'2024-10-24 03:58:35','2024-10-24 03:58:35'),(514,'Montana',33,1,'2024-10-24 03:58:35','2024-10-24 03:58:35'),(515,'Yambol',33,1,'2024-10-24 03:58:35','2024-10-24 03:58:35'),(516,'Burgas',33,1,'2024-10-24 03:58:35','2024-10-24 03:58:35'),(517,'Plovdiv',33,1,'2024-10-24 03:58:35','2024-10-24 03:58:35'),(518,'Ruse',33,1,'2024-10-24 03:58:35','2024-10-24 03:58:35'),(519,'Sliven',33,1,'2024-10-24 03:58:35','2024-10-24 03:58:35'),(520,'Sofia-Grad',33,1,'2024-10-24 03:58:35','2024-10-24 03:58:35'),(521,'Stara Zagora',33,1,'2024-10-24 03:58:35','2024-10-24 03:58:35'),(522,'umen',33,1,'2024-10-24 03:58:35','2024-10-24 03:58:35'),(523,'Varna',33,1,'2024-10-24 03:58:35','2024-10-24 03:58:35'),(524,'Vidin',33,1,'2024-10-24 03:58:35','2024-10-24 03:58:35'),(525,'Vratsa',33,1,'2024-10-24 03:58:35','2024-10-24 03:58:35'),(526,'Gabrovo',33,1,'2024-10-24 03:58:35','2024-10-24 03:58:35'),(527,'Haskovo',33,1,'2024-10-24 03:58:35','2024-10-24 03:58:35'),(528,'Kardzhali',33,1,'2024-10-24 03:58:35','2024-10-24 03:58:35'),(529,'Lovech',33,1,'2024-10-24 03:58:35','2024-10-24 03:58:35'),(530,'Pazardzhik',33,1,'2024-10-24 03:58:35','2024-10-24 03:58:35'),(531,'Pleven',33,1,'2024-10-24 03:58:35','2024-10-24 03:58:35'),(532,'Blagoevgrad',33,1,'2024-10-24 03:58:35','2024-10-24 03:58:35'),(533,'Dobrich',33,1,'2024-10-24 03:58:35','2024-10-24 03:58:35'),(534,'Kjustendil',33,1,'2024-10-24 03:58:35','2024-10-24 03:58:35'),(535,'Pernik',33,1,'2024-10-24 03:58:35','2024-10-24 03:58:35'),(536,'Silistra',33,1,'2024-10-24 03:58:35','2024-10-24 03:58:35'),(537,'Sofia',33,1,'2024-10-24 03:58:35','2024-10-24 03:58:35'),(538,'Targovishte',33,1,'2024-10-24 03:58:35','2024-10-24 03:58:35'),(539,'Loroum',34,1,'2024-10-24 03:58:35','2024-10-24 03:58:35'),(540,'Nahouri',34,1,'2024-10-24 03:58:35','2024-10-24 03:58:35'),(541,'Noumbiel',34,1,'2024-10-24 03:58:35','2024-10-24 03:58:35'),(542,'Oudalan',34,1,'2024-10-24 03:58:35','2024-10-24 03:58:35'),(543,'Sangui',34,1,'2024-10-24 03:58:35','2024-10-24 03:58:35'),(544,'Sno',34,1,'2024-10-24 03:58:35','2024-10-24 03:58:35'),(545,'Sissili',34,1,'2024-10-24 03:58:35','2024-10-24 03:58:35'),(546,'Soum',34,1,'2024-10-24 03:58:35','2024-10-24 03:58:35'),(547,'Sourou',34,1,'2024-10-24 03:58:35','2024-10-24 03:58:35'),(548,'Bal',34,1,'2024-10-24 03:58:35','2024-10-24 03:58:35'),(549,'Banwa',34,1,'2024-10-24 03:58:35','2024-10-24 03:58:35'),(550,'Boulgou',34,1,'2024-10-24 03:58:35','2024-10-24 03:58:35'),(551,'Como',34,1,'2024-10-24 03:58:35','2024-10-24 03:58:35'),(552,'Gourma',34,1,'2024-10-24 03:58:35','2024-10-24 03:58:35'),(553,'Ioba',34,1,'2024-10-24 03:58:35','2024-10-24 03:58:35'),(554,'Kndougou',34,1,'2024-10-24 03:58:35','2024-10-24 03:58:35'),(555,'Kossi',34,1,'2024-10-24 03:58:35','2024-10-24 03:58:35'),(556,'Kouritenga',34,1,'2024-10-24 03:58:35','2024-10-24 03:58:35'),(557,'Bam',34,1,'2024-10-24 03:58:35','2024-10-24 03:58:35'),(558,'Bazga',34,1,'2024-10-24 03:58:35','2024-10-24 03:58:35'),(559,'Bougouriba',34,1,'2024-10-24 03:58:35','2024-10-24 03:58:35'),(560,'Boulkiemd',34,1,'2024-10-24 03:58:35','2024-10-24 03:58:35'),(561,'Ganzourgou',34,1,'2024-10-24 03:58:35','2024-10-24 03:58:35'),(562,'Gnagna',34,1,'2024-10-24 03:58:35','2024-10-24 03:58:35'),(563,'Houet',34,1,'2024-10-24 03:58:35','2024-10-24 03:58:35'),(564,'Kadiogo',34,1,'2024-10-24 03:58:35','2024-10-24 03:58:35'),(565,'Komondjari',34,1,'2024-10-24 03:58:35','2024-10-24 03:58:35'),(566,'Kompienga',34,1,'2024-10-24 03:58:35','2024-10-24 03:58:35'),(567,'Koulplogo',34,1,'2024-10-24 03:58:35','2024-10-24 03:58:35'),(568,'Kourwogo',34,1,'2024-10-24 03:58:35','2024-10-24 03:58:35'),(569,'Lraba',34,1,'2024-10-24 03:58:35','2024-10-24 03:58:35'),(570,'Mouhoun',34,1,'2024-10-24 03:58:35','2024-10-24 03:58:35'),(571,'Namentenga',34,1,'2024-10-24 03:58:35','2024-10-24 03:58:35'),(572,'Nayala',34,1,'2024-10-24 03:58:35','2024-10-24 03:58:35'),(573,'Oubritenga',34,1,'2024-10-24 03:58:35','2024-10-24 03:58:35'),(574,'Passor',34,1,'2024-10-24 03:58:35','2024-10-24 03:58:35'),(575,'Poni',34,1,'2024-10-24 03:58:35','2024-10-24 03:58:35'),(576,'Sanmatenga',34,1,'2024-10-24 03:58:35','2024-10-24 03:58:35'),(577,'Ziro',34,1,'2024-10-24 03:58:35','2024-10-24 03:58:35'),(578,'Yatenga',34,1,'2024-10-24 03:58:35','2024-10-24 03:58:35'),(579,'Yagha',34,1,'2024-10-24 03:58:35','2024-10-24 03:58:35'),(580,'Tapoa',34,1,'2024-10-24 03:58:35','2024-10-24 03:58:35'),(581,'Tui',34,1,'2024-10-24 03:58:35','2024-10-24 03:58:35'),(582,'Zondoma',34,1,'2024-10-24 03:58:35','2024-10-24 03:58:35'),(583,'Zoundwogo',34,1,'2024-10-24 03:58:35','2024-10-24 03:58:35'),(584,'Boucle du Mouhoun',34,1,'2024-10-24 03:58:35','2024-10-24 03:58:35'),(585,'Cascades',34,1,'2024-10-24 03:58:35','2024-10-24 03:58:35'),(586,'Centre',34,1,'2024-10-24 03:58:35','2024-10-24 03:58:35'),(587,'Centre-Est',34,1,'2024-10-24 03:58:35','2024-10-24 03:58:35'),(588,'Centre-Nord',34,1,'2024-10-24 03:58:35','2024-10-24 03:58:35'),(589,'Centre-Ouest',34,1,'2024-10-24 03:58:35','2024-10-24 03:58:35'),(590,'Centre-Sud',34,1,'2024-10-24 03:58:35','2024-10-24 03:58:35'),(591,'Est',34,1,'2024-10-24 03:58:35','2024-10-24 03:58:35'),(592,'Hauts-Bassins',34,1,'2024-10-24 03:58:35','2024-10-24 03:58:35'),(593,'Nord',34,1,'2024-10-24 03:58:35','2024-10-24 03:58:35'),(594,'Plateau-Central',34,1,'2024-10-24 03:58:35','2024-10-24 03:58:35'),(595,'Sahel',34,1,'2024-10-24 03:58:35','2024-10-24 03:58:35'),(596,'Sud-Ouest',34,1,'2024-10-24 03:58:35','2024-10-24 03:58:35'),(597,'Ruyigi',35,1,'2024-10-24 03:58:35','2024-10-24 03:58:35'),(598,'Cankuzo',35,1,'2024-10-24 03:58:35','2024-10-24 03:58:35'),(599,'Gitega',35,1,'2024-10-24 03:58:35','2024-10-24 03:58:35'),(600,'Karuzi',35,1,'2024-10-24 03:58:35','2024-10-24 03:58:35'),(601,'Kirundo',35,1,'2024-10-24 03:58:35','2024-10-24 03:58:35'),(602,'Makamba',35,1,'2024-10-24 03:58:35','2024-10-24 03:58:35'),(603,'Muyinga',35,1,'2024-10-24 03:58:35','2024-10-24 03:58:35'),(604,'Ngozi',35,1,'2024-10-24 03:58:35','2024-10-24 03:58:35'),(605,'Rutana',35,1,'2024-10-24 03:58:35','2024-10-24 03:58:35'),(606,'Bubanza',35,1,'2024-10-24 03:58:35','2024-10-24 03:58:35'),(607,'Kayanza',35,1,'2024-10-24 03:58:35','2024-10-24 03:58:35'),(608,'Bururi',35,1,'2024-10-24 03:58:35','2024-10-24 03:58:35'),(609,'Cibitoke',35,1,'2024-10-24 03:58:35','2024-10-24 03:58:35'),(610,'Muramvya',35,1,'2024-10-24 03:58:35','2024-10-24 03:58:35'),(611,'Mwaro',35,1,'2024-10-24 03:58:35','2024-10-24 03:58:35'),(612,'Bujumbura Mairie',35,1,'2024-10-24 03:58:35','2024-10-24 03:58:35'),(613,'Bujumbura Rural',35,1,'2024-10-24 03:58:35','2024-10-24 03:58:35'),(614,'Pousaat [Pouthisat]',36,1,'2024-10-24 03:58:35','2024-10-24 03:58:35'),(615,'Otdar Mean Chey [Otdr Manchey] ',36,1,'2024-10-24 03:58:35','2024-10-24 03:58:35'),(616,'Kampong Thum [Kmpng Thum]',36,1,'2024-10-24 03:58:35','2024-10-24 03:58:35'),(617,'Kampot [Kmpt]',36,1,'2024-10-24 03:58:35','2024-10-24 03:58:35'),(618,'Kandaal [Kndal]',36,1,'2024-10-24 03:58:35','2024-10-24 03:58:35'),(619,'Kaoh Kong [Kah Kong]',36,1,'2024-10-24 03:58:35','2024-10-24 03:58:35'),(620,'Kracheh [Krchh]',36,1,'2024-10-24 03:58:35','2024-10-24 03:58:35'),(621,'Krong Kaeb [Krong Kb]',36,1,'2024-10-24 03:58:35','2024-10-24 03:58:35'),(622,'Krong Pailin [Krong Pailin]',36,1,'2024-10-24 03:58:35','2024-10-24 03:58:35'),(623,'Krong Preah Sihanouk [Krong Preah Sihanouk]',36,1,'2024-10-24 03:58:35','2024-10-24 03:58:35'),(624,'Mondol Kiri [Mndl Kiri]',36,1,'2024-10-24 03:58:35','2024-10-24 03:58:35'),(625,'Banteay Mean Chey [Bntay Manchey]',36,1,'2024-10-24 03:58:35','2024-10-24 03:58:35'),(626,'Kampong Chaam [Kmpng Cham]',36,1,'2024-10-24 03:58:35','2024-10-24 03:58:35'),(627,'Preah Vihear [Preah Vihar]',36,1,'2024-10-24 03:58:35','2024-10-24 03:58:35'),(628,'Prey Veaeng [Prey Vng]',36,1,'2024-10-24 03:58:35','2024-10-24 03:58:35'),(629,'Siem Reab [Siemrab]',36,1,'2024-10-24 03:58:35','2024-10-24 03:58:35'),(630,'Svaay Rieng [Svay Rieng]',36,1,'2024-10-24 03:58:35','2024-10-24 03:58:35'),(631,'Baat Dambang [Batdmbng]',36,1,'2024-10-24 03:58:35','2024-10-24 03:58:35'),(632,'Kampong Chhnang [Kmpng Chhnang]',36,1,'2024-10-24 03:58:35','2024-10-24 03:58:35'),(633,'Kampong Spueu [Kmpng Sp]',36,1,'2024-10-24 03:58:35','2024-10-24 03:58:35'),(634,'Phnom Penh [Phnum Pnh]',36,1,'2024-10-24 03:58:35','2024-10-24 03:58:35'),(635,'Rotanak Kiri [Rtnkiri]',36,1,'2024-10-24 03:58:35','2024-10-24 03:58:35'),(636,'Taakaev [Takv]',36,1,'2024-10-24 03:58:35','2024-10-24 03:58:35'),(637,'Stueng Traeng [St?ng Trng]',36,1,'2024-10-24 03:58:35','2024-10-24 03:58:35'),(638,'South-West',37,1,'2024-10-24 03:58:35','2024-10-24 03:58:35'),(639,'North-West',37,1,'2024-10-24 03:58:35','2024-10-24 03:58:35'),(640,'Centre',37,1,'2024-10-24 03:58:35','2024-10-24 03:58:35'),(641,'Littoral',37,1,'2024-10-24 03:58:35','2024-10-24 03:58:35'),(642,'West',37,1,'2024-10-24 03:58:35','2024-10-24 03:58:35'),(643,'North',37,1,'2024-10-24 03:58:35','2024-10-24 03:58:35'),(644,'Adamaoua',37,1,'2024-10-24 03:58:35','2024-10-24 03:58:35'),(645,'East',37,1,'2024-10-24 03:58:35','2024-10-24 03:58:35'),(646,'Far North',37,1,'2024-10-24 03:58:35','2024-10-24 03:58:35'),(647,'South',37,1,'2024-10-24 03:58:35','2024-10-24 03:58:35'),(648,'Saskatchewan',38,1,'2024-10-24 03:58:35','2024-10-24 03:58:35'),(649,'New Brunswick',38,1,'2024-10-24 03:58:35','2024-10-24 03:58:35'),(650,'British Columbia',38,1,'2024-10-24 03:58:35','2024-10-24 03:58:35'),(651,'Northwest Territories',38,1,'2024-10-24 03:58:35','2024-10-24 03:58:35'),(652,'Alberta',38,1,'2024-10-24 03:58:35','2024-10-24 03:58:35'),(653,'Manitoba',38,1,'2024-10-24 03:58:35','2024-10-24 03:58:35'),(654,'Newfoundland and Labrador',38,1,'2024-10-24 03:58:35','2024-10-24 03:58:35'),(655,'Nova Scotia',38,1,'2024-10-24 03:58:35','2024-10-24 03:58:35'),(656,'Nunavut',38,1,'2024-10-24 03:58:35','2024-10-24 03:58:35'),(657,'Prince Edward Island',38,1,'2024-10-24 03:58:35','2024-10-24 03:58:35'),(658,'Quebec',38,1,'2024-10-24 03:58:35','2024-10-24 03:58:35'),(659,'Yukon Territory',38,1,'2024-10-24 03:58:35','2024-10-24 03:58:35'),(660,'Ontario',38,1,'2024-10-24 03:58:35','2024-10-24 03:58:35'),(661,'So Vicente',39,1,'2024-10-24 03:58:35','2024-10-24 03:58:35'),(662,'Boa Vista',39,1,'2024-10-24 03:58:35','2024-10-24 03:58:35'),(663,'Maio',39,1,'2024-10-24 03:58:35','2024-10-24 03:58:35'),(664,'Ribeira Grande',39,1,'2024-10-24 03:58:35','2024-10-24 03:58:35'),(665,'So Loureno dos rgos',39,1,'2024-10-24 03:58:35','2024-10-24 03:58:35'),(666,'Brava',39,1,'2024-10-24 03:58:35','2024-10-24 03:58:35'),(667,'Mosteiros',39,1,'2024-10-24 03:58:35','2024-10-24 03:58:35'),(668,'Paul',39,1,'2024-10-24 03:58:35','2024-10-24 03:58:35'),(669,'Porto Novo',39,1,'2024-10-24 03:58:35','2024-10-24 03:58:35'),(670,'Praia',39,1,'2024-10-24 03:58:35','2024-10-24 03:58:35'),(671,'Santa Catarina',39,1,'2024-10-24 03:58:35','2024-10-24 03:58:35'),(672,'Santa Cruz',39,1,'2024-10-24 03:58:35','2024-10-24 03:58:35'),(673,'So Domingos',39,1,'2024-10-24 03:58:35','2024-10-24 03:58:35'),(674,'So Filipe',39,1,'2024-10-24 03:58:35','2024-10-24 03:58:35'),(675,'Tarrafal',39,1,'2024-10-24 03:58:35','2024-10-24 03:58:35'),(676,'Ilhas de Barlavento',39,1,'2024-10-24 03:58:35','2024-10-24 03:58:35'),(677,'Ilhas de Sotavento',39,1,'2024-10-24 03:58:35','2024-10-24 03:58:35'),(678,'Ribeira Brava',39,1,'2024-10-24 03:58:35','2024-10-24 03:58:35'),(679,'Ribeira Grande de Santiago',39,1,'2024-10-24 03:58:35','2024-10-24 03:58:35'),(680,'Santa Catarina do Fogo',39,1,'2024-10-24 03:58:35','2024-10-24 03:58:35'),(681,'So Miguel',39,1,'2024-10-24 03:58:35','2024-10-24 03:58:35'),(682,'So Salvador do Mundo',39,1,'2024-10-24 03:58:35','2024-10-24 03:58:35'),(683,'Tarrafal de So Nicolau',39,1,'2024-10-24 03:58:35','2024-10-24 03:58:35'),(684,'Little Cayman',40,1,'2024-10-24 03:58:35','2024-10-24 03:58:35'),(685,'Cayman Brac',40,1,'2024-10-24 03:58:35','2024-10-24 03:58:35'),(686,'East End',40,1,'2024-10-24 03:58:35','2024-10-24 03:58:35'),(687,'Bodden Town',40,1,'2024-10-24 03:58:35','2024-10-24 03:58:35'),(688,'George Town',40,1,'2024-10-24 03:58:35','2024-10-24 03:58:35'),(689,'North Side',40,1,'2024-10-24 03:58:35','2024-10-24 03:58:35'),(690,'West Bay',40,1,'2024-10-24 03:58:35','2024-10-24 03:58:35'),(691,'Sangha',41,1,'2024-10-24 03:58:35','2024-10-24 03:58:35'),(692,'Ombella-Mpoko',41,1,'2024-10-24 03:58:35','2024-10-24 03:58:35'),(693,'Gribingui',41,1,'2024-10-24 03:58:35','2024-10-24 03:58:35'),(694,'Haute-Sangha / Mambr-Kad',41,1,'2024-10-24 03:58:35','2024-10-24 03:58:35'),(695,'Kmo-Gribingui',41,1,'2024-10-24 03:58:35','2024-10-24 03:58:35'),(696,'Haute-Kotto',41,1,'2024-10-24 03:58:35','2024-10-24 03:58:35'),(697,'Bangui',41,1,'2024-10-24 03:58:35','2024-10-24 03:58:35'),(698,'Ouham-Pend',41,1,'2024-10-24 03:58:35','2024-10-24 03:58:35'),(699,'Vakaga',41,1,'2024-10-24 03:58:35','2024-10-24 03:58:35'),(700,'Bamingui-Bangoran',41,1,'2024-10-24 03:58:35','2024-10-24 03:58:35'),(701,'Basse-Kotto',41,1,'2024-10-24 03:58:35','2024-10-24 03:58:35'),(702,'Haut-Mbomou',41,1,'2024-10-24 03:58:35','2024-10-24 03:58:35'),(703,'Lobaye',41,1,'2024-10-24 03:58:35','2024-10-24 03:58:35'),(704,'Mbomou',41,1,'2024-10-24 03:58:35','2024-10-24 03:58:35'),(705,'Nana-Mambr',41,1,'2024-10-24 03:58:35','2024-10-24 03:58:35'),(706,'Ouham',41,1,'2024-10-24 03:58:35','2024-10-24 03:58:35'),(707,'Ouaka',41,1,'2024-10-24 03:58:35','2024-10-24 03:58:35'),(708,'Tnjil',42,1,'2024-10-24 03:58:35','2024-10-24 03:58:35'),(709,'Al Bahah',42,1,'2024-10-24 03:58:35','2024-10-24 03:58:35'),(710,'Qr',42,1,'2024-10-24 03:58:35','2024-10-24 03:58:35'),(711,'Knim',42,1,'2024-10-24 03:58:35','2024-10-24 03:58:35'),(712,'Al Buhayrah',42,1,'2024-10-24 03:58:35','2024-10-24 03:58:35'),(713,'Lqn al Gharb',42,1,'2024-10-24 03:58:35','2024-10-24 03:58:35'),(714,'Lqn ash Sharq',42,1,'2024-10-24 03:58:35','2024-10-24 03:58:35'),(715,'Waddy',42,1,'2024-10-24 03:58:35','2024-10-24 03:58:35'),(716,'Shr Bqirm',42,1,'2024-10-24 03:58:35','2024-10-24 03:58:35'),(717,'Shr al Awsa',42,1,'2024-10-24 03:58:35','2024-10-24 03:58:35'),(718,'Salmt',42,1,'2024-10-24 03:58:35','2024-10-24 03:58:35'),(719,'ajjar Lams',42,1,'2024-10-24 03:58:35','2024-10-24 03:58:35'),(720,'Mndl',42,1,'2024-10-24 03:58:35','2024-10-24 03:58:35'),(721,'My Kbb ash Sharq',42,1,'2024-10-24 03:58:35','2024-10-24 03:58:35'),(722,'My Kbb al Gharb',42,1,'2024-10-24 03:58:35','2024-10-24 03:58:35'),(723,'Madnat Injamn',42,1,'2024-10-24 03:58:35','2024-10-24 03:58:35'),(724,'Wd Fr',42,1,'2024-10-24 03:58:35','2024-10-24 03:58:35'),(725,'Bahr al Ghazl',42,1,'2024-10-24 03:58:35','2024-10-24 03:58:35'),(726,'Brk',42,1,'2024-10-24 03:58:35','2024-10-24 03:58:35'),(727,'Innd',42,1,'2024-10-24 03:58:35','2024-10-24 03:58:35'),(728,'Sl',42,1,'2024-10-24 03:58:35','2024-10-24 03:58:35'),(729,'Tibast',42,1,'2024-10-24 03:58:35','2024-10-24 03:58:35'),(730,'Tarapac',43,1,'2024-10-24 03:58:35','2024-10-24 03:58:35'),(731,'Maule',43,1,'2024-10-24 03:58:35','2024-10-24 03:58:35'),(732,'Coquimbo',43,1,'2024-10-24 03:58:35','2024-10-24 03:58:35'),(733,'Araucana',43,1,'2024-10-24 03:58:35','2024-10-24 03:58:35'),(734,'Antofagasta',43,1,'2024-10-24 03:58:35','2024-10-24 03:58:35'),(735,'Atacama',43,1,'2024-10-24 03:58:35','2024-10-24 03:58:35'),(736,'Libertador General Bernardo Higgins',43,1,'2024-10-24 03:58:35','2024-10-24 03:58:35'),(737,'Magallanes',43,1,'2024-10-24 03:58:35','2024-10-24 03:58:35'),(738,'Regin Metropolitana de Santiago',43,1,'2024-10-24 03:58:35','2024-10-24 03:58:35'),(739,'Valparaso',43,1,'2024-10-24 03:58:35','2024-10-24 03:58:35'),(740,'Aisn del General Carlos Ibez del Campo',43,1,'2024-10-24 03:58:35','2024-10-24 03:58:35'),(741,'Bo-Bo',43,1,'2024-10-24 03:58:35','2024-10-24 03:58:35'),(742,'Los Lagos',43,1,'2024-10-24 03:58:35','2024-10-24 03:58:35'),(743,'Arica y Parinacota',43,1,'2024-10-24 03:58:35','2024-10-24 03:58:35'),(744,'Los Ros',43,1,'2024-10-24 03:58:35','2024-10-24 03:58:35'),(745,'Zhejiang',44,1,'2024-10-24 03:58:35','2024-10-24 03:58:35'),(746,'Xinjiang',44,1,'2024-10-24 03:58:35','2024-10-24 03:58:35'),(747,'Tianjin',44,1,'2024-10-24 03:58:35','2024-10-24 03:58:35'),(748,'Shanxi',44,1,'2024-10-24 03:58:35','2024-10-24 03:58:35'),(749,'Shandong',44,1,'2024-10-24 03:58:35','2024-10-24 03:58:35'),(750,'Anhui',44,1,'2024-10-24 03:58:35','2024-10-24 03:58:35'),(751,'Beijing',44,1,'2024-10-24 03:58:35','2024-10-24 03:58:35'),(752,'Chongqing',44,1,'2024-10-24 03:58:35','2024-10-24 03:58:35'),(753,'Gansu',44,1,'2024-10-24 03:58:35','2024-10-24 03:58:35'),(754,'Guangdong',44,1,'2024-10-24 03:58:35','2024-10-24 03:58:35'),(755,'Guizhou',44,1,'2024-10-24 03:58:35','2024-10-24 03:58:35'),(756,'Hainan',44,1,'2024-10-24 03:58:35','2024-10-24 03:58:35'),(757,'Hebei',44,1,'2024-10-24 03:58:35','2024-10-24 03:58:35'),(758,'Hubei',44,1,'2024-10-24 03:58:35','2024-10-24 03:58:35'),(759,'Jiangxi',44,1,'2024-10-24 03:58:35','2024-10-24 03:58:35'),(760,'Jilin',44,1,'2024-10-24 03:58:35','2024-10-24 03:58:35'),(761,'Liaoning',44,1,'2024-10-24 03:58:35','2024-10-24 03:58:35'),(762,'Nei Mongol (mn)',44,1,'2024-10-24 03:58:35','2024-10-24 03:58:35'),(763,'Ningxia',44,1,'2024-10-24 03:58:35','2024-10-24 03:58:35'),(764,'Qinghai',44,1,'2024-10-24 03:58:35','2024-10-24 03:58:35'),(765,'Shaanxi',44,1,'2024-10-24 03:58:35','2024-10-24 03:58:35'),(766,'Heilongjiang',44,1,'2024-10-24 03:58:35','2024-10-24 03:58:35'),(767,'Henan',44,1,'2024-10-24 03:58:35','2024-10-24 03:58:35'),(768,'Hunan',44,1,'2024-10-24 03:58:35','2024-10-24 03:58:35'),(769,'Jiangsu',44,1,'2024-10-24 03:58:35','2024-10-24 03:58:35'),(770,'Xizang',44,1,'2024-10-24 03:58:35','2024-10-24 03:58:35'),(771,'Yunnan',44,1,'2024-10-24 03:58:35','2024-10-24 03:58:35'),(772,'Aomen (zh) ***',44,1,'2024-10-24 03:58:35','2024-10-24 03:58:35'),(773,'Fujian',44,1,'2024-10-24 03:58:35','2024-10-24 03:58:35'),(774,'Guangxi',44,1,'2024-10-24 03:58:35','2024-10-24 03:58:35'),(775,'Shanghai',44,1,'2024-10-24 03:58:35','2024-10-24 03:58:35'),(776,'Sichuan',44,1,'2024-10-24 03:58:35','2024-10-24 03:58:35'),(777,'Xianggang (zh) **',44,1,'2024-10-24 03:58:35','2024-10-24 03:58:35'),(778,'Taiwan *',44,1,'2024-10-24 03:58:35','2024-10-24 03:58:35'),(779,'Vaups',47,1,'2024-10-24 03:58:35','2024-10-24 03:58:35'),(780,'Sucre',47,1,'2024-10-24 03:58:35','2024-10-24 03:58:35'),(781,'Quindo',47,1,'2024-10-24 03:58:35','2024-10-24 03:58:35'),(782,'San Andrs, Providencia y Santa Catalina',47,1,'2024-10-24 03:58:35','2024-10-24 03:58:35'),(783,'Nario',47,1,'2024-10-24 03:58:35','2024-10-24 03:58:35'),(784,'Amazonas',47,1,'2024-10-24 03:58:35','2024-10-24 03:58:35'),(785,'Arauca',47,1,'2024-10-24 03:58:35','2024-10-24 03:58:35'),(786,'Atlntico',47,1,'2024-10-24 03:58:35','2024-10-24 03:58:35'),(787,'Bolvar',47,1,'2024-10-24 03:58:35','2024-10-24 03:58:35'),(788,'Caldas',47,1,'2024-10-24 03:58:35','2024-10-24 03:58:35'),(789,'Caquet',47,1,'2024-10-24 03:58:35','2024-10-24 03:58:35'),(790,'Cauca',47,1,'2024-10-24 03:58:35','2024-10-24 03:58:35'),(791,'Choc',47,1,'2024-10-24 03:58:35','2024-10-24 03:58:35'),(792,'Crdoba',47,1,'2024-10-24 03:58:35','2024-10-24 03:58:35'),(793,'Guaina',47,1,'2024-10-24 03:58:35','2024-10-24 03:58:35'),(794,'Antioquia',47,1,'2024-10-24 03:58:35','2024-10-24 03:58:35'),(795,'Distrito Capital de Bogot',47,1,'2024-10-24 03:58:35','2024-10-24 03:58:35'),(796,'Boyac',47,1,'2024-10-24 03:58:35','2024-10-24 03:58:35'),(797,'Casanare',47,1,'2024-10-24 03:58:35','2024-10-24 03:58:35'),(798,'Cesar',47,1,'2024-10-24 03:58:35','2024-10-24 03:58:35'),(799,'Cundinamarca',47,1,'2024-10-24 03:58:35','2024-10-24 03:58:35'),(800,'Guaviare',47,1,'2024-10-24 03:58:35','2024-10-24 03:58:35'),(801,'Magdalena',47,1,'2024-10-24 03:58:35','2024-10-24 03:58:35'),(802,'Huila',47,1,'2024-10-24 03:58:35','2024-10-24 03:58:35'),(803,'La Guajira',47,1,'2024-10-24 03:58:35','2024-10-24 03:58:35'),(804,'Meta',47,1,'2024-10-24 03:58:35','2024-10-24 03:58:35'),(805,'Norte de Santander',47,1,'2024-10-24 03:58:35','2024-10-24 03:58:35'),(806,'Putumayo',47,1,'2024-10-24 03:58:35','2024-10-24 03:58:35'),(807,'Risaralda',47,1,'2024-10-24 03:58:35','2024-10-24 03:58:35'),(808,'Santander',47,1,'2024-10-24 03:58:35','2024-10-24 03:58:35'),(809,'Tolima',47,1,'2024-10-24 03:58:35','2024-10-24 03:58:35'),(810,'Valle del Cauca',47,1,'2024-10-24 03:58:35','2024-10-24 03:58:35'),(811,'Vichada',47,1,'2024-10-24 03:58:35','2024-10-24 03:58:35'),(812,'Andjoun (Anjwn)',48,1,'2024-10-24 03:58:35','2024-10-24 03:58:35'),(813,'Andjazdja',48,1,'2024-10-24 03:58:35','2024-10-24 03:58:35'),(814,'Mohl (Mhl)',48,1,'2024-10-24 03:58:35','2024-10-24 03:58:35'),(815,'Cuvette-Ouest',49,1,'2024-10-24 03:58:35','2024-10-24 03:58:35'),(816,'Cuvette',49,1,'2024-10-24 03:58:35','2024-10-24 03:58:35'),(817,'Bouenza',49,1,'2024-10-24 03:58:35','2024-10-24 03:58:35'),(818,'Likouala',49,1,'2024-10-24 03:58:35','2024-10-24 03:58:35'),(819,'Brazzaville',49,1,'2024-10-24 03:58:35','2024-10-24 03:58:35'),(820,'Kouilou',49,1,'2024-10-24 03:58:35','2024-10-24 03:58:35'),(821,'Lkoumou',49,1,'2024-10-24 03:58:35','2024-10-24 03:58:35'),(822,'Niari',49,1,'2024-10-24 03:58:35','2024-10-24 03:58:35'),(823,'Pool',49,1,'2024-10-24 03:58:35','2024-10-24 03:58:35'),(824,'Sangha',49,1,'2024-10-24 03:58:35','2024-10-24 03:58:35'),(825,'Plateaux',49,1,'2024-10-24 03:58:35','2024-10-24 03:58:35'),(826,'Nord-Kivu',50,1,'2024-10-24 03:58:35','2024-10-24 03:58:35'),(827,'Bas-Congo',50,1,'2024-10-24 03:58:35','2024-10-24 03:58:35'),(828,'Orientale',50,1,'2024-10-24 03:58:35','2024-10-24 03:58:35'),(829,'Kasai-Oriental',50,1,'2024-10-24 03:58:35','2024-10-24 03:58:35'),(830,'Kinshasa',50,1,'2024-10-24 03:58:35','2024-10-24 03:58:35'),(831,'Kasai-Occidental',50,1,'2024-10-24 03:58:35','2024-10-24 03:58:35'),(832,'quateur',50,1,'2024-10-24 03:58:35','2024-10-24 03:58:35'),(833,'Bandundu',50,1,'2024-10-24 03:58:35','2024-10-24 03:58:35'),(834,'Maniema',50,1,'2024-10-24 03:58:35','2024-10-24 03:58:35'),(835,'Sud-Kivu',50,1,'2024-10-24 03:58:35','2024-10-24 03:58:35'),(836,'Katanga',50,1,'2024-10-24 03:58:35','2024-10-24 03:58:35'),(837,'Puntarenas',52,1,'2024-10-24 03:58:35','2024-10-24 03:58:35'),(838,'Limn',52,1,'2024-10-24 03:58:35','2024-10-24 03:58:35'),(839,'Cartago',52,1,'2024-10-24 03:58:35','2024-10-24 03:58:35'),(840,'Guanacaste',52,1,'2024-10-24 03:58:35','2024-10-24 03:58:35'),(841,'San Jos',52,1,'2024-10-24 03:58:35','2024-10-24 03:58:35'),(842,'Heredia',52,1,'2024-10-24 03:58:35','2024-10-24 03:58:35'),(843,'Alajuela',52,1,'2024-10-24 03:58:35','2024-10-24 03:58:35'),(844,'18 Montagnes (Rgion des)',53,1,'2024-10-24 03:58:35','2024-10-24 03:58:35'),(845,'Agnbi (Rgion de l)',53,1,'2024-10-24 03:58:35','2024-10-24 03:58:35'),(846,'Bafing (Rgion du)',53,1,'2024-10-24 03:58:35','2024-10-24 03:58:35'),(847,'Bas-Sassandra (Rgion du)',53,1,'2024-10-24 03:58:35','2024-10-24 03:58:35'),(848,'Dengul (Rgion du)',53,1,'2024-10-24 03:58:35','2024-10-24 03:58:35'),(849,'Fromager (Rgion du)',53,1,'2024-10-24 03:58:35','2024-10-24 03:58:35'),(850,'Haut-Sassandra (Rgion du)',53,1,'2024-10-24 03:58:35','2024-10-24 03:58:35'),(851,'Lacs (Rgion des)',53,1,'2024-10-24 03:58:35','2024-10-24 03:58:35'),(852,'Lagunes (Rgion des)',53,1,'2024-10-24 03:58:35','2024-10-24 03:58:35'),(853,'Marahou (Rgion de la)',53,1,'2024-10-24 03:58:35','2024-10-24 03:58:35'),(854,'Moyen-Cavally (Rgion du)',53,1,'2024-10-24 03:58:35','2024-10-24 03:58:35'),(855,'Moyen-Como (Rgion du)',53,1,'2024-10-24 03:58:35','2024-10-24 03:58:35'),(856,'Nzi-Como (Rgion)',53,1,'2024-10-24 03:58:35','2024-10-24 03:58:35'),(857,'Savanes (Rgion des)',53,1,'2024-10-24 03:58:35','2024-10-24 03:58:35'),(858,'Sud-Bandama (Rgion du)',53,1,'2024-10-24 03:58:35','2024-10-24 03:58:35'),(859,'Sud-Como (Rgion du)',53,1,'2024-10-24 03:58:35','2024-10-24 03:58:35'),(860,'Valle du Bandama (Rgion de la)',53,1,'2024-10-24 03:58:35','2024-10-24 03:58:35'),(861,'Worodougou (Rgion du)',53,1,'2024-10-24 03:58:35','2024-10-24 03:58:35'),(862,'Zanzan (Rgion du)',53,1,'2024-10-24 03:58:35','2024-10-24 03:58:35'),(863,'Vukovarsko-srijemska upanija',54,1,'2024-10-24 03:58:35','2024-10-24 03:58:35'),(864,'Istarska upanija',54,1,'2024-10-24 03:58:35','2024-10-24 03:58:35'),(865,'Dubrovacko-neretvanska upanija',54,1,'2024-10-24 03:58:35','2024-10-24 03:58:35'),(866,'Grad Zagreb',54,1,'2024-10-24 03:58:35','2024-10-24 03:58:35'),(867,'Karlovacka upanija',54,1,'2024-10-24 03:58:35','2024-10-24 03:58:35'),(868,'Krapinsko-zagorska upanija',54,1,'2024-10-24 03:58:35','2024-10-24 03:58:35'),(869,'Licko-senjska upanija',54,1,'2024-10-24 03:58:35','2024-10-24 03:58:35'),(870,'Osjecko-baranjska upanija',54,1,'2024-10-24 03:58:35','2024-10-24 03:58:35'),(871,'Primorsko-goranska upanija',54,1,'2024-10-24 03:58:35','2024-10-24 03:58:35'),(872,'ibensko-kninska upanija',54,1,'2024-10-24 03:58:35','2024-10-24 03:58:35'),(873,'Brodsko-posavska upanija',54,1,'2024-10-24 03:58:35','2024-10-24 03:58:35'),(874,'Varadinska upanija',54,1,'2024-10-24 03:58:35','2024-10-24 03:58:35'),(875,'Viroviticko-podravska upanija',54,1,'2024-10-24 03:58:35','2024-10-24 03:58:35'),(876,'Zadarska upanija',54,1,'2024-10-24 03:58:35','2024-10-24 03:58:35'),(877,'Zagrebacka upanija',54,1,'2024-10-24 03:58:35','2024-10-24 03:58:35'),(878,'Bjelovarsko-bilogorska upanija',54,1,'2024-10-24 03:58:35','2024-10-24 03:58:35'),(879,'Koprivnicko-krievacka upanija',54,1,'2024-10-24 03:58:35','2024-10-24 03:58:35'),(880,'Splitsko-dalmatinska upanija',54,1,'2024-10-24 03:58:35','2024-10-24 03:58:35'),(881,'Sisacko-moslavacka upanija',54,1,'2024-10-24 03:58:35','2024-10-24 03:58:35'),(882,'Poeko-slavonska upanija',54,1,'2024-10-24 03:58:35','2024-10-24 03:58:35'),(883,'Medimurska upanija',54,1,'2024-10-24 03:58:35','2024-10-24 03:58:35'),(884,'Ciudad de La Habana',55,1,'2024-10-24 03:58:35','2024-10-24 03:58:35'),(885,'Isla de la Juventud',55,1,'2024-10-24 03:58:35','2024-10-24 03:58:35'),(886,'Las Tunas',55,1,'2024-10-24 03:58:35','2024-10-24 03:58:35'),(887,'Matanzas',55,1,'2024-10-24 03:58:35','2024-10-24 03:58:35'),(888,'Sancti Spritus',55,1,'2024-10-24 03:58:35','2024-10-24 03:58:35'),(889,'Villa Clara',55,1,'2024-10-24 03:58:35','2024-10-24 03:58:35'),(890,'Camagey',55,1,'2024-10-24 03:58:35','2024-10-24 03:58:35'),(891,'Ciego de vila',55,1,'2024-10-24 03:58:35','2024-10-24 03:58:35'),(892,'Cienfuegos',55,1,'2024-10-24 03:58:35','2024-10-24 03:58:35'),(893,'Granma',55,1,'2024-10-24 03:58:35','2024-10-24 03:58:35'),(894,'Holgun',55,1,'2024-10-24 03:58:35','2024-10-24 03:58:35'),(895,'Guantnamo',55,1,'2024-10-24 03:58:35','2024-10-24 03:58:35'),(896,'Santiago de Cuba',55,1,'2024-10-24 03:58:35','2024-10-24 03:58:35'),(897,'La Habana',55,1,'2024-10-24 03:58:35','2024-10-24 03:58:35'),(898,'Pinar del Ro',55,1,'2024-10-24 03:58:35','2024-10-24 03:58:35'),(899,'Keryneia',56,1,'2024-10-24 03:58:35','2024-10-24 03:58:35'),(900,'Larnaka',56,1,'2024-10-24 03:58:35','2024-10-24 03:58:35'),(901,'Lefkosia',56,1,'2024-10-24 03:58:35','2024-10-24 03:58:35'),(902,'Lemesos',56,1,'2024-10-24 03:58:35','2024-10-24 03:58:35'),(903,'Pafos',56,1,'2024-10-24 03:58:35','2024-10-24 03:58:35'),(904,'Ammochostos',56,1,'2024-10-24 03:58:35','2024-10-24 03:58:35'),(905,'Karlovarsk kraj',57,1,'2024-10-24 03:58:35','2024-10-24 03:58:35'),(906,'Libereck kraj',57,1,'2024-10-24 03:58:35','2024-10-24 03:58:35'),(907,'Olomouck kraj',57,1,'2024-10-24 03:58:35','2024-10-24 03:58:35'),(908,'Plzensk kraj',57,1,'2024-10-24 03:58:35','2024-10-24 03:58:35'),(909,'Stredocesk kraj',57,1,'2024-10-24 03:58:35','2024-10-24 03:58:35'),(910,'Vysocina',57,1,'2024-10-24 03:58:35','2024-10-24 03:58:35'),(911,'Jihocesk kraj',57,1,'2024-10-24 03:58:35','2024-10-24 03:58:35'),(912,'Jihomoravsk kraj ',57,1,'2024-10-24 03:58:35','2024-10-24 03:58:35'),(913,'Krlovhradeck kraj',57,1,'2024-10-24 03:58:35','2024-10-24 03:58:35'),(914,'Moravskoslezsk kraj',57,1,'2024-10-24 03:58:35','2024-10-24 03:58:35'),(915,'Pardubick kraj',57,1,'2024-10-24 03:58:35','2024-10-24 03:58:35'),(916,'Praha, hlavn mesto',57,1,'2024-10-24 03:58:35','2024-10-24 03:58:35'),(917,'steck kraj ',57,1,'2024-10-24 03:58:35','2024-10-24 03:58:35'),(918,'Zlnsk kraj',57,1,'2024-10-24 03:58:35','2024-10-24 03:58:35'),(919,'Bornholm',58,1,'2024-10-24 03:58:35','2024-10-24 03:58:35'),(920,'Frederiksborg',58,1,'2024-10-24 03:58:35','2024-10-24 03:58:35'),(921,'Kbenhavn City',58,1,'2024-10-24 03:58:35','2024-10-24 03:58:35'),(922,'Ringkbing',58,1,'2024-10-24 03:58:35','2024-10-24 03:58:35'),(923,'Snderjylland',58,1,'2024-10-24 03:58:35','2024-10-24 03:58:35'),(924,'Storstrm',58,1,'2024-10-24 03:58:35','2024-10-24 03:58:35'),(925,'Vejle',58,1,'2024-10-24 03:58:35','2024-10-24 03:58:35'),(926,'Vestsjlland',58,1,'2024-10-24 03:58:35','2024-10-24 03:58:35'),(927,'Viborg',58,1,'2024-10-24 03:58:35','2024-10-24 03:58:35'),(928,'Fyn',58,1,'2024-10-24 03:58:35','2024-10-24 03:58:35'),(929,'Kbenhavn',58,1,'2024-10-24 03:58:35','2024-10-24 03:58:35'),(930,'Nordjylland',58,1,'2024-10-24 03:58:35','2024-10-24 03:58:35'),(931,'Ribe',58,1,'2024-10-24 03:58:35','2024-10-24 03:58:35'),(932,'Roskilde',58,1,'2024-10-24 03:58:35','2024-10-24 03:58:35'),(933,'rhus',58,1,'2024-10-24 03:58:35','2024-10-24 03:58:35'),(934,'Frederiksberg City',58,1,'2024-10-24 03:58:35','2024-10-24 03:58:35'),(935,'Capital',58,1,'2024-10-24 03:58:35','2024-10-24 03:58:35'),(936,'Central Jutland',58,1,'2024-10-24 03:58:35','2024-10-24 03:58:35'),(937,'North Jutland',58,1,'2024-10-24 03:58:35','2024-10-24 03:58:35'),(938,'Zeeland',58,1,'2024-10-24 03:58:35','2024-10-24 03:58:35'),(939,'South Denmark',58,1,'2024-10-24 03:58:35','2024-10-24 03:58:35'),(940,'Djibouti',59,1,'2024-10-24 03:58:35','2024-10-24 03:58:35'),(941,'Obock',59,1,'2024-10-24 03:58:35','2024-10-24 03:58:35'),(942,'Dikhil',59,1,'2024-10-24 03:58:35','2024-10-24 03:58:35'),(943,'Ali Sabieh',59,1,'2024-10-24 03:58:35','2024-10-24 03:58:35'),(944,'Tadjourah',59,1,'2024-10-24 03:58:35','2024-10-24 03:58:35'),(945,'Arta',59,1,'2024-10-24 03:58:35','2024-10-24 03:58:35'),(946,'Saint Patrick',60,1,'2024-10-24 03:58:35','2024-10-24 03:58:35'),(947,'Saint Andrew',60,1,'2024-10-24 03:58:35','2024-10-24 03:58:35'),(948,'Saint Paul',60,1,'2024-10-24 03:58:35','2024-10-24 03:58:35'),(949,'Saint Peter',60,1,'2024-10-24 03:58:35','2024-10-24 03:58:35'),(950,'Saint David',60,1,'2024-10-24 03:58:35','2024-10-24 03:58:35'),(951,'Saint Mark',60,1,'2024-10-24 03:58:35','2024-10-24 03:58:35'),(952,'Saint Joseph',60,1,'2024-10-24 03:58:35','2024-10-24 03:58:35'),(953,'Saint John',60,1,'2024-10-24 03:58:35','2024-10-24 03:58:35'),(954,'Saint George',60,1,'2024-10-24 03:58:35','2024-10-24 03:58:35'),(955,'Saint Luke',60,1,'2024-10-24 03:58:35','2024-10-24 03:58:35'),(956,'Barahona',61,1,'2024-10-24 03:58:35','2024-10-24 03:58:35'),(957,'La Romana',61,1,'2024-10-24 03:58:35','2024-10-24 03:58:35'),(958,'Bahoruco',61,1,'2024-10-24 03:58:35','2024-10-24 03:58:35'),(959,'Dajabn',61,1,'2024-10-24 03:58:35','2024-10-24 03:58:35'),(960,'Duarte',61,1,'2024-10-24 03:58:35','2024-10-24 03:58:35'),(961,'El Seybo [El Seibo]',61,1,'2024-10-24 03:58:35','2024-10-24 03:58:35'),(962,'Espaillat',61,1,'2024-10-24 03:58:35','2024-10-24 03:58:35'),(963,'Independencia',61,1,'2024-10-24 03:58:35','2024-10-24 03:58:35'),(964,'Mara Trinidad Snchez',61,1,'2024-10-24 03:58:35','2024-10-24 03:58:35'),(965,'Monte Cristi',61,1,'2024-10-24 03:58:35','2024-10-24 03:58:35'),(966,'Pedernales',61,1,'2024-10-24 03:58:35','2024-10-24 03:58:35'),(967,'Peravia',61,1,'2024-10-24 03:58:35','2024-10-24 03:58:35'),(968,'Salcedo',61,1,'2024-10-24 03:58:35','2024-10-24 03:58:35'),(969,'Snchez Ramrez',61,1,'2024-10-24 03:58:35','2024-10-24 03:58:35'),(970,'San Jose de Ocoa',61,1,'2024-10-24 03:58:35','2024-10-24 03:58:35'),(971,'San Pedro de Macors',61,1,'2024-10-24 03:58:35','2024-10-24 03:58:35'),(972,'Santiago Rodrguez',61,1,'2024-10-24 03:58:35','2024-10-24 03:58:35'),(973,'Valverde',61,1,'2024-10-24 03:58:35','2024-10-24 03:58:35'),(974,'Azua',61,1,'2024-10-24 03:58:35','2024-10-24 03:58:35'),(975,'La Estrelleta [Elas Pia]',61,1,'2024-10-24 03:58:35','2024-10-24 03:58:35'),(976,'Hato Mayor',61,1,'2024-10-24 03:58:35','2024-10-24 03:58:35'),(977,'La Altagracia',61,1,'2024-10-24 03:58:35','2024-10-24 03:58:35'),(978,'La Vega',61,1,'2024-10-24 03:58:35','2024-10-24 03:58:35'),(979,'Monseor Nouel',61,1,'2024-10-24 03:58:35','2024-10-24 03:58:35'),(980,'Monte Plata',61,1,'2024-10-24 03:58:35','2024-10-24 03:58:35'),(981,'Puerto Plata',61,1,'2024-10-24 03:58:35','2024-10-24 03:58:35'),(982,'Saman',61,1,'2024-10-24 03:58:35','2024-10-24 03:58:35'),(983,'San Cristbal',61,1,'2024-10-24 03:58:35','2024-10-24 03:58:35'),(984,'San Juan',61,1,'2024-10-24 03:58:35','2024-10-24 03:58:35'),(985,'Santiago',61,1,'2024-10-24 03:58:35','2024-10-24 03:58:35'),(986,'Distrito Nacional (Santo Domingo)',61,1,'2024-10-24 03:58:35','2024-10-24 03:58:35'),(987,'Zamora-Chinchipe',62,1,'2024-10-24 03:58:35','2024-10-24 03:58:35'),(988,'Sucumbos',62,1,'2024-10-24 03:58:35','2024-10-24 03:58:35'),(989,'Pastaza',62,1,'2024-10-24 03:58:35','2024-10-24 03:58:35'),(990,'Napo',62,1,'2024-10-24 03:58:35','2024-10-24 03:58:35'),(991,'Azuay',62,1,'2024-10-24 03:58:35','2024-10-24 03:58:35'),(992,'Bolvar',62,1,'2024-10-24 03:58:35','2024-10-24 03:58:35'),(993,'Carchi',62,1,'2024-10-24 03:58:35','2024-10-24 03:58:35'),(994,'Cotopaxi',62,1,'2024-10-24 03:58:35','2024-10-24 03:58:35'),(995,'El Oro',62,1,'2024-10-24 03:58:35','2024-10-24 03:58:35'),(996,'Galpagos',62,1,'2024-10-24 03:58:35','2024-10-24 03:58:35'),(997,'Guayas',62,1,'2024-10-24 03:58:35','2024-10-24 03:58:35'),(998,'Loja',62,1,'2024-10-24 03:58:35','2024-10-24 03:58:35'),(999,'Caar',62,1,'2024-10-24 03:58:35','2024-10-24 03:58:35'),(1000,'Chimborazo',62,1,'2024-10-24 03:58:35','2024-10-24 03:58:35'),(1001,'Esmeraldas',62,1,'2024-10-24 03:58:35','2024-10-24 03:58:35'),(1002,'Imbabura',62,1,'2024-10-24 03:58:35','2024-10-24 03:58:35'),(1003,'Los Ros',62,1,'2024-10-24 03:58:35','2024-10-24 03:58:35'),(1004,'Manab',62,1,'2024-10-24 03:58:35','2024-10-24 03:58:35'),(1005,'Morona-Santiago',62,1,'2024-10-24 03:58:35','2024-10-24 03:58:35'),(1006,'Orellana',62,1,'2024-10-24 03:58:35','2024-10-24 03:58:35'),(1007,'Pichincha',62,1,'2024-10-24 03:58:35','2024-10-24 03:58:35'),(1008,'Tungurahua',62,1,'2024-10-24 03:58:35','2024-10-24 03:58:35'),(1009,'Santa Elena',62,1,'2024-10-24 03:58:35','2024-10-24 03:58:35'),(1010,'Santo Domingo de los Tsachilas',62,1,'2024-10-24 03:58:35','2024-10-24 03:58:35'),(1011,'Al Wadi al Jadid',63,1,'2024-10-24 03:58:35','2024-10-24 03:58:35'),(1012,'al-Uqsur',63,1,'2024-10-24 03:58:35','2024-10-24 03:58:35'),(1013,'Shamal Sina',63,1,'2024-10-24 03:58:35','2024-10-24 03:58:35'),(1014,'Al Minya',63,1,'2024-10-24 03:58:35','2024-10-24 03:58:35'),(1015,'Kafr ash Shaykh',63,1,'2024-10-24 03:58:35','2024-10-24 03:58:35'),(1016,'Br Sa`d',63,1,'2024-10-24 03:58:35','2024-10-24 03:58:35'),(1017,'Dumyat',63,1,'2024-10-24 03:58:35','2024-10-24 03:58:35'),(1018,'Al Iskandariyah',63,1,'2024-10-24 03:58:35','2024-10-24 03:58:35'),(1019,'Al Jizah',63,1,'2024-10-24 03:58:35','2024-10-24 03:58:35'),(1020,'Matrh',63,1,'2024-10-24 03:58:35','2024-10-24 03:58:35'),(1021,'Al Qahirah',63,1,'2024-10-24 03:58:35','2024-10-24 03:58:35'),(1022,'Qina',63,1,'2024-10-24 03:58:35','2024-10-24 03:58:35'),(1023,'Ash Sharqiyah',63,1,'2024-10-24 03:58:35','2024-10-24 03:58:35'),(1024,'As Suways',63,1,'2024-10-24 03:58:35','2024-10-24 03:58:35'),(1025,'Aswan',63,1,'2024-10-24 03:58:35','2024-10-24 03:58:35'),(1026,'Bani Suwayf',63,1,'2024-10-24 03:58:35','2024-10-24 03:58:35'),(1027,'Asyut',63,1,'2024-10-24 03:58:35','2024-10-24 03:58:35'),(1028,'Al Bahr al Ahmar',63,1,'2024-10-24 03:58:35','2024-10-24 03:58:35'),(1029,'Al Buhayrah',63,1,'2024-10-24 03:58:35','2024-10-24 03:58:35'),(1030,'Ad Daqahliyah',63,1,'2024-10-24 03:58:35','2024-10-24 03:58:35'),(1031,'Al Fayyum',63,1,'2024-10-24 03:58:35','2024-10-24 03:58:35'),(1032,'Al Gharbiyah',63,1,'2024-10-24 03:58:35','2024-10-24 03:58:35'),(1033,'Al Ism`lyah',63,1,'2024-10-24 03:58:35','2024-10-24 03:58:35'),(1034,'Janub Sina',63,1,'2024-10-24 03:58:35','2024-10-24 03:58:35'),(1035,'Al Minufiyah',63,1,'2024-10-24 03:58:35','2024-10-24 03:58:35'),(1036,'Al Qalyubiyah',63,1,'2024-10-24 03:58:35','2024-10-24 03:58:35'),(1037,'Suhaj',63,1,'2024-10-24 03:58:35','2024-10-24 03:58:35'),(1038,'As Sdis min Uktbar',63,1,'2024-10-24 03:58:35','2024-10-24 03:58:35'),(1039,'Hulwn',63,1,'2024-10-24 03:58:35','2024-10-24 03:58:35'),(1040,'Usulutn',64,1,'2024-10-24 03:58:35','2024-10-24 03:58:35'),(1041,'San Vicente',64,1,'2024-10-24 03:58:35','2024-10-24 03:58:35'),(1042,'Morazn',64,1,'2024-10-24 03:58:35','2024-10-24 03:58:35'),(1043,'Chalatenango',64,1,'2024-10-24 03:58:35','2024-10-24 03:58:35'),(1044,'Ahuachapn',64,1,'2024-10-24 03:58:35','2024-10-24 03:58:35'),(1045,'Cabaas',64,1,'2024-10-24 03:58:35','2024-10-24 03:58:35'),(1046,'Cuscatln',64,1,'2024-10-24 03:58:35','2024-10-24 03:58:35'),(1047,'La Paz',64,1,'2024-10-24 03:58:35','2024-10-24 03:58:35'),(1048,'La Unin',64,1,'2024-10-24 03:58:35','2024-10-24 03:58:35'),(1049,'San Miguel',64,1,'2024-10-24 03:58:35','2024-10-24 03:58:35'),(1050,'Santa Ana',64,1,'2024-10-24 03:58:35','2024-10-24 03:58:35'),(1051,'Sonsonate',64,1,'2024-10-24 03:58:35','2024-10-24 03:58:35'),(1052,'La Libertad',64,1,'2024-10-24 03:58:35','2024-10-24 03:58:35'),(1053,'San Salvador',64,1,'2024-10-24 03:58:35','2024-10-24 03:58:35'),(1054,'Wele-Nzs',65,1,'2024-10-24 03:58:35','2024-10-24 03:58:35'),(1055,'Kie-Ntem',65,1,'2024-10-24 03:58:35','2024-10-24 03:58:35'),(1056,'Litoral',65,1,'2024-10-24 03:58:35','2024-10-24 03:58:35'),(1057,'Bioko Norte',65,1,'2024-10-24 03:58:35','2024-10-24 03:58:35'),(1058,'Centro Sur',65,1,'2024-10-24 03:58:35','2024-10-24 03:58:35'),(1059,'Bioko Sur',65,1,'2024-10-24 03:58:35','2024-10-24 03:58:35'),(1060,'Annobn',65,1,'2024-10-24 03:58:35','2024-10-24 03:58:35'),(1061,'Regin Continental',65,1,'2024-10-24 03:58:35','2024-10-24 03:58:35'),(1062,'Regin Insular',65,1,'2024-10-24 03:58:35','2024-10-24 03:58:35'),(1063,'Semenawi Keyih Bahri [Semien-Keih-Bahri]',66,1,'2024-10-24 03:58:35','2024-10-24 03:58:35'),(1064,'Gash-Barka',66,1,'2024-10-24 03:58:35','2024-10-24 03:58:35'),(1065,'Anseba',66,1,'2024-10-24 03:58:35','2024-10-24 03:58:35'),(1066,'Debubawi Keyih Bahri [Debub-Keih-Bahri]',66,1,'2024-10-24 03:58:35','2024-10-24 03:58:35'),(1067,'Maakel [Maekel]',66,1,'2024-10-24 03:58:35','2024-10-24 03:58:35'),(1068,'Debub',66,1,'2024-10-24 03:58:35','2024-10-24 03:58:35'),(1069,'Vrumaa',67,1,'2024-10-24 03:58:35','2024-10-24 03:58:35'),(1070,'Raplamaa',67,1,'2024-10-24 03:58:35','2024-10-24 03:58:35'),(1071,'Viljandimaa',67,1,'2024-10-24 03:58:35','2024-10-24 03:58:35'),(1072,'Saaremaa',67,1,'2024-10-24 03:58:35','2024-10-24 03:58:35'),(1073,'Ida-Virumaa',67,1,'2024-10-24 03:58:35','2024-10-24 03:58:35'),(1074,'Jgevamaa',67,1,'2024-10-24 03:58:35','2024-10-24 03:58:35'),(1075,'Lnemaa',67,1,'2024-10-24 03:58:35','2024-10-24 03:58:35'),(1076,'Prnumaa',67,1,'2024-10-24 03:58:35','2024-10-24 03:58:35'),(1077,'Plvamaa',67,1,'2024-10-24 03:58:35','2024-10-24 03:58:35'),(1078,'Valgamaa',67,1,'2024-10-24 03:58:35','2024-10-24 03:58:35'),(1079,'Jrvamaa',67,1,'2024-10-24 03:58:35','2024-10-24 03:58:35'),(1080,'Harjumaa',67,1,'2024-10-24 03:58:35','2024-10-24 03:58:35'),(1081,'Hiiumaa',67,1,'2024-10-24 03:58:35','2024-10-24 03:58:35'),(1082,'Lne-Virumaa',67,1,'2024-10-24 03:58:35','2024-10-24 03:58:35'),(1083,'Tartumaa',67,1,'2024-10-24 03:58:35','2024-10-24 03:58:35'),(1084,'YeDebub Biheroch Bihereseboch na Hizboch',68,1,'2024-10-24 03:58:35','2024-10-24 03:58:35'),(1085,'Amara',68,1,'2024-10-24 03:58:35','2024-10-24 03:58:35'),(1086,'Tigray',68,1,'2024-10-24 03:58:35','2024-10-24 03:58:35'),(1087,'Adis Abeba',68,1,'2024-10-24 03:58:35','2024-10-24 03:58:35'),(1088,'Afar',68,1,'2024-10-24 03:58:35','2024-10-24 03:58:35'),(1089,'Binshangul Gumuz',68,1,'2024-10-24 03:58:35','2024-10-24 03:58:35'),(1090,'Sumale',68,1,'2024-10-24 03:58:35','2024-10-24 03:58:35'),(1091,'Hareri Hizb',68,1,'2024-10-24 03:58:35','2024-10-24 03:58:35'),(1092,'Gambela Hizboch',68,1,'2024-10-24 03:58:35','2024-10-24 03:58:35'),(1093,'Dire Dawa',68,1,'2024-10-24 03:58:35','2024-10-24 03:58:35'),(1094,'Oromiya',68,1,'2024-10-24 03:58:35','2024-10-24 03:58:35'),(1095,'Western',71,1,'2024-10-24 03:58:35','2024-10-24 03:58:35'),(1096,'Eastern',71,1,'2024-10-24 03:58:35','2024-10-24 03:58:35'),(1097,'Central',71,1,'2024-10-24 03:58:35','2024-10-24 03:58:35'),(1098,'Northern',71,1,'2024-10-24 03:58:35','2024-10-24 03:58:35'),(1099,'Rotuma',71,1,'2024-10-24 03:58:35','2024-10-24 03:58:35'),(1100,'Lapin lni',72,1,'2024-10-24 03:58:35','2024-10-24 03:58:35'),(1101,'Ahvenanmaan lni',72,1,'2024-10-24 03:58:35','2024-10-24 03:58:35'),(1102,'It-Suomen lni',72,1,'2024-10-24 03:58:35','2024-10-24 03:58:35'),(1103,'Etel-Suomen lni',72,1,'2024-10-24 03:58:35','2024-10-24 03:58:35'),(1104,'Lnsi-Suomen lni',72,1,'2024-10-24 03:58:35','2024-10-24 03:58:35'),(1105,'Oulun lni',72,1,'2024-10-24 03:58:35','2024-10-24 03:58:35'),(1106,'Yvelines',73,1,'2024-10-24 03:58:35','2024-10-24 03:58:35'),(1107,'Vosges',73,1,'2024-10-24 03:58:35','2024-10-24 03:58:35'),(1108,'Val-d Oise',73,1,'2024-10-24 03:58:35','2024-10-24 03:58:35'),(1109,'Seine-Maritime',73,1,'2024-10-24 03:58:35','2024-10-24 03:58:35'),(1110,'Somme',73,1,'2024-10-24 03:58:35','2024-10-24 03:58:35'),(1111,'Tarn-et-Garonne',73,1,'2024-10-24 03:58:35','2024-10-24 03:58:35'),(1112,'Vaucluse',73,1,'2024-10-24 03:58:35','2024-10-24 03:58:35'),(1113,'Savoie',73,1,'2024-10-24 03:58:35','2024-10-24 03:58:35'),(1114,'Allier',73,1,'2024-10-24 03:58:35','2024-10-24 03:58:35'),(1115,'Alpes-Maritimes',73,1,'2024-10-24 03:58:35','2024-10-24 03:58:35'),(1116,'Ardennes',73,1,'2024-10-24 03:58:35','2024-10-24 03:58:35'),(1117,'Aude',73,1,'2024-10-24 03:58:35','2024-10-24 03:58:35'),(1118,'Bas-Rhin',73,1,'2024-10-24 03:58:35','2024-10-24 03:58:35'),(1119,'Mayotte',73,1,'2024-10-24 03:58:35','2024-10-24 03:58:35'),(1120,'Nouvelle-Caldonie',73,1,'2024-10-24 03:58:35','2024-10-24 03:58:35'),(1121,'Polynsie franaise',73,1,'2024-10-24 03:58:35','2024-10-24 03:58:35'),(1122,'Saint-Pierre-et-Miquelon',73,1,'2024-10-24 03:58:35','2024-10-24 03:58:35'),(1123,'Terres Australes Franaises',73,1,'2024-10-24 03:58:35','2024-10-24 03:58:35'),(1124,'Wallis et Futuna',73,1,'2024-10-24 03:58:35','2024-10-24 03:58:35'),(1125,'Clipperton',73,1,'2024-10-24 03:58:35','2024-10-24 03:58:35'),(1126,'Saint-Barthlemy',73,1,'2024-10-24 03:58:35','2024-10-24 03:58:35'),(1127,'Saint-Martin',73,1,'2024-10-24 03:58:35','2024-10-24 03:58:35'),(1128,'Calvados',73,1,'2024-10-24 03:58:35','2024-10-24 03:58:35'),(1129,'Charente',73,1,'2024-10-24 03:58:35','2024-10-24 03:58:35'),(1130,'Ain',73,1,'2024-10-24 03:58:35','2024-10-24 03:58:35'),(1131,'Aisne',73,1,'2024-10-24 03:58:35','2024-10-24 03:58:35'),(1132,'Alpes-de-Haute-Provence',73,1,'2024-10-24 03:58:35','2024-10-24 03:58:35'),(1133,'Ardche',73,1,'2024-10-24 03:58:35','2024-10-24 03:58:35'),(1134,'Arige',73,1,'2024-10-24 03:58:35','2024-10-24 03:58:35'),(1135,'Aube',73,1,'2024-10-24 03:58:35','2024-10-24 03:58:35'),(1136,'Aveyron',73,1,'2024-10-24 03:58:35','2024-10-24 03:58:35'),(1137,'Bouches-du-Rhne',73,1,'2024-10-24 03:58:35','2024-10-24 03:58:35'),(1138,'Cantal',73,1,'2024-10-24 03:58:35','2024-10-24 03:58:35'),(1139,'Charente-Maritime',73,1,'2024-10-24 03:58:35','2024-10-24 03:58:35'),(1140,'Cher',73,1,'2024-10-24 03:58:35','2024-10-24 03:58:35'),(1141,'Corse-du-Sud',73,1,'2024-10-24 03:58:35','2024-10-24 03:58:35'),(1142,'Haute-Corse',73,1,'2024-10-24 03:58:35','2024-10-24 03:58:35'),(1143,'Haute-Loire',73,1,'2024-10-24 03:58:35','2024-10-24 03:58:35'),(1144,'Hautes-Alpes',73,1,'2024-10-24 03:58:35','2024-10-24 03:58:35'),(1145,'Haute-Savoie',73,1,'2024-10-24 03:58:35','2024-10-24 03:58:35'),(1146,'Hautes-Pyrnes',73,1,'2024-10-24 03:58:35','2024-10-24 03:58:35'),(1147,'Haut-Rhin',73,1,'2024-10-24 03:58:35','2024-10-24 03:58:35'),(1148,'Hrault',73,1,'2024-10-24 03:58:35','2024-10-24 03:58:35'),(1149,'Indre',73,1,'2024-10-24 03:58:35','2024-10-24 03:58:35'),(1150,'Indre-et-Loire',73,1,'2024-10-24 03:58:35','2024-10-24 03:58:35'),(1151,'Jura',73,1,'2024-10-24 03:58:35','2024-10-24 03:58:35'),(1152,'Loire',73,1,'2024-10-24 03:58:35','2024-10-24 03:58:35'),(1153,'Loiret',73,1,'2024-10-24 03:58:35','2024-10-24 03:58:35'),(1154,'Loir-et-Cher',73,1,'2024-10-24 03:58:35','2024-10-24 03:58:35'),(1155,'Lot-et-Garonne',73,1,'2024-10-24 03:58:35','2024-10-24 03:58:35'),(1156,'Maine-et-Loire',73,1,'2024-10-24 03:58:35','2024-10-24 03:58:35'),(1157,'Marne',73,1,'2024-10-24 03:58:35','2024-10-24 03:58:35'),(1158,'Mayenne',73,1,'2024-10-24 03:58:35','2024-10-24 03:58:35'),(1159,'Meuse',73,1,'2024-10-24 03:58:35','2024-10-24 03:58:35'),(1160,'Moselle',73,1,'2024-10-24 03:58:35','2024-10-24 03:58:35'),(1161,'Nord',73,1,'2024-10-24 03:58:35','2024-10-24 03:58:35'),(1162,'Oise',73,1,'2024-10-24 03:58:35','2024-10-24 03:58:35'),(1163,'Paris',73,1,'2024-10-24 03:58:35','2024-10-24 03:58:35'),(1164,'Puy-de-Dme',73,1,'2024-10-24 03:58:35','2024-10-24 03:58:35'),(1165,'Pyrnes-Orientales',73,1,'2024-10-24 03:58:35','2024-10-24 03:58:35'),(1166,'Rhne',73,1,'2024-10-24 03:58:35','2024-10-24 03:58:35'),(1167,'Sarthe',73,1,'2024-10-24 03:58:35','2024-10-24 03:58:35'),(1168,'Seine-et-Marne',73,1,'2024-10-24 03:58:35','2024-10-24 03:58:35'),(1169,'Seine-Saint-Denis',73,1,'2024-10-24 03:58:35','2024-10-24 03:58:35'),(1170,'Tarn',73,1,'2024-10-24 03:58:35','2024-10-24 03:58:35'),(1171,'Territoire de Belfort',73,1,'2024-10-24 03:58:35','2024-10-24 03:58:35'),(1172,'Val-de-Marne',73,1,'2024-10-24 03:58:35','2024-10-24 03:58:35'),(1173,'Var',73,1,'2024-10-24 03:58:35','2024-10-24 03:58:35'),(1174,'Vende',73,1,'2024-10-24 03:58:35','2024-10-24 03:58:35'),(1175,'Vienne',73,1,'2024-10-24 03:58:35','2024-10-24 03:58:35'),(1176,'Yonne',73,1,'2024-10-24 03:58:35','2024-10-24 03:58:35'),(1177,'Corrze',73,1,'2024-10-24 03:58:35','2024-10-24 03:58:35'),(1178,'Cte-d Or',73,1,'2024-10-24 03:58:35','2024-10-24 03:58:35'),(1179,'Ctes-d Armor',73,1,'2024-10-24 03:58:35','2024-10-24 03:58:35'),(1180,'Creuse',73,1,'2024-10-24 03:58:35','2024-10-24 03:58:35'),(1181,'Deux-Svres',73,1,'2024-10-24 03:58:35','2024-10-24 03:58:35'),(1182,'Dordogne',73,1,'2024-10-24 03:58:35','2024-10-24 03:58:35'),(1183,'Doubs',73,1,'2024-10-24 03:58:35','2024-10-24 03:58:35'),(1184,'Lozre',73,1,'2024-10-24 03:58:35','2024-10-24 03:58:35'),(1185,'Manche',73,1,'2024-10-24 03:58:35','2024-10-24 03:58:35'),(1186,'Meurthe-et-Moselle',73,1,'2024-10-24 03:58:35','2024-10-24 03:58:35'),(1187,'Morbihan',73,1,'2024-10-24 03:58:35','2024-10-24 03:58:35'),(1188,'Nivre',73,1,'2024-10-24 03:58:35','2024-10-24 03:58:35'),(1189,'Orne',73,1,'2024-10-24 03:58:35','2024-10-24 03:58:35'),(1190,'Pas-de-Calais',73,1,'2024-10-24 03:58:35','2024-10-24 03:58:35'),(1191,'Pyrnes-Atlantiques',73,1,'2024-10-24 03:58:35','2024-10-24 03:58:35'),(1192,'Sane-et-Loire',73,1,'2024-10-24 03:58:35','2024-10-24 03:58:35'),(1193,'Haute-Marne',73,1,'2024-10-24 03:58:35','2024-10-24 03:58:35'),(1194,'Haute-Sane',73,1,'2024-10-24 03:58:35','2024-10-24 03:58:35'),(1195,'Haute-Vienne',73,1,'2024-10-24 03:58:35','2024-10-24 03:58:35'),(1196,'Hauts-de-Seine',73,1,'2024-10-24 03:58:35','2024-10-24 03:58:35'),(1197,'Ille-et-Vilaine',73,1,'2024-10-24 03:58:35','2024-10-24 03:58:35'),(1198,'Isre',73,1,'2024-10-24 03:58:35','2024-10-24 03:58:35'),(1199,'Landes',73,1,'2024-10-24 03:58:35','2024-10-24 03:58:35'),(1200,'Loire-Atlantique',73,1,'2024-10-24 03:58:35','2024-10-24 03:58:35'),(1201,'Lot',73,1,'2024-10-24 03:58:35','2024-10-24 03:58:35'),(1202,'Drme',73,1,'2024-10-24 03:58:35','2024-10-24 03:58:35'),(1203,'Essonne',73,1,'2024-10-24 03:58:35','2024-10-24 03:58:35'),(1204,'Eure',73,1,'2024-10-24 03:58:35','2024-10-24 03:58:35'),(1205,'Eure-et-Loir',73,1,'2024-10-24 03:58:35','2024-10-24 03:58:35'),(1206,'Finistre',73,1,'2024-10-24 03:58:35','2024-10-24 03:58:35'),(1207,'Gard',73,1,'2024-10-24 03:58:35','2024-10-24 03:58:35'),(1208,'Gers',73,1,'2024-10-24 03:58:35','2024-10-24 03:58:35'),(1209,'Gironde',73,1,'2024-10-24 03:58:35','2024-10-24 03:58:35'),(1210,'Haute-Garonne',73,1,'2024-10-24 03:58:35','2024-10-24 03:58:35'),(1211,'Iles Eparses',76,1,'2024-10-24 03:58:35','2024-10-24 03:58:35'),(1212,'Ile Saint-Paul et Ile Amsterdam',76,1,'2024-10-24 03:58:35','2024-10-24 03:58:35'),(1213,'Crozet Islands',76,1,'2024-10-24 03:58:35','2024-10-24 03:58:35'),(1214,'Kerguelen',76,1,'2024-10-24 03:58:35','2024-10-24 03:58:35'),(1215,'Woleu-Ntem',77,1,'2024-10-24 03:58:35','2024-10-24 03:58:35'),(1216,'Estuaire',77,1,'2024-10-24 03:58:35','2024-10-24 03:58:35'),(1217,'Ogoou-Maritime',77,1,'2024-10-24 03:58:35','2024-10-24 03:58:35'),(1218,'Moyen-Ogoou',77,1,'2024-10-24 03:58:35','2024-10-24 03:58:35'),(1219,'Ogoou-Ivindo',77,1,'2024-10-24 03:58:35','2024-10-24 03:58:35'),(1220,'Ogoou-Lolo',77,1,'2024-10-24 03:58:35','2024-10-24 03:58:35'),(1221,'Ngouni',77,1,'2024-10-24 03:58:35','2024-10-24 03:58:35'),(1222,'Haut-Ogoou',77,1,'2024-10-24 03:58:35','2024-10-24 03:58:35'),(1223,'Nyanga',77,1,'2024-10-24 03:58:35','2024-10-24 03:58:35'),(1224,'MacCarthy Island',78,1,'2024-10-24 03:58:35','2024-10-24 03:58:35'),(1225,'Banjul',78,1,'2024-10-24 03:58:35','2024-10-24 03:58:35'),(1226,'Upper River',78,1,'2024-10-24 03:58:35','2024-10-24 03:58:35'),(1227,'Western',78,1,'2024-10-24 03:58:35','2024-10-24 03:58:35'),(1228,'North Bank',78,1,'2024-10-24 03:58:35','2024-10-24 03:58:35'),(1229,'Lower River',78,1,'2024-10-24 03:58:35','2024-10-24 03:58:35'),(1230,'Tbilisi',79,1,'2024-10-24 03:58:35','2024-10-24 03:58:35'),(1231,'Ajaria',79,1,'2024-10-24 03:58:35','2024-10-24 03:58:35'),(1232,'Guria',79,1,'2024-10-24 03:58:35','2024-10-24 03:58:35'),(1233,'Kakheti',79,1,'2024-10-24 03:58:35','2024-10-24 03:58:35'),(1234,'Racha-Lechkhumi [and] Kvemo Svaneti',79,1,'2024-10-24 03:58:35','2024-10-24 03:58:35'),(1235,'Kvemo Kartli',79,1,'2024-10-24 03:58:35','2024-10-24 03:58:35'),(1236,'Imereti',79,1,'2024-10-24 03:58:35','2024-10-24 03:58:35'),(1237,'Abkhazia',79,1,'2024-10-24 03:58:35','2024-10-24 03:58:35'),(1238,'Samtskhe-Javakheti',79,1,'2024-10-24 03:58:35','2024-10-24 03:58:35'),(1239,'Shida Kartli',79,1,'2024-10-24 03:58:35','2024-10-24 03:58:35'),(1240,'Mtskheta-Mtianeti',79,1,'2024-10-24 03:58:35','2024-10-24 03:58:35'),(1241,'Samegrelo-Zemo Svaneti',79,1,'2024-10-24 03:58:35','2024-10-24 03:58:35'),(1242,'Bayern',80,1,'2024-10-24 03:58:35','2024-10-24 03:58:35'),(1243,'Brandenburg',80,1,'2024-10-24 03:58:35','2024-10-24 03:58:35'),(1244,'Hamburg',80,1,'2024-10-24 03:58:35','2024-10-24 03:58:35'),(1245,'Mecklenburg-Vorpommern',80,1,'2024-10-24 03:58:35','2024-10-24 03:58:35'),(1246,'Nordrhein-Westfalen',80,1,'2024-10-24 03:58:35','2024-10-24 03:58:35'),(1247,'Saarland',80,1,'2024-10-24 03:58:35','2024-10-24 03:58:35'),(1248,'Sachsen-Anhalt',80,1,'2024-10-24 03:58:35','2024-10-24 03:58:35'),(1249,'Thringen',80,1,'2024-10-24 03:58:35','2024-10-24 03:58:35'),(1250,'Baden-Wrttemberg',80,1,'2024-10-24 03:58:35','2024-10-24 03:58:35'),(1251,'Berlin',80,1,'2024-10-24 03:58:35','2024-10-24 03:58:35'),(1252,'Bremen',80,1,'2024-10-24 03:58:35','2024-10-24 03:58:35'),(1253,'Hessen',80,1,'2024-10-24 03:58:35','2024-10-24 03:58:35'),(1254,'Niedersachsen',80,1,'2024-10-24 03:58:35','2024-10-24 03:58:35'),(1255,'Rheinland-Pfalz',80,1,'2024-10-24 03:58:35','2024-10-24 03:58:35'),(1256,'Sachsen',80,1,'2024-10-24 03:58:35','2024-10-24 03:58:35'),(1257,'Schleswig-Holstein',80,1,'2024-10-24 03:58:35','2024-10-24 03:58:35'),(1258,'Upper West',81,1,'2024-10-24 03:58:35','2024-10-24 03:58:35'),(1259,'Western',81,1,'2024-10-24 03:58:35','2024-10-24 03:58:35'),(1260,'Greater Accra',81,1,'2024-10-24 03:58:35','2024-10-24 03:58:35'),(1261,'Brong-Ahafo',81,1,'2024-10-24 03:58:35','2024-10-24 03:58:35'),(1262,'Volta',81,1,'2024-10-24 03:58:35','2024-10-24 03:58:35'),(1263,'Northern',81,1,'2024-10-24 03:58:35','2024-10-24 03:58:35'),(1264,'Ashanti',81,1,'2024-10-24 03:58:35','2024-10-24 03:58:35'),(1265,'Central',81,1,'2024-10-24 03:58:35','2024-10-24 03:58:35'),(1266,'Eastern',81,1,'2024-10-24 03:58:35','2024-10-24 03:58:35'),(1267,'Upper East',81,1,'2024-10-24 03:58:35','2024-10-24 03:58:35'),(1268,'Xanthi',83,1,'2024-10-24 03:58:35','2024-10-24 03:58:35'),(1269,'Trikala',83,1,'2024-10-24 03:58:35','2024-10-24 03:58:35'),(1270,'Thesprotia',83,1,'2024-10-24 03:58:35','2024-10-24 03:58:35'),(1271,'Samos',83,1,'2024-10-24 03:58:35','2024-10-24 03:58:35'),(1272,'Pieria',83,1,'2024-10-24 03:58:35','2024-10-24 03:58:35'),(1273,'Lesvos',83,1,'2024-10-24 03:58:35','2024-10-24 03:58:35'),(1274,'Achaa',83,1,'2024-10-24 03:58:35','2024-10-24 03:58:35'),(1275,'Argolida',83,1,'2024-10-24 03:58:35','2024-10-24 03:58:35'),(1276,'Attiki',83,1,'2024-10-24 03:58:35','2024-10-24 03:58:35'),(1277,'Agio Oros',83,1,'2024-10-24 03:58:35','2024-10-24 03:58:35'),(1278,'Evrytania',83,1,'2024-10-24 03:58:35','2024-10-24 03:58:35'),(1279,'Evvoia',83,1,'2024-10-24 03:58:35','2024-10-24 03:58:35'),(1280,'Fthiotida',83,1,'2024-10-24 03:58:35','2024-10-24 03:58:35'),(1281,'Chalkidiki',83,1,'2024-10-24 03:58:35','2024-10-24 03:58:35'),(1282,'Chios',83,1,'2024-10-24 03:58:35','2024-10-24 03:58:35'),(1283,'Aitolia kai Akarnania',83,1,'2024-10-24 03:58:35','2024-10-24 03:58:35'),(1284,'Arkadia',83,1,'2024-10-24 03:58:35','2024-10-24 03:58:35'),(1285,'Arta',83,1,'2024-10-24 03:58:35','2024-10-24 03:58:35'),(1286,'Dodekanisos',83,1,'2024-10-24 03:58:35','2024-10-24 03:58:35'),(1287,'Drama',83,1,'2024-10-24 03:58:35','2024-10-24 03:58:35'),(1288,'Evros',83,1,'2024-10-24 03:58:35','2024-10-24 03:58:35'),(1289,'Florina',83,1,'2024-10-24 03:58:35','2024-10-24 03:58:35'),(1290,'Fokida',83,1,'2024-10-24 03:58:35','2024-10-24 03:58:35'),(1291,'Grevena',83,1,'2024-10-24 03:58:35','2024-10-24 03:58:35'),(1292,'Chania',83,1,'2024-10-24 03:58:35','2024-10-24 03:58:35'),(1293,'Ileia',83,1,'2024-10-24 03:58:35','2024-10-24 03:58:35'),(1294,'Irakleio',83,1,'2024-10-24 03:58:35','2024-10-24 03:58:35'),(1295,'Karditsa',83,1,'2024-10-24 03:58:35','2024-10-24 03:58:35'),(1296,'Kavala',83,1,'2024-10-24 03:58:35','2024-10-24 03:58:35'),(1297,'Kyklades',83,1,'2024-10-24 03:58:35','2024-10-24 03:58:35'),(1298,'Korinthia',83,1,'2024-10-24 03:58:35','2024-10-24 03:58:35'),(1299,'Lakonia',83,1,'2024-10-24 03:58:35','2024-10-24 03:58:35'),(1300,'Lasithi',83,1,'2024-10-24 03:58:35','2024-10-24 03:58:35'),(1301,'Lefkada',83,1,'2024-10-24 03:58:35','2024-10-24 03:58:35'),(1302,'Messinia',83,1,'2024-10-24 03:58:35','2024-10-24 03:58:35'),(1303,'Pella',83,1,'2024-10-24 03:58:35','2024-10-24 03:58:35'),(1304,'Preveza',83,1,'2024-10-24 03:58:35','2024-10-24 03:58:35'),(1305,'Rodopi',83,1,'2024-10-24 03:58:35','2024-10-24 03:58:35'),(1306,'Serres',83,1,'2024-10-24 03:58:35','2024-10-24 03:58:35'),(1307,'Thessaloniki',83,1,'2024-10-24 03:58:35','2024-10-24 03:58:35'),(1308,'Voiotia',83,1,'2024-10-24 03:58:35','2024-10-24 03:58:35'),(1309,'Zakynthos',83,1,'2024-10-24 03:58:35','2024-10-24 03:58:35'),(1310,'Imathia',83,1,'2024-10-24 03:58:35','2024-10-24 03:58:35'),(1311,'Ioannina',83,1,'2024-10-24 03:58:35','2024-10-24 03:58:35'),(1312,'Kastoria',83,1,'2024-10-24 03:58:35','2024-10-24 03:58:35'),(1313,'Kefallonia',83,1,'2024-10-24 03:58:35','2024-10-24 03:58:35'),(1314,'Kerkyra',83,1,'2024-10-24 03:58:35','2024-10-24 03:58:35'),(1315,'Kilkis',83,1,'2024-10-24 03:58:35','2024-10-24 03:58:35'),(1316,'Kozani',83,1,'2024-10-24 03:58:35','2024-10-24 03:58:35'),(1317,'Larisa',83,1,'2024-10-24 03:58:35','2024-10-24 03:58:35'),(1318,'Magnisia',83,1,'2024-10-24 03:58:35','2024-10-24 03:58:35'),(1319,'Rethymno',83,1,'2024-10-24 03:58:35','2024-10-24 03:58:35'),(1320,'Kommune Kujalleq (kl)',84,1,'2024-10-24 03:58:35','2024-10-24 03:58:35'),(1321,'Kommuneqarfik Sermersooq (kl)',84,1,'2024-10-24 03:58:35','2024-10-24 03:58:35'),(1322,'Qaasuitsup Kommunia (kl)',84,1,'2024-10-24 03:58:35','2024-10-24 03:58:35'),(1323,'Qeqqata Kommunia (kl)',84,1,'2024-10-24 03:58:35','2024-10-24 03:58:35'),(1324,'Saint Mark',85,1,'2024-10-24 03:58:35','2024-10-24 03:58:35'),(1325,'Southern Grenadine Islands',85,1,'2024-10-24 03:58:35','2024-10-24 03:58:35'),(1326,'Saint Patrick',85,1,'2024-10-24 03:58:35','2024-10-24 03:58:35'),(1327,'Saint John',85,1,'2024-10-24 03:58:35','2024-10-24 03:58:35'),(1328,'Saint Andrew',85,1,'2024-10-24 03:58:35','2024-10-24 03:58:35'),(1329,'Saint George',85,1,'2024-10-24 03:58:35','2024-10-24 03:58:35'),(1330,'Saint David',85,1,'2024-10-24 03:58:35','2024-10-24 03:58:35'),(1331,'Totonicapn',88,1,'2024-10-24 03:58:35','2024-10-24 03:58:35'),(1332,'Solol',88,1,'2024-10-24 03:58:35','2024-10-24 03:58:35'),(1333,'San Marcos',88,1,'2024-10-24 03:58:35','2024-10-24 03:58:35'),(1334,'Retalhuleu',88,1,'2024-10-24 03:58:35','2024-10-24 03:58:35'),(1335,'Quetzaltenango',88,1,'2024-10-24 03:58:35','2024-10-24 03:58:35'),(1336,'Baja Verapaz',88,1,'2024-10-24 03:58:35','2024-10-24 03:58:35'),(1337,'Chiquimula',88,1,'2024-10-24 03:58:35','2024-10-24 03:58:35'),(1338,'Escuintla',88,1,'2024-10-24 03:58:35','2024-10-24 03:58:35'),(1339,'Guatemala',88,1,'2024-10-24 03:58:35','2024-10-24 03:58:35'),(1340,'Zacapa',88,1,'2024-10-24 03:58:35','2024-10-24 03:58:35'),(1341,'Alta Verapaz',88,1,'2024-10-24 03:58:35','2024-10-24 03:58:35'),(1342,'Chimaltenango',88,1,'2024-10-24 03:58:35','2024-10-24 03:58:35'),(1343,'El Progreso',88,1,'2024-10-24 03:58:35','2024-10-24 03:58:35'),(1344,'Huehuetenango',88,1,'2024-10-24 03:58:35','2024-10-24 03:58:35'),(1345,'Izabal',88,1,'2024-10-24 03:58:35','2024-10-24 03:58:35'),(1346,'Jalapa',88,1,'2024-10-24 03:58:35','2024-10-24 03:58:35'),(1347,'Jutiapa',88,1,'2024-10-24 03:58:35','2024-10-24 03:58:35'),(1348,'Petn',88,1,'2024-10-24 03:58:35','2024-10-24 03:58:35'),(1349,'Quich',88,1,'2024-10-24 03:58:35','2024-10-24 03:58:35'),(1350,'Sacatepquez',88,1,'2024-10-24 03:58:35','2024-10-24 03:58:35'),(1351,'Santa Rosa',88,1,'2024-10-24 03:58:35','2024-10-24 03:58:35'),(1352,'Suchitepquez',88,1,'2024-10-24 03:58:35','2024-10-24 03:58:35'),(1353,'Tougu',89,1,'2024-10-24 03:58:35','2024-10-24 03:58:35'),(1354,'Pita',89,1,'2024-10-24 03:58:35','2024-10-24 03:58:35'),(1355,'Mandiana',89,1,'2024-10-24 03:58:35','2024-10-24 03:58:35'),(1356,'Mali',89,1,'2024-10-24 03:58:35','2024-10-24 03:58:35'),(1357,'Kouroussa',89,1,'2024-10-24 03:58:35','2024-10-24 03:58:35'),(1358,'Krouan',89,1,'2024-10-24 03:58:35','2024-10-24 03:58:35'),(1359,'Beyla',89,1,'2024-10-24 03:58:35','2024-10-24 03:58:35'),(1360,'Boffa',89,1,'2024-10-24 03:58:35','2024-10-24 03:58:35'),(1361,'Bok',89,1,'2024-10-24 03:58:35','2024-10-24 03:58:35'),(1362,'Conakry',89,1,'2024-10-24 03:58:35','2024-10-24 03:58:35'),(1363,'Coyah',89,1,'2024-10-24 03:58:35','2024-10-24 03:58:35'),(1364,'Dalaba',89,1,'2024-10-24 03:58:35','2024-10-24 03:58:35'),(1365,'Forcariah',89,1,'2024-10-24 03:58:35','2024-10-24 03:58:35'),(1366,'Gaoual',89,1,'2024-10-24 03:58:35','2024-10-24 03:58:35'),(1367,'Dubrka',89,1,'2024-10-24 03:58:35','2024-10-24 03:58:35'),(1368,'Dabola',89,1,'2024-10-24 03:58:35','2024-10-24 03:58:35'),(1369,'Dinguiraye',89,1,'2024-10-24 03:58:35','2024-10-24 03:58:35'),(1370,'Faranah',89,1,'2024-10-24 03:58:35','2024-10-24 03:58:35'),(1371,'Fria',89,1,'2024-10-24 03:58:35','2024-10-24 03:58:35'),(1372,'Gukdou',89,1,'2024-10-24 03:58:35','2024-10-24 03:58:35'),(1373,'Kankan',89,1,'2024-10-24 03:58:35','2024-10-24 03:58:35'),(1374,'Kindia',89,1,'2024-10-24 03:58:35','2024-10-24 03:58:35'),(1375,'Koubia',89,1,'2024-10-24 03:58:35','2024-10-24 03:58:35'),(1376,'Koundara',89,1,'2024-10-24 03:58:35','2024-10-24 03:58:35'),(1377,'Lab',89,1,'2024-10-24 03:58:35','2024-10-24 03:58:35'),(1378,'Lola',89,1,'2024-10-24 03:58:35','2024-10-24 03:58:35'),(1379,'Macenta',89,1,'2024-10-24 03:58:35','2024-10-24 03:58:35'),(1380,'Mamou',89,1,'2024-10-24 03:58:35','2024-10-24 03:58:35'),(1381,'Nzrkor',89,1,'2024-10-24 03:58:35','2024-10-24 03:58:35'),(1382,'Siguiri',89,1,'2024-10-24 03:58:35','2024-10-24 03:58:35'),(1383,'Tliml',89,1,'2024-10-24 03:58:35','2024-10-24 03:58:35'),(1384,'Yomou',89,1,'2024-10-24 03:58:35','2024-10-24 03:58:35'),(1385,'Kissidougou',89,1,'2024-10-24 03:58:35','2024-10-24 03:58:35'),(1386,'Llouma',89,1,'2024-10-24 03:58:35','2024-10-24 03:58:35'),(1387,'Quinara',90,1,'2024-10-24 03:58:35','2024-10-24 03:58:35'),(1388,'Bafat',90,1,'2024-10-24 03:58:35','2024-10-24 03:58:35'),(1389,'Oio',90,1,'2024-10-24 03:58:35','2024-10-24 03:58:35'),(1390,'Bissau',90,1,'2024-10-24 03:58:35','2024-10-24 03:58:35'),(1391,'Biombo',90,1,'2024-10-24 03:58:35','2024-10-24 03:58:35'),(1392,'Cacheu',90,1,'2024-10-24 03:58:35','2024-10-24 03:58:35'),(1393,'Tombali',90,1,'2024-10-24 03:58:35','2024-10-24 03:58:35'),(1394,'Bolama',90,1,'2024-10-24 03:58:35','2024-10-24 03:58:35'),(1395,'Gab',90,1,'2024-10-24 03:58:35','2024-10-24 03:58:35'),(1396,'Upper Demerara-Berbice',91,1,'2024-10-24 03:58:35','2024-10-24 03:58:35'),(1397,'Pomeroon-Supenaam',91,1,'2024-10-24 03:58:35','2024-10-24 03:58:35'),(1398,'Barima-Waini',91,1,'2024-10-24 03:58:35','2024-10-24 03:58:35'),(1399,'Demerara-Mahaica',91,1,'2024-10-24 03:58:35','2024-10-24 03:58:35'),(1400,'Essequibo Islands-West Demerara',91,1,'2024-10-24 03:58:35','2024-10-24 03:58:35'),(1401,'Mahaica-Berbice',91,1,'2024-10-24 03:58:35','2024-10-24 03:58:35'),(1402,'Potaro-Siparuni',91,1,'2024-10-24 03:58:35','2024-10-24 03:58:35'),(1403,'Upper Takutu-Upper Essequibo',91,1,'2024-10-24 03:58:35','2024-10-24 03:58:35'),(1404,'East Berbice-Corentyne',91,1,'2024-10-24 03:58:35','2024-10-24 03:58:35'),(1405,'Cuyuni-Mazaruni',91,1,'2024-10-24 03:58:35','2024-10-24 03:58:35'),(1406,'Sud',92,1,'2024-10-24 03:58:35','2024-10-24 03:58:35'),(1407,'Nord-Ouest',92,1,'2024-10-24 03:58:35','2024-10-24 03:58:35'),(1408,'Ouest',92,1,'2024-10-24 03:58:35','2024-10-24 03:58:35'),(1409,'Nord',92,1,'2024-10-24 03:58:35','2024-10-24 03:58:35'),(1410,'Centre',92,1,'2024-10-24 03:58:35','2024-10-24 03:58:35'),(1411,'Nord-Est',92,1,'2024-10-24 03:58:35','2024-10-24 03:58:35'),(1412,'Sud-Est',92,1,'2024-10-24 03:58:35','2024-10-24 03:58:35'),(1413,'Grande-Anse',92,1,'2024-10-24 03:58:35','2024-10-24 03:58:35'),(1414,'Artibonite',92,1,'2024-10-24 03:58:35','2024-10-24 03:58:35'),(1415,'Valle',95,1,'2024-10-24 03:58:35','2024-10-24 03:58:35'),(1416,'Intibuc',95,1,'2024-10-24 03:58:35','2024-10-24 03:58:35'),(1417,'Choluteca',95,1,'2024-10-24 03:58:35','2024-10-24 03:58:35'),(1418,'Coln',95,1,'2024-10-24 03:58:35','2024-10-24 03:58:35'),(1419,'Copn',95,1,'2024-10-24 03:58:35','2024-10-24 03:58:35'),(1420,'Francisco Morazn',95,1,'2024-10-24 03:58:35','2024-10-24 03:58:35'),(1421,'Gracias a Dios',95,1,'2024-10-24 03:58:35','2024-10-24 03:58:35'),(1422,'Islas de la Baha',95,1,'2024-10-24 03:58:35','2024-10-24 03:58:35'),(1423,'Lempira',95,1,'2024-10-24 03:58:35','2024-10-24 03:58:35'),(1424,'Olancho',95,1,'2024-10-24 03:58:35','2024-10-24 03:58:35'),(1425,'Santa Brbara',95,1,'2024-10-24 03:58:35','2024-10-24 03:58:35'),(1426,'Yoro',95,1,'2024-10-24 03:58:35','2024-10-24 03:58:35'),(1427,'Atlntida',95,1,'2024-10-24 03:58:35','2024-10-24 03:58:35'),(1428,'Comayagua',95,1,'2024-10-24 03:58:35','2024-10-24 03:58:35'),(1429,'Corts',95,1,'2024-10-24 03:58:35','2024-10-24 03:58:35'),(1430,'El Paraso',95,1,'2024-10-24 03:58:35','2024-10-24 03:58:35'),(1431,'La Paz',95,1,'2024-10-24 03:58:35','2024-10-24 03:58:35'),(1432,'Ocotepeque',95,1,'2024-10-24 03:58:35','2024-10-24 03:58:35'),(1433,'Bkscsaba',97,1,'2024-10-24 03:58:35','2024-10-24 03:58:35'),(1434,'Debrecen',97,1,'2024-10-24 03:58:35','2024-10-24 03:58:35'),(1435,'Dunajvros',97,1,'2024-10-24 03:58:35','2024-10-24 03:58:35'),(1436,'Eger',97,1,'2024-10-24 03:58:35','2024-10-24 03:58:35'),(1437,'Gyor',97,1,'2024-10-24 03:58:35','2024-10-24 03:58:35'),(1438,'Hdmezovsrhely',97,1,'2024-10-24 03:58:35','2024-10-24 03:58:35'),(1439,'Kaposvr',97,1,'2024-10-24 03:58:35','2024-10-24 03:58:35'),(1440,'Kecskemt',97,1,'2024-10-24 03:58:35','2024-10-24 03:58:35'),(1441,'Miskolc',97,1,'2024-10-24 03:58:35','2024-10-24 03:58:35'),(1442,'Nagykanizsa',97,1,'2024-10-24 03:58:35','2024-10-24 03:58:35'),(1443,'Nyregyhza',97,1,'2024-10-24 03:58:35','2024-10-24 03:58:35'),(1444,'Pcs',97,1,'2024-10-24 03:58:35','2024-10-24 03:58:35'),(1445,'Salgtarjn',97,1,'2024-10-24 03:58:35','2024-10-24 03:58:35'),(1446,'Sopron',97,1,'2024-10-24 03:58:35','2024-10-24 03:58:35'),(1447,'Szeged',97,1,'2024-10-24 03:58:35','2024-10-24 03:58:35'),(1448,'Szkesfehrvr',97,1,'2024-10-24 03:58:35','2024-10-24 03:58:35'),(1449,'Szekszrd',97,1,'2024-10-24 03:58:35','2024-10-24 03:58:35'),(1450,'Szolnok',97,1,'2024-10-24 03:58:35','2024-10-24 03:58:35'),(1451,'Szombathely',97,1,'2024-10-24 03:58:35','2024-10-24 03:58:35'),(1452,'Tatabnya',97,1,'2024-10-24 03:58:35','2024-10-24 03:58:35'),(1453,'Veszprm City',97,1,'2024-10-24 03:58:35','2024-10-24 03:58:35'),(1454,'Zalaegerszeg',97,1,'2024-10-24 03:58:35','2024-10-24 03:58:35'),(1455,'Erd',97,1,'2024-10-24 03:58:35','2024-10-24 03:58:35'),(1456,'Zala',97,1,'2024-10-24 03:58:35','2024-10-24 03:58:35'),(1457,'Tolna',97,1,'2024-10-24 03:58:35','2024-10-24 03:58:35'),(1458,'Pest',97,1,'2024-10-24 03:58:35','2024-10-24 03:58:35'),(1459,'Komrom-Esztergom',97,1,'2024-10-24 03:58:35','2024-10-24 03:58:35'),(1460,'Fejr',97,1,'2024-10-24 03:58:35','2024-10-24 03:58:35'),(1461,'Baranya',97,1,'2024-10-24 03:58:35','2024-10-24 03:58:35'),(1462,'Bcs-Kiskun',97,1,'2024-10-24 03:58:35','2024-10-24 03:58:35'),(1463,'Bks',97,1,'2024-10-24 03:58:35','2024-10-24 03:58:35'),(1464,'Budapest',97,1,'2024-10-24 03:58:35','2024-10-24 03:58:35'),(1465,'Csongrd',97,1,'2024-10-24 03:58:35','2024-10-24 03:58:35'),(1466,'Gyor-Moson-Sopron',97,1,'2024-10-24 03:58:35','2024-10-24 03:58:35'),(1467,'Heves',97,1,'2024-10-24 03:58:35','2024-10-24 03:58:35'),(1468,'Jsz-Nagykun-Szolnok',97,1,'2024-10-24 03:58:35','2024-10-24 03:58:35'),(1469,'Ngrd',97,1,'2024-10-24 03:58:35','2024-10-24 03:58:35'),(1470,'Somogy',97,1,'2024-10-24 03:58:35','2024-10-24 03:58:35'),(1471,'Szabolcs-Szatmr-Bereg',97,1,'2024-10-24 03:58:35','2024-10-24 03:58:35'),(1472,'Vas',97,1,'2024-10-24 03:58:35','2024-10-24 03:58:35'),(1473,'Veszprm',97,1,'2024-10-24 03:58:35','2024-10-24 03:58:35'),(1474,'Borsod-Abaj-Zempln',97,1,'2024-10-24 03:58:35','2024-10-24 03:58:35'),(1475,'Hajd-Bihar',97,1,'2024-10-24 03:58:35','2024-10-24 03:58:35'),(1476,'Reykjavk',98,1,'2024-10-24 03:58:35','2024-10-24 03:58:35'),(1477,'Vesturland',98,1,'2024-10-24 03:58:35','2024-10-24 03:58:35'),(1478,'Vestfirir',98,1,'2024-10-24 03:58:35','2024-10-24 03:58:35'),(1479,'Norurland vestra',98,1,'2024-10-24 03:58:35','2024-10-24 03:58:35'),(1480,'Hfuborgarsvi utan Reykjavkur',98,1,'2024-10-24 03:58:35','2024-10-24 03:58:35'),(1481,'Suurnes',98,1,'2024-10-24 03:58:35','2024-10-24 03:58:35'),(1482,'Suurland',98,1,'2024-10-24 03:58:35','2024-10-24 03:58:35'),(1483,'Norurland eystra',98,1,'2024-10-24 03:58:35','2024-10-24 03:58:35'),(1484,'Austurland',98,1,'2024-10-24 03:58:35','2024-10-24 03:58:35'),(1485,'Uttaranchal',99,1,'2024-10-24 03:58:35','2024-10-24 03:58:35'),(1486,'Himachal Pradesh',99,1,'2024-10-24 03:58:35','2024-10-24 03:58:35'),(1487,'Andaman and Nicobar Islands',99,1,'2024-10-24 03:58:35','2024-10-24 03:58:35'),(1488,'Arunachal Pradesh',99,1,'2024-10-24 03:58:35','2024-10-24 03:58:35'),(1489,'Assam',99,1,'2024-10-24 03:58:35','2024-10-24 03:58:35'),(1490,'Bihar',99,1,'2024-10-24 03:58:35','2024-10-24 03:58:35'),(1491,'Chhattisgarh',99,1,'2024-10-24 03:58:35','2024-10-24 03:58:35'),(1492,'Dadra and Nagar Haveli',99,1,'2024-10-24 03:58:35','2024-10-24 03:58:35'),(1493,'Delhi',99,1,'2024-10-24 03:58:35','2024-10-24 03:58:35'),(1494,'Gujarat',99,1,'2024-10-24 03:58:35','2024-10-24 03:58:35'),(1495,'Haryana',99,1,'2024-10-24 03:58:35','2024-10-24 03:58:35'),(1496,'Jammu and Kashmir',99,1,'2024-10-24 03:58:35','2024-10-24 03:58:35'),(1497,'Karnataka',99,1,'2024-10-24 03:58:35','2024-10-24 03:58:35'),(1498,'Kerala',99,1,'2024-10-24 03:58:35','2024-10-24 03:58:35'),(1499,'Madhya Pradesh',99,1,'2024-10-24 03:58:35','2024-10-24 03:58:35'),(1500,'Maharashtra',99,1,'2024-10-24 03:58:35','2024-10-24 03:58:35'),(1501,'Meghalaya',99,1,'2024-10-24 03:58:35','2024-10-24 03:58:35'),(1502,'Nagaland',99,1,'2024-10-24 03:58:35','2024-10-24 03:58:35'),(1503,'Orissa',99,1,'2024-10-24 03:58:35','2024-10-24 03:58:35'),(1504,'Punjab',99,1,'2024-10-24 03:58:35','2024-10-24 03:58:35'),(1505,'Rajasthan',99,1,'2024-10-24 03:58:35','2024-10-24 03:58:35'),(1506,'Tamil Nadu',99,1,'2024-10-24 03:58:35','2024-10-24 03:58:35'),(1507,'Tripura',99,1,'2024-10-24 03:58:35','2024-10-24 03:58:35'),(1508,'Uttar Pradesh',99,1,'2024-10-24 03:58:35','2024-10-24 03:58:35'),(1509,'Andhra Pradesh',99,1,'2024-10-24 03:58:35','2024-10-24 03:58:35'),(1510,'West Bengal',99,1,'2024-10-24 03:58:35','2024-10-24 03:58:35'),(1511,'Chandigarh',99,1,'2024-10-24 03:58:35','2024-10-24 03:58:35'),(1512,'Daman and Diu',99,1,'2024-10-24 03:58:35','2024-10-24 03:58:35'),(1513,'Goa',99,1,'2024-10-24 03:58:35','2024-10-24 03:58:35'),(1514,'Jharkhand',99,1,'2024-10-24 03:58:35','2024-10-24 03:58:35'),(1515,'Sikkim',99,1,'2024-10-24 03:58:35','2024-10-24 03:58:35'),(1516,'Mizoram',99,1,'2024-10-24 03:58:35','2024-10-24 03:58:35'),(1517,'Manipur',99,1,'2024-10-24 03:58:35','2024-10-24 03:58:35'),(1518,'Lakshadweep',99,1,'2024-10-24 03:58:35','2024-10-24 03:58:35'),(1519,'Pondicherry',99,1,'2024-10-24 03:58:35','2024-10-24 03:58:35'),(1520,'Papua Barat',100,1,'2024-10-24 03:58:35','2024-10-24 03:58:35'),(1521,'Sulawesi Barat',100,1,'2024-10-24 03:58:35','2024-10-24 03:58:35'),(1522,'Sumatera Utara',100,1,'2024-10-24 03:58:35','2024-10-24 03:58:35'),(1523,'Sulawesi Selatan',100,1,'2024-10-24 03:58:35','2024-10-24 03:58:35'),(1524,'Riau',100,1,'2024-10-24 03:58:35','2024-10-24 03:58:35'),(1525,'Nusa Tenggara Timur',100,1,'2024-10-24 03:58:35','2024-10-24 03:58:35'),(1526,'Maluku Utara',100,1,'2024-10-24 03:58:35','2024-10-24 03:58:35'),(1527,'Gorontalo',100,1,'2024-10-24 03:58:35','2024-10-24 03:58:35'),(1528,'Jambi',100,1,'2024-10-24 03:58:35','2024-10-24 03:58:35'),(1529,'Jawa Tengah',100,1,'2024-10-24 03:58:35','2024-10-24 03:58:35'),(1530,'Kalimantan Barat',100,1,'2024-10-24 03:58:35','2024-10-24 03:58:35'),(1531,'Kalimantan Selatan',100,1,'2024-10-24 03:58:35','2024-10-24 03:58:35'),(1532,'Sulawesi Utara',100,1,'2024-10-24 03:58:35','2024-10-24 03:58:35'),(1533,'Sumatera Selatan',100,1,'2024-10-24 03:58:35','2024-10-24 03:58:35'),(1534,'Yogyakarta',100,1,'2024-10-24 03:58:35','2024-10-24 03:58:35'),(1535,'Bali',100,1,'2024-10-24 03:58:35','2024-10-24 03:58:35'),(1536,'Aceh',100,1,'2024-10-24 03:58:35','2024-10-24 03:58:35'),(1537,'Bangka Belitung',100,1,'2024-10-24 03:58:35','2024-10-24 03:58:35'),(1538,'Bengkulu',100,1,'2024-10-24 03:58:35','2024-10-24 03:58:35'),(1539,'Banten',100,1,'2024-10-24 03:58:35','2024-10-24 03:58:35'),(1540,'Jakarta Raya',100,1,'2024-10-24 03:58:35','2024-10-24 03:58:35'),(1541,'Jawa Barat',100,1,'2024-10-24 03:58:35','2024-10-24 03:58:35'),(1542,'Jawa Timur',100,1,'2024-10-24 03:58:35','2024-10-24 03:58:35'),(1543,'Kalimantan Tengah',100,1,'2024-10-24 03:58:35','2024-10-24 03:58:35'),(1544,'Kalimantan Timur',100,1,'2024-10-24 03:58:35','2024-10-24 03:58:35'),(1545,'Lampung',100,1,'2024-10-24 03:58:35','2024-10-24 03:58:35'),(1546,'Maluku',100,1,'2024-10-24 03:58:35','2024-10-24 03:58:35'),(1547,'Nusa Tenggara Barat',100,1,'2024-10-24 03:58:35','2024-10-24 03:58:35'),(1548,'Papua',100,1,'2024-10-24 03:58:35','2024-10-24 03:58:35'),(1549,'Kepulauan Riau',100,1,'2024-10-24 03:58:35','2024-10-24 03:58:35'),(1550,'Sulawesi Tengah',100,1,'2024-10-24 03:58:35','2024-10-24 03:58:35'),(1551,'Sumatera Barat',100,1,'2024-10-24 03:58:35','2024-10-24 03:58:35'),(1552,'Sulawesi Tenggara',100,1,'2024-10-24 03:58:35','2024-10-24 03:58:35'),(1553,'Khorasan-e Janubi',101,1,'2024-10-24 03:58:35','2024-10-24 03:58:35'),(1554,'Khorasan-e Razavi',101,1,'2024-10-24 03:58:35','2024-10-24 03:58:35'),(1555,'Khorasan-e Shemali',101,1,'2024-10-24 03:58:35','2024-10-24 03:58:35'),(1556,'Zanjan',101,1,'2024-10-24 03:58:35','2024-10-24 03:58:35'),(1557,'Qom',101,1,'2024-10-24 03:58:35','2024-10-24 03:58:35'),(1558,'Kermanshah',101,1,'2024-10-24 03:58:35','2024-10-24 03:58:35'),(1559,'Khorasan',101,1,'2024-10-24 03:58:35','2024-10-24 03:58:35'),(1560,'Khuzestan',101,1,'2024-10-24 03:58:35','2024-10-24 03:58:35'),(1561,'Kohkiluyeh va Buyer Ahmad',101,1,'2024-10-24 03:58:35','2024-10-24 03:58:35'),(1562,'Kordestan',101,1,'2024-10-24 03:58:35','2024-10-24 03:58:35'),(1563,'Lorestan',101,1,'2024-10-24 03:58:35','2024-10-24 03:58:35'),(1564,'Markazi',101,1,'2024-10-24 03:58:35','2024-10-24 03:58:35'),(1565,'Mazandaran',101,1,'2024-10-24 03:58:35','2024-10-24 03:58:35'),(1566,'Qazvin',101,1,'2024-10-24 03:58:35','2024-10-24 03:58:35'),(1567,'Ardabil',101,1,'2024-10-24 03:58:35','2024-10-24 03:58:35'),(1568,'Azarbayjan-e Sharqi',101,1,'2024-10-24 03:58:35','2024-10-24 03:58:35'),(1569,'Chahar Mahall va Bakhtiari',101,1,'2024-10-24 03:58:35','2024-10-24 03:58:35'),(1570,'Fars',101,1,'2024-10-24 03:58:35','2024-10-24 03:58:35'),(1571,'Hamadan',101,1,'2024-10-24 03:58:35','2024-10-24 03:58:35'),(1572,'Ilam',101,1,'2024-10-24 03:58:35','2024-10-24 03:58:35'),(1573,'Semnan',101,1,'2024-10-24 03:58:35','2024-10-24 03:58:35'),(1574,'Tehran',101,1,'2024-10-24 03:58:35','2024-10-24 03:58:35'),(1575,'Azarbayjan-e Gharbi',101,1,'2024-10-24 03:58:35','2024-10-24 03:58:35'),(1576,'Bushehr',101,1,'2024-10-24 03:58:35','2024-10-24 03:58:35'),(1577,'Esfahan',101,1,'2024-10-24 03:58:35','2024-10-24 03:58:35'),(1578,'Gilan',101,1,'2024-10-24 03:58:35','2024-10-24 03:58:35'),(1579,'Golestan',101,1,'2024-10-24 03:58:35','2024-10-24 03:58:35'),(1580,'Hormozgan',101,1,'2024-10-24 03:58:35','2024-10-24 03:58:35'),(1581,'Kerman',101,1,'2024-10-24 03:58:35','2024-10-24 03:58:35'),(1582,'Yazd',101,1,'2024-10-24 03:58:35','2024-10-24 03:58:35'),(1583,'Sistan va Baluchestan',101,1,'2024-10-24 03:58:35','2024-10-24 03:58:35'),(1584,'At Tamim',102,1,'2024-10-24 03:58:35','2024-10-24 03:58:35'),(1585,'Al Qadisiyah',102,1,'2024-10-24 03:58:35','2024-10-24 03:58:35'),(1586,'Salah ad Din',102,1,'2024-10-24 03:58:35','2024-10-24 03:58:35'),(1587,'An Najaf',102,1,'2024-10-24 03:58:35','2024-10-24 03:58:35'),(1588,'Arbil',102,1,'2024-10-24 03:58:35','2024-10-24 03:58:35'),(1589,'Baghdad',102,1,'2024-10-24 03:58:35','2024-10-24 03:58:35'),(1590,'Al Anbar',102,1,'2024-10-24 03:58:35','2024-10-24 03:58:35'),(1591,'Babil',102,1,'2024-10-24 03:58:35','2024-10-24 03:58:35'),(1592,'Al Basrah',102,1,'2024-10-24 03:58:35','2024-10-24 03:58:35'),(1593,'Dahuk',102,1,'2024-10-24 03:58:35','2024-10-24 03:58:35'),(1594,'Diyal',102,1,'2024-10-24 03:58:35','2024-10-24 03:58:35'),(1595,'Karbala',102,1,'2024-10-24 03:58:35','2024-10-24 03:58:35'),(1596,'Al Muthann',102,1,'2024-10-24 03:58:35','2024-10-24 03:58:35'),(1597,'Ninaw',102,1,'2024-10-24 03:58:35','2024-10-24 03:58:35'),(1598,'As Sulaymaniyah',102,1,'2024-10-24 03:58:35','2024-10-24 03:58:35'),(1599,'Wasit',102,1,'2024-10-24 03:58:35','2024-10-24 03:58:35'),(1600,'Dhi Qar',102,1,'2024-10-24 03:58:35','2024-10-24 03:58:35'),(1601,'Maysan',102,1,'2024-10-24 03:58:35','2024-10-24 03:58:35'),(1602,'Wexford',103,1,'2024-10-24 03:58:35','2024-10-24 03:58:35'),(1603,'Waterford',103,1,'2024-10-24 03:58:35','2024-10-24 03:58:35'),(1604,'Monaghan',103,1,'2024-10-24 03:58:35','2024-10-24 03:58:35'),(1605,'Longford',103,1,'2024-10-24 03:58:35','2024-10-24 03:58:35'),(1606,'Kildare',103,1,'2024-10-24 03:58:35','2024-10-24 03:58:35'),(1607,'Meath',103,1,'2024-10-24 03:58:35','2024-10-24 03:58:35'),(1608,'Offaly',103,1,'2024-10-24 03:58:35','2024-10-24 03:58:35'),(1609,'Sligo',103,1,'2024-10-24 03:58:35','2024-10-24 03:58:35'),(1610,'Tipperary',103,1,'2024-10-24 03:58:35','2024-10-24 03:58:35'),(1611,'Westmeath',103,1,'2024-10-24 03:58:35','2024-10-24 03:58:35'),(1612,'Wicklow',103,1,'2024-10-24 03:58:35','2024-10-24 03:58:35'),(1613,'Cavan',103,1,'2024-10-24 03:58:35','2024-10-24 03:58:35'),(1614,'Donegal',103,1,'2024-10-24 03:58:35','2024-10-24 03:58:35'),(1615,'Galway',103,1,'2024-10-24 03:58:35','2024-10-24 03:58:35'),(1616,'Carlow',103,1,'2024-10-24 03:58:35','2024-10-24 03:58:35'),(1617,'Clare',103,1,'2024-10-24 03:58:35','2024-10-24 03:58:35'),(1618,'Cork',103,1,'2024-10-24 03:58:35','2024-10-24 03:58:35'),(1619,'Dublin',103,1,'2024-10-24 03:58:35','2024-10-24 03:58:35'),(1620,'Kerry',103,1,'2024-10-24 03:58:35','2024-10-24 03:58:35'),(1621,'Kilkenny',103,1,'2024-10-24 03:58:35','2024-10-24 03:58:35'),(1622,'Leitrim',103,1,'2024-10-24 03:58:35','2024-10-24 03:58:35'),(1623,'Limerick',103,1,'2024-10-24 03:58:35','2024-10-24 03:58:35'),(1624,'Louth',103,1,'2024-10-24 03:58:35','2024-10-24 03:58:35'),(1625,'Laois',103,1,'2024-10-24 03:58:35','2024-10-24 03:58:35'),(1626,'Mayo',103,1,'2024-10-24 03:58:35','2024-10-24 03:58:35'),(1627,'Roscommon',103,1,'2024-10-24 03:58:35','2024-10-24 03:58:35'),(1628,'HaDarom',104,1,'2024-10-24 03:58:35','2024-10-24 03:58:35'),(1629,'HaZafon',104,1,'2024-10-24 03:58:35','2024-10-24 03:58:35'),(1630,'Tel-Aviv',104,1,'2024-10-24 03:58:35','2024-10-24 03:58:35'),(1631,'HaMerkaz',104,1,'2024-10-24 03:58:35','2024-10-24 03:58:35'),(1632,'Haifa',104,1,'2024-10-24 03:58:35','2024-10-24 03:58:35'),(1633,'Yerushalayim',104,1,'2024-10-24 03:58:35','2024-10-24 03:58:35'),(1634,'Agrigento',105,1,'2024-10-24 03:58:35','2024-10-24 03:58:35'),(1635,'Alessandria',105,1,'2024-10-24 03:58:35','2024-10-24 03:58:35'),(1636,'Ancona',105,1,'2024-10-24 03:58:35','2024-10-24 03:58:35'),(1637,'Aosta',105,1,'2024-10-24 03:58:35','2024-10-24 03:58:35'),(1638,'Arezzo',105,1,'2024-10-24 03:58:35','2024-10-24 03:58:35'),(1639,'Ascoli Piceno',105,1,'2024-10-24 03:58:35','2024-10-24 03:58:35'),(1640,'Asti',105,1,'2024-10-24 03:58:35','2024-10-24 03:58:35'),(1641,'Avellino',105,1,'2024-10-24 03:58:35','2024-10-24 03:58:35'),(1642,'Bari',105,1,'2024-10-24 03:58:35','2024-10-24 03:58:35'),(1643,'Belluno',105,1,'2024-10-24 03:58:35','2024-10-24 03:58:35'),(1644,'Benevento',105,1,'2024-10-24 03:58:35','2024-10-24 03:58:35'),(1645,'Bergamo',105,1,'2024-10-24 03:58:35','2024-10-24 03:58:35'),(1646,'Biella',105,1,'2024-10-24 03:58:35','2024-10-24 03:58:35'),(1647,'Bologna',105,1,'2024-10-24 03:58:35','2024-10-24 03:58:35'),(1648,'Bolzano',105,1,'2024-10-24 03:58:35','2024-10-24 03:58:35'),(1649,'Brescia',105,1,'2024-10-24 03:58:35','2024-10-24 03:58:35'),(1650,'Brindisi',105,1,'2024-10-24 03:58:35','2024-10-24 03:58:35'),(1651,'Cagliari',105,1,'2024-10-24 03:58:35','2024-10-24 03:58:35'),(1652,'Caltanissetta',105,1,'2024-10-24 03:58:35','2024-10-24 03:58:35'),(1653,'Campobasso',105,1,'2024-10-24 03:58:35','2024-10-24 03:58:35'),(1654,'Carbonia-Iglesias',105,1,'2024-10-24 03:58:35','2024-10-24 03:58:35'),(1655,'Caserta',105,1,'2024-10-24 03:58:35','2024-10-24 03:58:35'),(1656,'Catania',105,1,'2024-10-24 03:58:35','2024-10-24 03:58:35'),(1657,'Catanzaro',105,1,'2024-10-24 03:58:35','2024-10-24 03:58:35'),(1658,'Chieti',105,1,'2024-10-24 03:58:35','2024-10-24 03:58:35'),(1659,'Como',105,1,'2024-10-24 03:58:35','2024-10-24 03:58:35'),(1660,'Cosenza',105,1,'2024-10-24 03:58:35','2024-10-24 03:58:35'),(1661,'Cremona',105,1,'2024-10-24 03:58:35','2024-10-24 03:58:35'),(1662,'Crotone',105,1,'2024-10-24 03:58:35','2024-10-24 03:58:35'),(1663,'Cuneo',105,1,'2024-10-24 03:58:35','2024-10-24 03:58:35'),(1664,'Enna',105,1,'2024-10-24 03:58:35','2024-10-24 03:58:35'),(1665,'Ferrara',105,1,'2024-10-24 03:58:35','2024-10-24 03:58:35'),(1666,'Firenze',105,1,'2024-10-24 03:58:35','2024-10-24 03:58:35'),(1667,'Foggia',105,1,'2024-10-24 03:58:35','2024-10-24 03:58:35'),(1668,'Forli-Cesena',105,1,'2024-10-24 03:58:35','2024-10-24 03:58:35'),(1669,'Frosinone ',105,1,'2024-10-24 03:58:35','2024-10-24 03:58:35'),(1670,'Genova',105,1,'2024-10-24 03:58:35','2024-10-24 03:58:35'),(1671,'Gorizia',105,1,'2024-10-24 03:58:35','2024-10-24 03:58:35'),(1672,'Grosseto',105,1,'2024-10-24 03:58:35','2024-10-24 03:58:35'),(1673,'Imperia',105,1,'2024-10-24 03:58:35','2024-10-24 03:58:35'),(1674,'Isernia',105,1,'2024-10-24 03:58:35','2024-10-24 03:58:35'),(1675,'La Spezia',105,1,'2024-10-24 03:58:35','2024-10-24 03:58:35'),(1676,'L Aquila',105,1,'2024-10-24 03:58:35','2024-10-24 03:58:35'),(1677,'Latina',105,1,'2024-10-24 03:58:35','2024-10-24 03:58:35'),(1678,'Lecce',105,1,'2024-10-24 03:58:35','2024-10-24 03:58:35'),(1679,'Lecco',105,1,'2024-10-24 03:58:35','2024-10-24 03:58:35'),(1680,'Livorno',105,1,'2024-10-24 03:58:35','2024-10-24 03:58:35'),(1681,'Lodi',105,1,'2024-10-24 03:58:35','2024-10-24 03:58:35'),(1682,'Lucca',105,1,'2024-10-24 03:58:35','2024-10-24 03:58:35'),(1683,'Macerata',105,1,'2024-10-24 03:58:35','2024-10-24 03:58:35'),(1684,'Mantova',105,1,'2024-10-24 03:58:35','2024-10-24 03:58:35'),(1685,'Massa-Carrara',105,1,'2024-10-24 03:58:35','2024-10-24 03:58:35'),(1686,'Matera',105,1,'2024-10-24 03:58:35','2024-10-24 03:58:35'),(1687,'Medio Campidano',105,1,'2024-10-24 03:58:35','2024-10-24 03:58:35'),(1688,'Messina',105,1,'2024-10-24 03:58:35','2024-10-24 03:58:35'),(1689,'Milano',105,1,'2024-10-24 03:58:35','2024-10-24 03:58:35'),(1690,'Modena',105,1,'2024-10-24 03:58:35','2024-10-24 03:58:35'),(1691,'Napoli',105,1,'2024-10-24 03:58:35','2024-10-24 03:58:35'),(1692,'Novara',105,1,'2024-10-24 03:58:35','2024-10-24 03:58:35'),(1693,'Nuoro',105,1,'2024-10-24 03:58:35','2024-10-24 03:58:35'),(1694,'Ogliastra',105,1,'2024-10-24 03:58:35','2024-10-24 03:58:35'),(1695,'Olbia-Tempio',105,1,'2024-10-24 03:58:35','2024-10-24 03:58:35'),(1696,'Oristano',105,1,'2024-10-24 03:58:35','2024-10-24 03:58:35'),(1697,'Padova',105,1,'2024-10-24 03:58:35','2024-10-24 03:58:35'),(1698,'Palermo',105,1,'2024-10-24 03:58:35','2024-10-24 03:58:35'),(1699,'Parma',105,1,'2024-10-24 03:58:35','2024-10-24 03:58:35'),(1700,'Pavia',105,1,'2024-10-24 03:58:35','2024-10-24 03:58:35'),(1701,'Perugia',105,1,'2024-10-24 03:58:35','2024-10-24 03:58:35'),(1702,'Pesaro e Urbino',105,1,'2024-10-24 03:58:35','2024-10-24 03:58:35'),(1703,'Pescara',105,1,'2024-10-24 03:58:35','2024-10-24 03:58:35'),(1704,'Piacenza',105,1,'2024-10-24 03:58:35','2024-10-24 03:58:35'),(1705,'Pisa',105,1,'2024-10-24 03:58:35','2024-10-24 03:58:35'),(1706,'Pistoia',105,1,'2024-10-24 03:58:35','2024-10-24 03:58:35'),(1707,'Pordenone',105,1,'2024-10-24 03:58:35','2024-10-24 03:58:35'),(1708,'Potenza',105,1,'2024-10-24 03:58:35','2024-10-24 03:58:35'),(1709,'Prato',105,1,'2024-10-24 03:58:35','2024-10-24 03:58:35'),(1710,'Ragusa',105,1,'2024-10-24 03:58:35','2024-10-24 03:58:35'),(1711,'Ravenna',105,1,'2024-10-24 03:58:35','2024-10-24 03:58:35'),(1712,'Reggio Calabria',105,1,'2024-10-24 03:58:35','2024-10-24 03:58:35'),(1713,'Reggio Emilia',105,1,'2024-10-24 03:58:35','2024-10-24 03:58:35'),(1714,'Rieti',105,1,'2024-10-24 03:58:35','2024-10-24 03:58:35'),(1715,'Rimini',105,1,'2024-10-24 03:58:35','2024-10-24 03:58:35'),(1716,'Roma',105,1,'2024-10-24 03:58:35','2024-10-24 03:58:35'),(1717,'Rovigo',105,1,'2024-10-24 03:58:35','2024-10-24 03:58:35'),(1718,'Salerno',105,1,'2024-10-24 03:58:35','2024-10-24 03:58:35'),(1719,'Sassari',105,1,'2024-10-24 03:58:35','2024-10-24 03:58:35'),(1720,'Savona',105,1,'2024-10-24 03:58:35','2024-10-24 03:58:35'),(1721,'Siena',105,1,'2024-10-24 03:58:35','2024-10-24 03:58:35'),(1722,'Siracusa',105,1,'2024-10-24 03:58:35','2024-10-24 03:58:35'),(1723,'Sondrio',105,1,'2024-10-24 03:58:35','2024-10-24 03:58:35'),(1724,'Taranto',105,1,'2024-10-24 03:58:35','2024-10-24 03:58:35'),(1725,'Teramo',105,1,'2024-10-24 03:58:35','2024-10-24 03:58:35'),(1726,'Terni',105,1,'2024-10-24 03:58:35','2024-10-24 03:58:35'),(1727,'Torino',105,1,'2024-10-24 03:58:35','2024-10-24 03:58:35'),(1728,'Trapani',105,1,'2024-10-24 03:58:35','2024-10-24 03:58:35'),(1729,'Trento',105,1,'2024-10-24 03:58:35','2024-10-24 03:58:35'),(1730,'Treviso',105,1,'2024-10-24 03:58:35','2024-10-24 03:58:35'),(1731,'Trieste',105,1,'2024-10-24 03:58:35','2024-10-24 03:58:35'),(1732,'Udine',105,1,'2024-10-24 03:58:35','2024-10-24 03:58:35'),(1733,'Varese',105,1,'2024-10-24 03:58:35','2024-10-24 03:58:35'),(1734,'Venezia',105,1,'2024-10-24 03:58:35','2024-10-24 03:58:35'),(1735,'Verbano-Cusio-Ossola',105,1,'2024-10-24 03:58:35','2024-10-24 03:58:35'),(1736,'Vercelli',105,1,'2024-10-24 03:58:35','2024-10-24 03:58:35'),(1737,'Verona',105,1,'2024-10-24 03:58:35','2024-10-24 03:58:35'),(1738,'Vibo Valentia',105,1,'2024-10-24 03:58:35','2024-10-24 03:58:35'),(1739,'Vicenza',105,1,'2024-10-24 03:58:35','2024-10-24 03:58:35'),(1740,'Viterbo',105,1,'2024-10-24 03:58:35','2024-10-24 03:58:35'),(1741,'Fermo',105,1,'2024-10-24 03:58:35','2024-10-24 03:58:35'),(1742,'Monza e Brianza',105,1,'2024-10-24 03:58:35','2024-10-24 03:58:35'),(1743,'Barletta-Andria-Trani',105,1,'2024-10-24 03:58:35','2024-10-24 03:58:35'),(1744,'Valle d Aosta',105,1,'2024-10-24 03:58:35','2024-10-24 03:58:35'),(1745,'Sardegna',105,1,'2024-10-24 03:58:35','2024-10-24 03:58:35'),(1746,'Molise',105,1,'2024-10-24 03:58:35','2024-10-24 03:58:35'),(1747,'Friuli-Venezia Giulia',105,1,'2024-10-24 03:58:35','2024-10-24 03:58:35'),(1748,'Emilia-Romagna',105,1,'2024-10-24 03:58:35','2024-10-24 03:58:35'),(1749,'Lazio',105,1,'2024-10-24 03:58:35','2024-10-24 03:58:35'),(1750,'Lombardia',105,1,'2024-10-24 03:58:35','2024-10-24 03:58:35'),(1751,'Marche',105,1,'2024-10-24 03:58:35','2024-10-24 03:58:35'),(1752,'Puglia',105,1,'2024-10-24 03:58:35','2024-10-24 03:58:35'),(1753,'Sicilia',105,1,'2024-10-24 03:58:35','2024-10-24 03:58:35'),(1754,'Trentino-Alto Adige',105,1,'2024-10-24 03:58:35','2024-10-24 03:58:35'),(1755,'Umbria',105,1,'2024-10-24 03:58:35','2024-10-24 03:58:35'),(1756,'Veneto',105,1,'2024-10-24 03:58:35','2024-10-24 03:58:35'),(1757,'Abruzzo',105,1,'2024-10-24 03:58:35','2024-10-24 03:58:35'),(1758,'Calabria',105,1,'2024-10-24 03:58:35','2024-10-24 03:58:35'),(1759,'Basilicata',105,1,'2024-10-24 03:58:35','2024-10-24 03:58:35'),(1760,'Campania',105,1,'2024-10-24 03:58:35','2024-10-24 03:58:35'),(1761,'Liguria',105,1,'2024-10-24 03:58:35','2024-10-24 03:58:35'),(1762,'Piemonte',105,1,'2024-10-24 03:58:35','2024-10-24 03:58:35'),(1763,'Toscana',105,1,'2024-10-24 03:58:35','2024-10-24 03:58:35'),(1764,'Saint Thomas',106,1,'2024-10-24 03:58:35','2024-10-24 03:58:35'),(1765,'Saint Elizabeth',106,1,'2024-10-24 03:58:35','2024-10-24 03:58:35'),(1766,'Saint Ann',106,1,'2024-10-24 03:58:35','2024-10-24 03:58:35'),(1767,'Clarendon',106,1,'2024-10-24 03:58:35','2024-10-24 03:58:35'),(1768,'Kingston',106,1,'2024-10-24 03:58:35','2024-10-24 03:58:35'),(1769,'Portland',106,1,'2024-10-24 03:58:35','2024-10-24 03:58:35'),(1770,'Saint Andrew',106,1,'2024-10-24 03:58:36','2024-10-24 03:58:36'),(1771,'Saint Catherine',106,1,'2024-10-24 03:58:36','2024-10-24 03:58:36'),(1772,'Saint James',106,1,'2024-10-24 03:58:36','2024-10-24 03:58:36'),(1773,'Saint Mary',106,1,'2024-10-24 03:58:36','2024-10-24 03:58:36'),(1774,'Trelawny',106,1,'2024-10-24 03:58:36','2024-10-24 03:58:36'),(1775,'Westmoreland',106,1,'2024-10-24 03:58:36','2024-10-24 03:58:36'),(1776,'Manchester',106,1,'2024-10-24 03:58:36','2024-10-24 03:58:36'),(1777,'Hanover',106,1,'2024-10-24 03:58:36','2024-10-24 03:58:36'),(1778,'Yamagata',107,1,'2024-10-24 03:58:36','2024-10-24 03:58:36'),(1779,'Tottori',107,1,'2024-10-24 03:58:36','2024-10-24 03:58:36'),(1780,'Totigi [Tochigi]',107,1,'2024-10-24 03:58:36','2024-10-24 03:58:36'),(1781,'Siga [Shiga]',107,1,'2024-10-24 03:58:36','2024-10-24 03:58:36'),(1782,'ita [Oita]',107,1,'2024-10-24 03:58:36','2024-10-24 03:58:36'),(1783,'Miyagi',107,1,'2024-10-24 03:58:36','2024-10-24 03:58:36'),(1784,'Saitama',107,1,'2024-10-24 03:58:36','2024-10-24 03:58:36'),(1785,'Simane [Shimane]',107,1,'2024-10-24 03:58:36','2024-10-24 03:58:36'),(1786,'Sizuoka [Shizuoka]',107,1,'2024-10-24 03:58:36','2024-10-24 03:58:36'),(1787,'Tokusima [Tokushima]',107,1,'2024-10-24 03:58:36','2024-10-24 03:58:36'),(1788,'Tky [Tokyo]',107,1,'2024-10-24 03:58:36','2024-10-24 03:58:36'),(1789,'Toyama',107,1,'2024-10-24 03:58:36','2024-10-24 03:58:36'),(1790,'Wakayama',107,1,'2024-10-24 03:58:36','2024-10-24 03:58:36'),(1791,'Yamaguti [Yamaguchi]',107,1,'2024-10-24 03:58:36','2024-10-24 03:58:36'),(1792,'Yamanasi [Yamanashi]',107,1,'2024-10-24 03:58:36','2024-10-24 03:58:36'),(1793,'Aiti [Aichi]',107,1,'2024-10-24 03:58:36','2024-10-24 03:58:36'),(1794,'Aomori',107,1,'2024-10-24 03:58:36','2024-10-24 03:58:36'),(1795,'Tiba [Chiba]',107,1,'2024-10-24 03:58:36','2024-10-24 03:58:36'),(1796,'Hukui [Fukui]',107,1,'2024-10-24 03:58:36','2024-10-24 03:58:36'),(1797,'Hukuoka [Fukuoka]',107,1,'2024-10-24 03:58:36','2024-10-24 03:58:36'),(1798,'Gihu [Gifu]',107,1,'2024-10-24 03:58:36','2024-10-24 03:58:36'),(1799,'Gunma',107,1,'2024-10-24 03:58:36','2024-10-24 03:58:36'),(1800,'Hirosima [Hiroshima]',107,1,'2024-10-24 03:58:36','2024-10-24 03:58:36'),(1801,'Hygo [Hyogo]',107,1,'2024-10-24 03:58:36','2024-10-24 03:58:36'),(1802,'Isikawa [Ishikawa]',107,1,'2024-10-24 03:58:36','2024-10-24 03:58:36'),(1803,'Iwate',107,1,'2024-10-24 03:58:36','2024-10-24 03:58:36'),(1804,'Kagawa',107,1,'2024-10-24 03:58:36','2024-10-24 03:58:36'),(1805,'Kanagawa',107,1,'2024-10-24 03:58:36','2024-10-24 03:58:36'),(1806,'Kti [Kochi]',107,1,'2024-10-24 03:58:36','2024-10-24 03:58:36'),(1807,'Kyto [Kyoto]',107,1,'2024-10-24 03:58:36','2024-10-24 03:58:36'),(1808,'Mie',107,1,'2024-10-24 03:58:36','2024-10-24 03:58:36'),(1809,'Miyazaki',107,1,'2024-10-24 03:58:36','2024-10-24 03:58:36'),(1810,'Nagano',107,1,'2024-10-24 03:58:36','2024-10-24 03:58:36'),(1811,'Nara',107,1,'2024-10-24 03:58:36','2024-10-24 03:58:36'),(1812,'Niigata',107,1,'2024-10-24 03:58:36','2024-10-24 03:58:36'),(1813,'Okayama',107,1,'2024-10-24 03:58:36','2024-10-24 03:58:36'),(1814,'Okinawa',107,1,'2024-10-24 03:58:36','2024-10-24 03:58:36'),(1815,'Saga',107,1,'2024-10-24 03:58:36','2024-10-24 03:58:36'),(1816,'Akita',107,1,'2024-10-24 03:58:36','2024-10-24 03:58:36'),(1817,'Ehime',107,1,'2024-10-24 03:58:36','2024-10-24 03:58:36'),(1818,'Hukusima [Fukushima]',107,1,'2024-10-24 03:58:36','2024-10-24 03:58:36'),(1819,'Hokkaid [Hokkaido]',107,1,'2024-10-24 03:58:36','2024-10-24 03:58:36'),(1820,'Ibaraki',107,1,'2024-10-24 03:58:36','2024-10-24 03:58:36'),(1821,'Kagosima [Kagoshima]',107,1,'2024-10-24 03:58:36','2024-10-24 03:58:36'),(1822,'Kumamoto',107,1,'2024-10-24 03:58:36','2024-10-24 03:58:36'),(1823,'Nagasaki',107,1,'2024-10-24 03:58:36','2024-10-24 03:58:36'),(1824,'saka [Osaka]',107,1,'2024-10-24 03:58:36','2024-10-24 03:58:36'),(1825,'At Tafilah',108,1,'2024-10-24 03:58:36','2024-10-24 03:58:36'),(1826,'Az Zarqa',108,1,'2024-10-24 03:58:36','2024-10-24 03:58:36'),(1827,'Ma`an',108,1,'2024-10-24 03:58:36','2024-10-24 03:58:36'),(1828,'?Amman',108,1,'2024-10-24 03:58:36','2024-10-24 03:58:36'),(1829,'Al Balqa',108,1,'2024-10-24 03:58:36','2024-10-24 03:58:36'),(1830,'Jarash',108,1,'2024-10-24 03:58:36','2024-10-24 03:58:36'),(1831,'Al Mafraq',108,1,'2024-10-24 03:58:36','2024-10-24 03:58:36'),(1832,'?Ajlun',108,1,'2024-10-24 03:58:36','2024-10-24 03:58:36'),(1833,'Madaba',108,1,'2024-10-24 03:58:36','2024-10-24 03:58:36'),(1834,'Al Karak',108,1,'2024-10-24 03:58:36','2024-10-24 03:58:36'),(1835,'Aqaba',108,1,'2024-10-24 03:58:36','2024-10-24 03:58:36'),(1836,'Irbid',108,1,'2024-10-24 03:58:36','2024-10-24 03:58:36'),(1837,'Almaty oblysy',109,1,'2024-10-24 03:58:36','2024-10-24 03:58:36'),(1838,'Astana',109,1,'2024-10-24 03:58:36','2024-10-24 03:58:36'),(1839,'Bayqongyr',109,1,'2024-10-24 03:58:36','2024-10-24 03:58:36'),(1840,'Zhambyl oblysy',109,1,'2024-10-24 03:58:36','2024-10-24 03:58:36'),(1841,'Batys Qazaqstan oblysy',109,1,'2024-10-24 03:58:36','2024-10-24 03:58:36'),(1842,'Soltstik Qazaqstan oblysy',109,1,'2024-10-24 03:58:36','2024-10-24 03:58:36'),(1843,'Qyzylorda oblysy',109,1,'2024-10-24 03:58:36','2024-10-24 03:58:36'),(1844,'Aqmola oblysy',109,1,'2024-10-24 03:58:36','2024-10-24 03:58:36'),(1845,'Aqtbe oblysy',109,1,'2024-10-24 03:58:36','2024-10-24 03:58:36'),(1846,'Almaty',109,1,'2024-10-24 03:58:36','2024-10-24 03:58:36'),(1847,'Atyrau oblysy',109,1,'2024-10-24 03:58:36','2024-10-24 03:58:36'),(1848,'Mangghystau oblysy',109,1,'2024-10-24 03:58:36','2024-10-24 03:58:36'),(1849,'Shyghys Qazaqstan oblysy',109,1,'2024-10-24 03:58:36','2024-10-24 03:58:36'),(1850,'Qaraghandy oblysy',109,1,'2024-10-24 03:58:36','2024-10-24 03:58:36'),(1851,'Pavlodar oblysy',109,1,'2024-10-24 03:58:36','2024-10-24 03:58:36'),(1852,'Ongtstik Qazaqstan oblysy',109,1,'2024-10-24 03:58:36','2024-10-24 03:58:36'),(1853,'Qostanay oblysy',109,1,'2024-10-24 03:58:36','2024-10-24 03:58:36'),(1854,'Nyanza',110,1,'2024-10-24 03:58:36','2024-10-24 03:58:36'),(1855,'Western',110,1,'2024-10-24 03:58:36','2024-10-24 03:58:36'),(1856,'North-Eastern',110,1,'2024-10-24 03:58:36','2024-10-24 03:58:36'),(1857,'Coast',110,1,'2024-10-24 03:58:36','2024-10-24 03:58:36'),(1858,'Eastern',110,1,'2024-10-24 03:58:36','2024-10-24 03:58:36'),(1859,'Rift Valley',110,1,'2024-10-24 03:58:36','2024-10-24 03:58:36'),(1860,'Central',110,1,'2024-10-24 03:58:36','2024-10-24 03:58:36'),(1861,'Nairobi',110,1,'2024-10-24 03:58:36','2024-10-24 03:58:36'),(1862,'Gilbert Islands',111,1,'2024-10-24 03:58:36','2024-10-24 03:58:36'),(1863,'Line Islands',111,1,'2024-10-24 03:58:36','2024-10-24 03:58:36'),(1864,'Phoenix Islands',111,1,'2024-10-24 03:58:36','2024-10-24 03:58:36'),(1865,'Pyongan-bukdo',112,1,'2024-10-24 03:58:36','2024-10-24 03:58:36'),(1866,'Pyongan-namdo',112,1,'2024-10-24 03:58:36','2024-10-24 03:58:36'),(1867,'Yanggang-do',112,1,'2024-10-24 03:58:36','2024-10-24 03:58:36'),(1868,'Hwanghae-namdo',112,1,'2024-10-24 03:58:36','2024-10-24 03:58:36'),(1869,'Hwanghae-bukto',112,1,'2024-10-24 03:58:36','2024-10-24 03:58:36'),(1870,'Hamgyong-namdo',112,1,'2024-10-24 03:58:36','2024-10-24 03:58:36'),(1871,'Hamgyong-bukdo',112,1,'2024-10-24 03:58:36','2024-10-24 03:58:36'),(1872,'Chagang-do',112,1,'2024-10-24 03:58:36','2024-10-24 03:58:36'),(1873,'Nason',112,1,'2024-10-24 03:58:36','2024-10-24 03:58:36'),(1874,'Pyongyang',112,1,'2024-10-24 03:58:36','2024-10-24 03:58:36'),(1875,'Kangwon-do',112,1,'2024-10-24 03:58:36','2024-10-24 03:58:36'),(1876,'Seoul Teugbyeolsi [Seoul-T ukpyolshi]',113,1,'2024-10-24 03:58:36','2024-10-24 03:58:36'),(1877,'Busan Gwang yeogsi [Pusan-Kwangyokshi]',113,1,'2024-10-24 03:58:36','2024-10-24 03:58:36'),(1878,'Daegu Gwang yeogsi [Taegu-Kwangyokshi]',113,1,'2024-10-24 03:58:36','2024-10-24 03:58:36'),(1879,'Incheon Gwang',113,1,'2024-10-24 03:58:36','2024-10-24 03:58:36'),(1880,'Gwangju Gwang yeogsi [Kwangju-Kwangyokshi]',113,1,'2024-10-24 03:58:36','2024-10-24 03:58:36'),(1881,'Daejeon Gwang yeogsi [Taejon-Kwangyokshi]',113,1,'2024-10-24 03:58:36','2024-10-24 03:58:36'),(1882,'Ulsan Gwang yeogsi [Ulsan-Kwangyokshi]',113,1,'2024-10-24 03:58:36','2024-10-24 03:58:36'),(1883,'Gyeonggido [Kyonggi-do]',113,1,'2024-10-24 03:58:36','2024-10-24 03:58:36'),(1884,'Chungcheongbugdo [Chungch ongbuk-do]',113,1,'2024-10-24 03:58:36','2024-10-24 03:58:36'),(1885,'Chungcheongnamdo [Ch ungch ongnam-do',113,1,'2024-10-24 03:58:36','2024-10-24 03:58:36'),(1886,'Jeonrabugdo[Chollabuk-do]',113,1,'2024-10-24 03:58:36','2024-10-24 03:58:36'),(1887,'Jeonranamdo [Chollanam-do]',113,1,'2024-10-24 03:58:36','2024-10-24 03:58:36'),(1888,'Gyeongsangbugdo [Kyongsangbuk-do]',113,1,'2024-10-24 03:58:36','2024-10-24 03:58:36'),(1889,'Gyeongsangnamdo [Kyongsangnam-do]',113,1,'2024-10-24 03:58:36','2024-10-24 03:58:36'),(1890,'Jejudo [Cheju-do]',113,1,'2024-10-24 03:58:36','2024-10-24 03:58:36'),(1891,'Gang weondo [Kang-won-do]',113,1,'2024-10-24 03:58:36','2024-10-24 03:58:36'),(1892,'Al Jahrah',114,1,'2024-10-24 03:58:36','2024-10-24 03:58:36'),(1893,'Al Ahmadi',114,1,'2024-10-24 03:58:36','2024-10-24 03:58:36'),(1894,'Mubarak al-Kabir',114,1,'2024-10-24 03:58:36','2024-10-24 03:58:36'),(1895,'Al Kuwayt',114,1,'2024-10-24 03:58:36','2024-10-24 03:58:36'),(1896,'Hawalli',114,1,'2024-10-24 03:58:36','2024-10-24 03:58:36'),(1897,'Al Farwaniyah',114,1,'2024-10-24 03:58:36','2024-10-24 03:58:36'),(1898,'Osh',115,1,'2024-10-24 03:58:36','2024-10-24 03:58:36'),(1899,'Batken',115,1,'2024-10-24 03:58:36','2024-10-24 03:58:36'),(1900,'Naryn',115,1,'2024-10-24 03:58:36','2024-10-24 03:58:36'),(1901,'Bishkek',115,1,'2024-10-24 03:58:36','2024-10-24 03:58:36'),(1902,'Ysyk-Kl',115,1,'2024-10-24 03:58:36','2024-10-24 03:58:36'),(1903,'Talas',115,1,'2024-10-24 03:58:36','2024-10-24 03:58:36'),(1904,'Jalal-Abad',115,1,'2024-10-24 03:58:36','2024-10-24 03:58:36'),(1905,'Ch',115,1,'2024-10-24 03:58:36','2024-10-24 03:58:36'),(1906,'Louang Namtha',116,1,'2024-10-24 03:58:36','2024-10-24 03:58:36'),(1907,'Oudmxai [Oudomsai]',116,1,'2024-10-24 03:58:36','2024-10-24 03:58:36'),(1908,'Phngsali [Phong Saly]',116,1,'2024-10-24 03:58:36','2024-10-24 03:58:36'),(1909,'Savannakht',116,1,'2024-10-24 03:58:36','2024-10-24 03:58:36'),(1910,'Vientiane Prefecture',116,1,'2024-10-24 03:58:36','2024-10-24 03:58:36'),(1911,'Xaignabouli [Sayaboury]',116,1,'2024-10-24 03:58:36','2024-10-24 03:58:36'),(1912,'Bolikhamxai [Borikhane]',116,1,'2024-10-24 03:58:36','2024-10-24 03:58:36'),(1913,'Xkong [Skong]',116,1,'2024-10-24 03:58:36','2024-10-24 03:58:36'),(1914,'Salavan [Saravane]',116,1,'2024-10-24 03:58:36','2024-10-24 03:58:36'),(1915,'Louangphabang [Louang Prabang]',116,1,'2024-10-24 03:58:36','2024-10-24 03:58:36'),(1916,'Houaphan',116,1,'2024-10-24 03:58:36','2024-10-24 03:58:36'),(1917,'Khammouan',116,1,'2024-10-24 03:58:36','2024-10-24 03:58:36'),(1918,'Vientiane',116,1,'2024-10-24 03:58:36','2024-10-24 03:58:36'),(1919,'Xaismboun',116,1,'2024-10-24 03:58:36','2024-10-24 03:58:36'),(1920,'Xiangkhoang [Xieng Khouang]',116,1,'2024-10-24 03:58:36','2024-10-24 03:58:36'),(1921,'Attapu [Attopeu]',116,1,'2024-10-24 03:58:36','2024-10-24 03:58:36'),(1922,'Boko',116,1,'2024-10-24 03:58:36','2024-10-24 03:58:36'),(1923,'Champasak [Champassak]',116,1,'2024-10-24 03:58:36','2024-10-24 03:58:36'),(1924,'Ventspils Aprinkis',117,1,'2024-10-24 03:58:36','2024-10-24 03:58:36'),(1925,'Ogres Aprinkis',117,1,'2024-10-24 03:58:36','2024-10-24 03:58:36'),(1926,'Rezekne',117,1,'2024-10-24 03:58:36','2024-10-24 03:58:36'),(1927,'Rezeknes Aprinkis',117,1,'2024-10-24 03:58:36','2024-10-24 03:58:36'),(1928,'Rigas Aprinkis',117,1,'2024-10-24 03:58:36','2024-10-24 03:58:36'),(1929,'Saldus Aprinkis',117,1,'2024-10-24 03:58:36','2024-10-24 03:58:36'),(1930,'Tukuma Aprinkis',117,1,'2024-10-24 03:58:36','2024-10-24 03:58:36'),(1931,'Valkas Aprinkis',117,1,'2024-10-24 03:58:36','2024-10-24 03:58:36'),(1932,'Ventspils',117,1,'2024-10-24 03:58:36','2024-10-24 03:58:36'),(1933,'Aizkraukles Aprinkis',117,1,'2024-10-24 03:58:36','2024-10-24 03:58:36'),(1934,'Aluksnes Aprinkis',117,1,'2024-10-24 03:58:36','2024-10-24 03:58:36'),(1935,'Balvu Aprinkis',117,1,'2024-10-24 03:58:36','2024-10-24 03:58:36'),(1936,'Bauskas Aprinkis',117,1,'2024-10-24 03:58:36','2024-10-24 03:58:36'),(1937,'Cesu Aprinkis',117,1,'2024-10-24 03:58:36','2024-10-24 03:58:36'),(1938,'Daugavpils',117,1,'2024-10-24 03:58:36','2024-10-24 03:58:36'),(1939,'Daugavpils Aprinkis',117,1,'2024-10-24 03:58:36','2024-10-24 03:58:36'),(1940,'Dobeles Aprinkis',117,1,'2024-10-24 03:58:36','2024-10-24 03:58:36'),(1941,'Jekabpils Aprinkis',117,1,'2024-10-24 03:58:36','2024-10-24 03:58:36'),(1942,'Kraslavas Aprinkis',117,1,'2024-10-24 03:58:36','2024-10-24 03:58:36'),(1943,'Kuldigas Aprinkis',117,1,'2024-10-24 03:58:36','2024-10-24 03:58:36'),(1944,'Liepajas Aprinkis',117,1,'2024-10-24 03:58:36','2024-10-24 03:58:36'),(1945,'Limbau Aprinkis',117,1,'2024-10-24 03:58:36','2024-10-24 03:58:36'),(1946,'Madonas Aprinkis',117,1,'2024-10-24 03:58:36','2024-10-24 03:58:36'),(1947,'Riga',117,1,'2024-10-24 03:58:36','2024-10-24 03:58:36'),(1948,'Preilu Aprinkis',117,1,'2024-10-24 03:58:36','2024-10-24 03:58:36'),(1949,'Ludzas Aprinkis',117,1,'2024-10-24 03:58:36','2024-10-24 03:58:36'),(1950,'Gulbenes Aprinkis',117,1,'2024-10-24 03:58:36','2024-10-24 03:58:36'),(1951,'Jelgava',117,1,'2024-10-24 03:58:36','2024-10-24 03:58:36'),(1952,'Jelgavas Aprinkis',117,1,'2024-10-24 03:58:36','2024-10-24 03:58:36'),(1953,'Jurmala',117,1,'2024-10-24 03:58:36','2024-10-24 03:58:36'),(1954,'Liepaja',117,1,'2024-10-24 03:58:36','2024-10-24 03:58:36'),(1955,'Talsu Aprinkis',117,1,'2024-10-24 03:58:36','2024-10-24 03:58:36'),(1956,'Valmieras Aprinkis',117,1,'2024-10-24 03:58:36','2024-10-24 03:58:36'),(1957,'Loubnne ech Chemli',118,1,'2024-10-24 03:58:36','2024-10-24 03:58:36'),(1958,'Nabaty',118,1,'2024-10-24 03:58:36','2024-10-24 03:58:36'),(1959,'Jabal Loubnne',118,1,'2024-10-24 03:58:36','2024-10-24 03:58:36'),(1960,'Beirut',118,1,'2024-10-24 03:58:36','2024-10-24 03:58:36'),(1961,'El Bqaa',118,1,'2024-10-24 03:58:36','2024-10-24 03:58:36'),(1962,'Loubnne ej Jnobi',118,1,'2024-10-24 03:58:36','2024-10-24 03:58:36'),(1963,'Qacha s Nek',119,1,'2024-10-24 03:58:36','2024-10-24 03:58:36'),(1964,'Berea',119,1,'2024-10-24 03:58:36','2024-10-24 03:58:36'),(1965,'Butha-Buthe',119,1,'2024-10-24 03:58:36','2024-10-24 03:58:36'),(1966,'Mafeteng',119,1,'2024-10-24 03:58:36','2024-10-24 03:58:36'),(1967,'Mohale s Hoek',119,1,'2024-10-24 03:58:36','2024-10-24 03:58:36'),(1968,'Mokhotlong',119,1,'2024-10-24 03:58:36','2024-10-24 03:58:36'),(1969,'Quthing',119,1,'2024-10-24 03:58:36','2024-10-24 03:58:36'),(1970,'Thaba-Tseka',119,1,'2024-10-24 03:58:36','2024-10-24 03:58:36'),(1971,'Leribe',119,1,'2024-10-24 03:58:36','2024-10-24 03:58:36'),(1972,'Maseru',119,1,'2024-10-24 03:58:36','2024-10-24 03:58:36'),(1973,'Gbarpolu',120,1,'2024-10-24 03:58:36','2024-10-24 03:58:36'),(1974,'River Gee',120,1,'2024-10-24 03:58:36','2024-10-24 03:58:36'),(1975,'Grand Kru',120,1,'2024-10-24 03:58:36','2024-10-24 03:58:36'),(1976,'Sinoe',120,1,'2024-10-24 03:58:36','2024-10-24 03:58:36'),(1977,'Bong',120,1,'2024-10-24 03:58:36','2024-10-24 03:58:36'),(1978,'Rivercess',120,1,'2024-10-24 03:58:36','2024-10-24 03:58:36'),(1979,'Maryland',120,1,'2024-10-24 03:58:36','2024-10-24 03:58:36'),(1980,'Grand Gedeh',120,1,'2024-10-24 03:58:36','2024-10-24 03:58:36'),(1981,'Bomi',120,1,'2024-10-24 03:58:36','2024-10-24 03:58:36'),(1982,'Grand Bassa',120,1,'2024-10-24 03:58:36','2024-10-24 03:58:36'),(1983,'Lofa',120,1,'2024-10-24 03:58:36','2024-10-24 03:58:36'),(1984,'Nimba',120,1,'2024-10-24 03:58:36','2024-10-24 03:58:36'),(1985,'Grand Cape Mount',120,1,'2024-10-24 03:58:36','2024-10-24 03:58:36'),(1986,'Montserrado',120,1,'2024-10-24 03:58:36','2024-10-24 03:58:36'),(1987,'Margibi',120,1,'2024-10-24 03:58:36','2024-10-24 03:58:36'),(1988,'Al Jabal al Gharb',121,1,'2024-10-24 03:58:36','2024-10-24 03:58:36'),(1989,'Wd ash Shi',121,1,'2024-10-24 03:58:36','2024-10-24 03:58:36'),(1990,'Al Marqab',121,1,'2024-10-24 03:58:36','2024-10-24 03:58:36'),(1991,'Misratah',121,1,'2024-10-24 03:58:36','2024-10-24 03:58:36'),(1992,'Nalut',121,1,'2024-10-24 03:58:36','2024-10-24 03:58:36'),(1993,'Tarabulus',121,1,'2024-10-24 03:58:36','2024-10-24 03:58:36'),(1994,'Wadi al ?ayat',121,1,'2024-10-24 03:58:36','2024-10-24 03:58:36'),(1995,'Al Wht',121,1,'2024-10-24 03:58:36','2024-10-24 03:58:36'),(1996,'Az Zawiyah',121,1,'2024-10-24 03:58:36','2024-10-24 03:58:36'),(1997,'Al Butnan',121,1,'2024-10-24 03:58:36','2024-10-24 03:58:36'),(1998,'Ghat',121,1,'2024-10-24 03:58:36','2024-10-24 03:58:36'),(1999,'Al Jabal al Akh?ar',121,1,'2024-10-24 03:58:36','2024-10-24 03:58:36'),(2000,'Al Jufrah',121,1,'2024-10-24 03:58:36','2024-10-24 03:58:36'),(2001,'Al Kufrah',121,1,'2024-10-24 03:58:36','2024-10-24 03:58:36'),(2002,'Banghazi',121,1,'2024-10-24 03:58:36','2024-10-24 03:58:36'),(2003,'Darnah',121,1,'2024-10-24 03:58:36','2024-10-24 03:58:36'),(2004,'Al Jifarah',121,1,'2024-10-24 03:58:36','2024-10-24 03:58:36'),(2005,'Al Marj',121,1,'2024-10-24 03:58:36','2024-10-24 03:58:36'),(2006,'Surt',121,1,'2024-10-24 03:58:36','2024-10-24 03:58:36'),(2007,'Sabha',121,1,'2024-10-24 03:58:36','2024-10-24 03:58:36'),(2008,'An Nuqat al Khams',121,1,'2024-10-24 03:58:36','2024-10-24 03:58:36'),(2009,'Murzuq',121,1,'2024-10-24 03:58:36','2024-10-24 03:58:36'),(2010,'Vaduz',122,1,'2024-10-24 03:58:36','2024-10-24 03:58:36'),(2011,'Ruggell',122,1,'2024-10-24 03:58:36','2024-10-24 03:58:36'),(2012,'Gamprin',122,1,'2024-10-24 03:58:36','2024-10-24 03:58:36'),(2013,'Balzers',122,1,'2024-10-24 03:58:36','2024-10-24 03:58:36'),(2014,'Eschen',122,1,'2024-10-24 03:58:36','2024-10-24 03:58:36'),(2015,'Mauren',122,1,'2024-10-24 03:58:36','2024-10-24 03:58:36'),(2016,'Planken',122,1,'2024-10-24 03:58:36','2024-10-24 03:58:36'),(2017,'Schaan',122,1,'2024-10-24 03:58:36','2024-10-24 03:58:36'),(2018,'Triesen',122,1,'2024-10-24 03:58:36','2024-10-24 03:58:36'),(2019,'Triesenberg',122,1,'2024-10-24 03:58:36','2024-10-24 03:58:36'),(2020,'Schellenberg',122,1,'2024-10-24 03:58:36','2024-10-24 03:58:36'),(2021,'Vilniaus Apskritis',123,1,'2024-10-24 03:58:36','2024-10-24 03:58:36'),(2022,'Paneveio Apskritis',123,1,'2024-10-24 03:58:36','2024-10-24 03:58:36'),(2023,'Utenos Apskritis',123,1,'2024-10-24 03:58:36','2024-10-24 03:58:36'),(2024,'iauliu Apskritis',123,1,'2024-10-24 03:58:36','2024-10-24 03:58:36'),(2025,'Kauno Apskritis',123,1,'2024-10-24 03:58:36','2024-10-24 03:58:36'),(2026,'Marijampoles Apskritis',123,1,'2024-10-24 03:58:36','2024-10-24 03:58:36'),(2027,'Teliu Apskritis',123,1,'2024-10-24 03:58:36','2024-10-24 03:58:36'),(2028,'Klaipedos Apskritis',123,1,'2024-10-24 03:58:36','2024-10-24 03:58:36'),(2029,'Alytaus Apskritis',123,1,'2024-10-24 03:58:36','2024-10-24 03:58:36'),(2030,'Taurages Apskritis',123,1,'2024-10-24 03:58:36','2024-10-24 03:58:36'),(2031,'Grevenmacher',124,1,'2024-10-24 03:58:36','2024-10-24 03:58:36'),(2032,'Diekirch',124,1,'2024-10-24 03:58:36','2024-10-24 03:58:36'),(2033,'Luxembourg (fr)',124,1,'2024-10-24 03:58:36','2024-10-24 03:58:36'),(2034,'Aerodrom *',126,1,'2024-10-24 03:58:36','2024-10-24 03:58:36'),(2035,'Aracinovo',126,1,'2024-10-24 03:58:36','2024-10-24 03:58:36'),(2036,'Bogdanci',126,1,'2024-10-24 03:58:36','2024-10-24 03:58:36'),(2037,'Bogovinje',126,1,'2024-10-24 03:58:36','2024-10-24 03:58:36'),(2038,'Bosilovo',126,1,'2024-10-24 03:58:36','2024-10-24 03:58:36'),(2039,'Brvenica',126,1,'2024-10-24 03:58:36','2024-10-24 03:58:36'),(2040,'Butel *',126,1,'2024-10-24 03:58:36','2024-10-24 03:58:36'),(2041,'Cair *',126,1,'2024-10-24 03:58:36','2024-10-24 03:58:36'),(2042,'Caka',126,1,'2024-10-24 03:58:36','2024-10-24 03:58:36'),(2043,'Centar *',126,1,'2024-10-24 03:58:36','2024-10-24 03:58:36'),(2044,'Centar upa',126,1,'2024-10-24 03:58:36','2024-10-24 03:58:36'),(2045,'Ceinovo-Obleevo',126,1,'2024-10-24 03:58:36','2024-10-24 03:58:36'),(2046,'Cucer Sandevo',126,1,'2024-10-24 03:58:36','2024-10-24 03:58:36'),(2047,'Demir Kapija',126,1,'2024-10-24 03:58:36','2024-10-24 03:58:36'),(2048,'Dojran',126,1,'2024-10-24 03:58:36','2024-10-24 03:58:36'),(2049,'Dolneni',126,1,'2024-10-24 03:58:36','2024-10-24 03:58:36'),(2050,'Drugovo',126,1,'2024-10-24 03:58:36','2024-10-24 03:58:36'),(2051,'Debarca',126,1,'2024-10-24 03:58:36','2024-10-24 03:58:36'),(2052,'Kisela Voda *',126,1,'2024-10-24 03:58:36','2024-10-24 03:58:36'),(2053,'Konce',126,1,'2024-10-24 03:58:36','2024-10-24 03:58:36'),(2054,'Krivogatani',126,1,'2024-10-24 03:58:36','2024-10-24 03:58:36'),(2055,'Lipkovo',126,1,'2024-10-24 03:58:36','2024-10-24 03:58:36'),(2056,'Lozovo',126,1,'2024-10-24 03:58:36','2024-10-24 03:58:36'),(2057,'Makedonska Kamenica',126,1,'2024-10-24 03:58:36','2024-10-24 03:58:36'),(2058,'Makedonski Brod',126,1,'2024-10-24 03:58:36','2024-10-24 03:58:36'),(2059,'Mavrovo-i-Rostua',126,1,'2024-10-24 03:58:36','2024-10-24 03:58:36'),(2060,'Mogila',126,1,'2024-10-24 03:58:36','2024-10-24 03:58:36'),(2061,'Novaci',126,1,'2024-10-24 03:58:36','2024-10-24 03:58:36'),(2062,'Novo Selo',126,1,'2024-10-24 03:58:36','2024-10-24 03:58:36'),(2063,'Oslomej',126,1,'2024-10-24 03:58:36','2024-10-24 03:58:36'),(2064,'Pehcevo',126,1,'2024-10-24 03:58:36','2024-10-24 03:58:36'),(2065,'Petrovec',126,1,'2024-10-24 03:58:36','2024-10-24 03:58:36'),(2066,'Plasnica',126,1,'2024-10-24 03:58:36','2024-10-24 03:58:36'),(2067,'Rankovce',126,1,'2024-10-24 03:58:36','2024-10-24 03:58:36'),(2068,'Rosoman',126,1,'2024-10-24 03:58:36','2024-10-24 03:58:36'),(2069,'Saraj *',126,1,'2024-10-24 03:58:36','2024-10-24 03:58:36'),(2070,'Sopite',126,1,'2024-10-24 03:58:36','2024-10-24 03:58:36'),(2071,'Staro Nagoricane',126,1,'2024-10-24 03:58:36','2024-10-24 03:58:36'),(2072,'Studenicani',126,1,'2024-10-24 03:58:36','2024-10-24 03:58:36'),(2073,'Tearce',126,1,'2024-10-24 03:58:36','2024-10-24 03:58:36'),(2074,'Vasilevo',126,1,'2024-10-24 03:58:36','2024-10-24 03:58:36'),(2075,'Vevcani',126,1,'2024-10-24 03:58:36','2024-10-24 03:58:36'),(2076,'Vranetica',126,1,'2024-10-24 03:58:36','2024-10-24 03:58:36'),(2077,'Vrapcite',126,1,'2024-10-24 03:58:36','2024-10-24 03:58:36'),(2078,'Zajas',126,1,'2024-10-24 03:58:36','2024-10-24 03:58:36'),(2079,'Zelenikovo',126,1,'2024-10-24 03:58:36','2024-10-24 03:58:36'),(2080,'Zrnovci',126,1,'2024-10-24 03:58:36','2024-10-24 03:58:36'),(2081,'uto Orizari *',126,1,'2024-10-24 03:58:36','2024-10-24 03:58:36'),(2082,'elino',126,1,'2024-10-24 03:58:36','2024-10-24 03:58:36'),(2083,'Gazi Baba *',126,1,'2024-10-24 03:58:36','2024-10-24 03:58:36'),(2084,'Gjorce Petrov *',126,1,'2024-10-24 03:58:36','2024-10-24 03:58:36'),(2085,'Gradsko',126,1,'2024-10-24 03:58:36','2024-10-24 03:58:36'),(2086,'Ilinden',126,1,'2024-10-24 03:58:36','2024-10-24 03:58:36'),(2087,'Jegunovce',126,1,'2024-10-24 03:58:36','2024-10-24 03:58:36'),(2088,'Karbinci',126,1,'2024-10-24 03:58:36','2024-10-24 03:58:36'),(2089,'Karpo *',126,1,'2024-10-24 03:58:36','2024-10-24 03:58:36'),(2090,'Veles',126,1,'2024-10-24 03:58:36','2024-10-24 03:58:36'),(2091,'Berovo',126,1,'2024-10-24 03:58:36','2024-10-24 03:58:36'),(2092,'Bitola',126,1,'2024-10-24 03:58:36','2024-10-24 03:58:36'),(2093,'Debar',126,1,'2024-10-24 03:58:36','2024-10-24 03:58:36'),(2094,'Delcevo',126,1,'2024-10-24 03:58:36','2024-10-24 03:58:36'),(2095,'Demir Hisar',126,1,'2024-10-24 03:58:36','2024-10-24 03:58:36'),(2096,'Gevgelija',126,1,'2024-10-24 03:58:36','2024-10-24 03:58:36'),(2097,'Kavadarci',126,1,'2024-10-24 03:58:36','2024-10-24 03:58:36'),(2098,'Kocani',126,1,'2024-10-24 03:58:36','2024-10-24 03:58:36'),(2099,'Gostivar',126,1,'2024-10-24 03:58:36','2024-10-24 03:58:36'),(2100,'Kicevo',126,1,'2024-10-24 03:58:36','2024-10-24 03:58:36'),(2101,'Kratovo',126,1,'2024-10-24 03:58:36','2024-10-24 03:58:36'),(2102,'Kruevo',126,1,'2024-10-24 03:58:36','2024-10-24 03:58:36'),(2103,'Negotino',126,1,'2024-10-24 03:58:36','2024-10-24 03:58:36'),(2104,'Ohrid',126,1,'2024-10-24 03:58:36','2024-10-24 03:58:36'),(2105,'Probitip',126,1,'2024-10-24 03:58:36','2024-10-24 03:58:36'),(2106,'Resen',126,1,'2024-10-24 03:58:36','2024-10-24 03:58:36'),(2107,'tip',126,1,'2024-10-24 03:58:36','2024-10-24 03:58:36'),(2108,'Struga',126,1,'2024-10-24 03:58:36','2024-10-24 03:58:36'),(2109,'Sveti Nikole',126,1,'2024-10-24 03:58:36','2024-10-24 03:58:36'),(2110,'Valandovo',126,1,'2024-10-24 03:58:36','2024-10-24 03:58:36'),(2111,'Vinica',126,1,'2024-10-24 03:58:36','2024-10-24 03:58:36'),(2112,'Skopje',126,1,'2024-10-24 03:58:36','2024-10-24 03:58:36'),(2113,'Radovi',126,1,'2024-10-24 03:58:36','2024-10-24 03:58:36'),(2114,'Prilep',126,1,'2024-10-24 03:58:36','2024-10-24 03:58:36'),(2115,'Kriva Palanka',126,1,'2024-10-24 03:58:36','2024-10-24 03:58:36'),(2116,'Kumanovo',126,1,'2024-10-24 03:58:36','2024-10-24 03:58:36'),(2117,'Strumica',126,1,'2024-10-24 03:58:36','2024-10-24 03:58:36'),(2118,'Tetovo',126,1,'2024-10-24 03:58:36','2024-10-24 03:58:36'),(2119,'Toamasina',127,1,'2024-10-24 03:58:36','2024-10-24 03:58:36'),(2120,'Antsiranana',127,1,'2024-10-24 03:58:36','2024-10-24 03:58:36'),(2121,'Antananarivo',127,1,'2024-10-24 03:58:36','2024-10-24 03:58:36'),(2122,'Toliara',127,1,'2024-10-24 03:58:36','2024-10-24 03:58:36'),(2123,'Mahajanga',127,1,'2024-10-24 03:58:36','2024-10-24 03:58:36'),(2124,'Fianarantsoa',127,1,'2024-10-24 03:58:36','2024-10-24 03:58:36'),(2125,'Likoma',128,1,'2024-10-24 03:58:36','2024-10-24 03:58:36'),(2126,'Neno',128,1,'2024-10-24 03:58:36','2024-10-24 03:58:36'),(2127,'Central Region',128,1,'2024-10-24 03:58:36','2024-10-24 03:58:36'),(2128,'Northern Region',128,1,'2024-10-24 03:58:36','2024-10-24 03:58:36'),(2129,'Southern Region',128,1,'2024-10-24 03:58:36','2024-10-24 03:58:36'),(2130,'Blantyre',128,1,'2024-10-24 03:58:36','2024-10-24 03:58:36'),(2131,'Chiradzulu',128,1,'2024-10-24 03:58:36','2024-10-24 03:58:36'),(2132,'Dedza',128,1,'2024-10-24 03:58:36','2024-10-24 03:58:36'),(2133,'Dowa',128,1,'2024-10-24 03:58:36','2024-10-24 03:58:36'),(2134,'Kasungu',128,1,'2024-10-24 03:58:36','2024-10-24 03:58:36'),(2135,'Machinga',128,1,'2024-10-24 03:58:36','2024-10-24 03:58:36'),(2136,'Mangochi',128,1,'2024-10-24 03:58:36','2024-10-24 03:58:36'),(2137,'Mulanje',128,1,'2024-10-24 03:58:36','2024-10-24 03:58:36'),(2138,'Mwanza',128,1,'2024-10-24 03:58:36','2024-10-24 03:58:36'),(2139,'Nkhotakota',128,1,'2024-10-24 03:58:36','2024-10-24 03:58:36'),(2140,'Nsanje',128,1,'2024-10-24 03:58:36','2024-10-24 03:58:36'),(2141,'Ntchisi',128,1,'2024-10-24 03:58:36','2024-10-24 03:58:36'),(2142,'Phalombe',128,1,'2024-10-24 03:58:36','2024-10-24 03:58:36'),(2143,'Salima',128,1,'2024-10-24 03:58:36','2024-10-24 03:58:36'),(2144,'Thyolo',128,1,'2024-10-24 03:58:36','2024-10-24 03:58:36'),(2145,'Zomba',128,1,'2024-10-24 03:58:36','2024-10-24 03:58:36'),(2146,'Balaka',128,1,'2024-10-24 03:58:36','2024-10-24 03:58:36'),(2147,'Chikwawa',128,1,'2024-10-24 03:58:36','2024-10-24 03:58:36'),(2148,'Chitipa',128,1,'2024-10-24 03:58:36','2024-10-24 03:58:36'),(2149,'Nkhata Bay',128,1,'2024-10-24 03:58:36','2024-10-24 03:58:36'),(2150,'Mzimba',128,1,'2024-10-24 03:58:36','2024-10-24 03:58:36'),(2151,'Mchinji',128,1,'2024-10-24 03:58:36','2024-10-24 03:58:36'),(2152,'Karonga',128,1,'2024-10-24 03:58:36','2024-10-24 03:58:36'),(2153,'Lilongwe',128,1,'2024-10-24 03:58:36','2024-10-24 03:58:36'),(2154,'Ntcheu',128,1,'2024-10-24 03:58:36','2024-10-24 03:58:36'),(2155,'Rumphi',128,1,'2024-10-24 03:58:36','2024-10-24 03:58:36'),(2156,'Wilayah Persekutuan Putrajaya',129,1,'2024-10-24 03:58:36','2024-10-24 03:58:36'),(2157,'Terengganu',129,1,'2024-10-24 03:58:36','2024-10-24 03:58:36'),(2158,'Johor',129,1,'2024-10-24 03:58:36','2024-10-24 03:58:36'),(2159,'Kelantan',129,1,'2024-10-24 03:58:36','2024-10-24 03:58:36'),(2160,'Wilayah Persekutuan Labuan',129,1,'2024-10-24 03:58:36','2024-10-24 03:58:36'),(2161,'Melaka',129,1,'2024-10-24 03:58:36','2024-10-24 03:58:36'),(2162,'Pahang',129,1,'2024-10-24 03:58:36','2024-10-24 03:58:36'),(2163,'Perak',129,1,'2024-10-24 03:58:36','2024-10-24 03:58:36'),(2164,'Pulau Pinang',129,1,'2024-10-24 03:58:36','2024-10-24 03:58:36'),(2165,'Sabah',129,1,'2024-10-24 03:58:36','2024-10-24 03:58:36'),(2166,'Selangor',129,1,'2024-10-24 03:58:36','2024-10-24 03:58:36'),(2167,'Kedah',129,1,'2024-10-24 03:58:36','2024-10-24 03:58:36'),(2168,'Wilayah Persekutuan Kuala Lumpur',129,1,'2024-10-24 03:58:36','2024-10-24 03:58:36'),(2169,'Negeri Sembilan',129,1,'2024-10-24 03:58:36','2024-10-24 03:58:36'),(2170,'Perlis',129,1,'2024-10-24 03:58:36','2024-10-24 03:58:36'),(2171,'Sarawak',129,1,'2024-10-24 03:58:36','2024-10-24 03:58:36'),(2172,'Thaa',130,1,'2024-10-24 03:58:36','2024-10-24 03:58:36'),(2173,'Kaafu',130,1,'2024-10-24 03:58:36','2024-10-24 03:58:36'),(2174,'Gnaviyani',130,1,'2024-10-24 03:58:36','2024-10-24 03:58:36'),(2175,'Alif',130,1,'2024-10-24 03:58:36','2024-10-24 03:58:36'),(2176,'Alif Dhaal',130,1,'2024-10-24 03:58:36','2024-10-24 03:58:36'),(2177,'Baa',130,1,'2024-10-24 03:58:36','2024-10-24 03:58:36'),(2178,'Dhaalu',130,1,'2024-10-24 03:58:36','2024-10-24 03:58:36'),(2179,'Faafu',130,1,'2024-10-24 03:58:36','2024-10-24 03:58:36'),(2180,'Gaaf Alif',130,1,'2024-10-24 03:58:36','2024-10-24 03:58:36'),(2181,'Gaafu Dhaalu',130,1,'2024-10-24 03:58:36','2024-10-24 03:58:36'),(2182,'Haa Alif',130,1,'2024-10-24 03:58:36','2024-10-24 03:58:36'),(2183,'Haa Dhaalu',130,1,'2024-10-24 03:58:36','2024-10-24 03:58:36'),(2184,'Laamu',130,1,'2024-10-24 03:58:36','2024-10-24 03:58:36'),(2185,'Male',130,1,'2024-10-24 03:58:36','2024-10-24 03:58:36'),(2186,'Raa',130,1,'2024-10-24 03:58:36','2024-10-24 03:58:36'),(2187,'Seenu',130,1,'2024-10-24 03:58:36','2024-10-24 03:58:36'),(2188,'Vaavu',130,1,'2024-10-24 03:58:36','2024-10-24 03:58:36'),(2189,'Lhaviyani',130,1,'2024-10-24 03:58:36','2024-10-24 03:58:36'),(2190,'Shaviyani',130,1,'2024-10-24 03:58:36','2024-10-24 03:58:36'),(2191,'Noonu',130,1,'2024-10-24 03:58:36','2024-10-24 03:58:36'),(2192,'Meemu',130,1,'2024-10-24 03:58:36','2024-10-24 03:58:36'),(2193,'Tombouctou',131,1,'2024-10-24 03:58:36','2024-10-24 03:58:36'),(2194,'Mopti',131,1,'2024-10-24 03:58:36','2024-10-24 03:58:36'),(2195,'Bamako',131,1,'2024-10-24 03:58:36','2024-10-24 03:58:36'),(2196,'Kidal',131,1,'2024-10-24 03:58:36','2024-10-24 03:58:36'),(2197,'Gao',131,1,'2024-10-24 03:58:36','2024-10-24 03:58:36'),(2198,'Kayes',131,1,'2024-10-24 03:58:36','2024-10-24 03:58:36'),(2199,'Koulikoro',131,1,'2024-10-24 03:58:36','2024-10-24 03:58:36'),(2200,'Sgou',131,1,'2024-10-24 03:58:36','2024-10-24 03:58:36'),(2201,'Sikasso',131,1,'2024-10-24 03:58:36','2024-10-24 03:58:36'),(2202,'Jabat',133,1,'2024-10-24 03:58:36','2024-10-24 03:58:36'),(2203,'Wotje',133,1,'2024-10-24 03:58:36','2024-10-24 03:58:36'),(2204,'Wotho',133,1,'2024-10-24 03:58:36','2024-10-24 03:58:36'),(2205,'Namu',133,1,'2024-10-24 03:58:36','2024-10-24 03:58:36'),(2206,'Majuro',133,1,'2024-10-24 03:58:36','2024-10-24 03:58:36'),(2207,'Ailuk',133,1,'2024-10-24 03:58:36','2024-10-24 03:58:36'),(2208,'Arno',133,1,'2024-10-24 03:58:36','2024-10-24 03:58:36'),(2209,'Ebon',133,1,'2024-10-24 03:58:36','2024-10-24 03:58:36'),(2210,'Jaluit',133,1,'2024-10-24 03:58:36','2024-10-24 03:58:36'),(2211,'Kwajalein',133,1,'2024-10-24 03:58:36','2024-10-24 03:58:36'),(2212,'Lib',133,1,'2024-10-24 03:58:36','2024-10-24 03:58:36'),(2213,'Likiep',133,1,'2024-10-24 03:58:36','2024-10-24 03:58:36'),(2214,'Maloelap',133,1,'2024-10-24 03:58:36','2024-10-24 03:58:36'),(2215,'Mili',133,1,'2024-10-24 03:58:36','2024-10-24 03:58:36'),(2216,'Namdrik',133,1,'2024-10-24 03:58:36','2024-10-24 03:58:36'),(2217,'Rongelap',133,1,'2024-10-24 03:58:36','2024-10-24 03:58:36'),(2218,'Ailinglaplap',133,1,'2024-10-24 03:58:36','2024-10-24 03:58:36'),(2219,'Aur',133,1,'2024-10-24 03:58:36','2024-10-24 03:58:36'),(2220,'Enewetak',133,1,'2024-10-24 03:58:36','2024-10-24 03:58:36'),(2221,'Kili',133,1,'2024-10-24 03:58:36','2024-10-24 03:58:36'),(2222,'Lae',133,1,'2024-10-24 03:58:36','2024-10-24 03:58:36'),(2223,'Mejit',133,1,'2024-10-24 03:58:36','2024-10-24 03:58:36'),(2224,'Ujae',133,1,'2024-10-24 03:58:36','2024-10-24 03:58:36'),(2225,'Utirik',133,1,'2024-10-24 03:58:36','2024-10-24 03:58:36'),(2226,'Trarza',135,1,'2024-10-24 03:58:36','2024-10-24 03:58:36'),(2227,'Assaba',135,1,'2024-10-24 03:58:36','2024-10-24 03:58:36'),(2228,'Adrar',135,1,'2024-10-24 03:58:36','2024-10-24 03:58:36'),(2229,'Dakhlet Noudhibou',135,1,'2024-10-24 03:58:36','2024-10-24 03:58:36'),(2230,'Hodh el Gharbi',135,1,'2024-10-24 03:58:36','2024-10-24 03:58:36'),(2231,'Inchiri',135,1,'2024-10-24 03:58:36','2024-10-24 03:58:36'),(2232,'Tiris Zemmour',135,1,'2024-10-24 03:58:36','2024-10-24 03:58:36'),(2233,'Brakna',135,1,'2024-10-24 03:58:36','2024-10-24 03:58:36'),(2234,'Tagant',135,1,'2024-10-24 03:58:36','2024-10-24 03:58:36'),(2235,'Hodh ech Chargui',135,1,'2024-10-24 03:58:36','2024-10-24 03:58:36'),(2236,'Gorgol',135,1,'2024-10-24 03:58:36','2024-10-24 03:58:36'),(2237,'Guidimaka',135,1,'2024-10-24 03:58:36','2024-10-24 03:58:36'),(2238,'Nouakchott',135,1,'2024-10-24 03:58:36','2024-10-24 03:58:36'),(2239,'Agalega Islands',136,1,'2024-10-24 03:58:36','2024-10-24 03:58:36'),(2240,'Beau Bassin-Rose Hill',136,1,'2024-10-24 03:58:36','2024-10-24 03:58:36'),(2241,'Cargados Carajos Shoals [Saint Brandon Islands]',136,1,'2024-10-24 03:58:36','2024-10-24 03:58:36'),(2242,'Curepipe',136,1,'2024-10-24 03:58:36','2024-10-24 03:58:36'),(2243,'Port Louis District',136,1,'2024-10-24 03:58:36','2024-10-24 03:58:36'),(2244,'Vacoas-Phoenix',136,1,'2024-10-24 03:58:36','2024-10-24 03:58:36'),(2245,'Quatre Bornes',136,1,'2024-10-24 03:58:36','2024-10-24 03:58:36'),(2246,'Savanne',136,1,'2024-10-24 03:58:36','2024-10-24 03:58:36'),(2247,'Plaines Wilhems',136,1,'2024-10-24 03:58:36','2024-10-24 03:58:36'),(2248,'Black River',136,1,'2024-10-24 03:58:36','2024-10-24 03:58:36'),(2249,'Grand Port',136,1,'2024-10-24 03:58:36','2024-10-24 03:58:36'),(2250,'Moka',136,1,'2024-10-24 03:58:36','2024-10-24 03:58:36'),(2251,'Flacq',136,1,'2024-10-24 03:58:36','2024-10-24 03:58:36'),(2252,'Pamplemousses',136,1,'2024-10-24 03:58:36','2024-10-24 03:58:36'),(2253,'Port Louis City',136,1,'2024-10-24 03:58:36','2024-10-24 03:58:36'),(2254,'Rodrigues Island',136,1,'2024-10-24 03:58:36','2024-10-24 03:58:36'),(2255,'Rivire du Rempart',136,1,'2024-10-24 03:58:36','2024-10-24 03:58:36'),(2256,'Yucatn',138,1,'2024-10-24 03:58:36','2024-10-24 03:58:36'),(2257,'Nuevo Len',138,1,'2024-10-24 03:58:36','2024-10-24 03:58:36'),(2258,'Puebla',138,1,'2024-10-24 03:58:36','2024-10-24 03:58:36'),(2259,'Quertaro',138,1,'2024-10-24 03:58:36','2024-10-24 03:58:36'),(2260,'San Luis Potos',138,1,'2024-10-24 03:58:36','2024-10-24 03:58:36'),(2261,'Sinaloa',138,1,'2024-10-24 03:58:36','2024-10-24 03:58:36'),(2262,'Tabasco',138,1,'2024-10-24 03:58:36','2024-10-24 03:58:36'),(2263,'Tlaxcala',138,1,'2024-10-24 03:58:36','2024-10-24 03:58:36'),(2264,'Veracruz',138,1,'2024-10-24 03:58:36','2024-10-24 03:58:36'),(2265,'Zacatecas',138,1,'2024-10-24 03:58:36','2024-10-24 03:58:36'),(2266,'Baja California',138,1,'2024-10-24 03:58:36','2024-10-24 03:58:36'),(2267,'Baja California Sur',138,1,'2024-10-24 03:58:36','2024-10-24 03:58:36'),(2268,'Chiapas',138,1,'2024-10-24 03:58:36','2024-10-24 03:58:36'),(2269,'Coahuila',138,1,'2024-10-24 03:58:36','2024-10-24 03:58:36'),(2270,'Colima',138,1,'2024-10-24 03:58:36','2024-10-24 03:58:36'),(2271,'Durango',138,1,'2024-10-24 03:58:36','2024-10-24 03:58:36'),(2272,'Guanajuato',138,1,'2024-10-24 03:58:36','2024-10-24 03:58:36'),(2273,'Hidalgo',138,1,'2024-10-24 03:58:36','2024-10-24 03:58:36'),(2274,'Jalisco',138,1,'2024-10-24 03:58:36','2024-10-24 03:58:36'),(2275,'Michoacn',138,1,'2024-10-24 03:58:36','2024-10-24 03:58:36'),(2276,'Morelos',138,1,'2024-10-24 03:58:36','2024-10-24 03:58:36'),(2277,'Aguascalientes',138,1,'2024-10-24 03:58:36','2024-10-24 03:58:36'),(2278,'Campeche',138,1,'2024-10-24 03:58:36','2024-10-24 03:58:36'),(2279,'Chihuahua',138,1,'2024-10-24 03:58:36','2024-10-24 03:58:36'),(2280,'Distrito Federal',138,1,'2024-10-24 03:58:36','2024-10-24 03:58:36'),(2281,'Guerrero',138,1,'2024-10-24 03:58:36','2024-10-24 03:58:36'),(2282,'Mxico',138,1,'2024-10-24 03:58:36','2024-10-24 03:58:36'),(2283,'Nayarit',138,1,'2024-10-24 03:58:36','2024-10-24 03:58:36'),(2284,'Oaxaca',138,1,'2024-10-24 03:58:36','2024-10-24 03:58:36'),(2285,'Tamaulipas',138,1,'2024-10-24 03:58:36','2024-10-24 03:58:36'),(2286,'Quintana Roo',138,1,'2024-10-24 03:58:36','2024-10-24 03:58:36'),(2287,'Sonora',138,1,'2024-10-24 03:58:36','2024-10-24 03:58:36'),(2288,'Pohnpei',139,1,'2024-10-24 03:58:36','2024-10-24 03:58:36'),(2289,'Kosrae',139,1,'2024-10-24 03:58:36','2024-10-24 03:58:36'),(2290,'Chuuk',139,1,'2024-10-24 03:58:36','2024-10-24 03:58:36'),(2291,'Yap',139,1,'2024-10-24 03:58:36','2024-10-24 03:58:36'),(2292,'Stnga Nistrului, unitatea teritoriala din',140,1,'2024-10-24 03:58:36','2024-10-24 03:58:36'),(2293,'tefan Vod',140,1,'2024-10-24 03:58:36','2024-10-24 03:58:36'),(2294,'Rezina',140,1,'2024-10-24 03:58:36','2024-10-24 03:58:36'),(2295,'Ialoveni',140,1,'2024-10-24 03:58:36','2024-10-24 03:58:36'),(2296,'Floreti',140,1,'2024-10-24 03:58:36','2024-10-24 03:58:36'),(2297,'Dubsari',140,1,'2024-10-24 03:58:36','2024-10-24 03:58:36'),(2298,'Fleti',140,1,'2024-10-24 03:58:36','2024-10-24 03:58:36'),(2299,'Gagauzia, Unitatea teritoriala autonoma (UTAG)',140,1,'2024-10-24 03:58:36','2024-10-24 03:58:36'),(2300,'Hnceti',140,1,'2024-10-24 03:58:36','2024-10-24 03:58:36'),(2301,'Leova',140,1,'2024-10-24 03:58:36','2024-10-24 03:58:36'),(2302,'Nisporeni',140,1,'2024-10-24 03:58:36','2024-10-24 03:58:36'),(2303,'Orhei',140,1,'2024-10-24 03:58:36','2024-10-24 03:58:36'),(2304,'Bli',140,1,'2024-10-24 03:58:36','2024-10-24 03:58:36'),(2305,'Basarabeasca',140,1,'2024-10-24 03:58:36','2024-10-24 03:58:36'),(2306,'Cahul',140,1,'2024-10-24 03:58:36','2024-10-24 03:58:36'),(2307,'Cantemir',140,1,'2024-10-24 03:58:36','2024-10-24 03:58:36'),(2308,'Chisinau',140,1,'2024-10-24 03:58:36','2024-10-24 03:58:36'),(2309,'Cimilia',140,1,'2024-10-24 03:58:36','2024-10-24 03:58:36'),(2310,'Dondueni',140,1,'2024-10-24 03:58:36','2024-10-24 03:58:36'),(2311,'Rcani',140,1,'2024-10-24 03:58:36','2024-10-24 03:58:36'),(2312,'Sngerei',140,1,'2024-10-24 03:58:36','2024-10-24 03:58:36'),(2313,'oldneti',140,1,'2024-10-24 03:58:36','2024-10-24 03:58:36'),(2314,'Soroca',140,1,'2024-10-24 03:58:36','2024-10-24 03:58:36'),(2315,'Streni',140,1,'2024-10-24 03:58:36','2024-10-24 03:58:36'),(2316,'Teleneti',140,1,'2024-10-24 03:58:36','2024-10-24 03:58:36'),(2317,'Tighina',140,1,'2024-10-24 03:58:36','2024-10-24 03:58:36'),(2318,'Ungheni',140,1,'2024-10-24 03:58:36','2024-10-24 03:58:36'),(2319,'Anenii Noi',140,1,'2024-10-24 03:58:36','2024-10-24 03:58:36'),(2320,'Briceni',140,1,'2024-10-24 03:58:36','2024-10-24 03:58:36'),(2321,'Clrai',140,1,'2024-10-24 03:58:36','2024-10-24 03:58:36'),(2322,'Cueni',140,1,'2024-10-24 03:58:36','2024-10-24 03:58:36'),(2323,'Criuleni',140,1,'2024-10-24 03:58:36','2024-10-24 03:58:36'),(2324,'Drochia',140,1,'2024-10-24 03:58:36','2024-10-24 03:58:36'),(2325,'Edinet',140,1,'2024-10-24 03:58:36','2024-10-24 03:58:36'),(2326,'Glodeni',140,1,'2024-10-24 03:58:36','2024-10-24 03:58:36'),(2327,'Ocnia',140,1,'2024-10-24 03:58:36','2024-10-24 03:58:36'),(2328,'Taraclia',140,1,'2024-10-24 03:58:36','2024-10-24 03:58:36'),(2329,'Ulaanbaatar',142,1,'2024-10-24 03:58:36','2024-10-24 03:58:36'),(2330,'Selenge',142,1,'2024-10-24 03:58:36','2024-10-24 03:58:36'),(2331,'Hvsgl',142,1,'2024-10-24 03:58:36','2024-10-24 03:58:36'),(2332,'Dundgovi',142,1,'2024-10-24 03:58:36','2024-10-24 03:58:36'),(2333,'Bayan-lgiy',142,1,'2024-10-24 03:58:36','2024-10-24 03:58:36'),(2334,'Bayanhongor',142,1,'2024-10-24 03:58:36','2024-10-24 03:58:36'),(2335,'Bulgan',142,1,'2024-10-24 03:58:36','2024-10-24 03:58:36'),(2336,'Darhan uul',142,1,'2024-10-24 03:58:36','2024-10-24 03:58:36'),(2337,'Dornogovi',142,1,'2024-10-24 03:58:36','2024-10-24 03:58:36'),(2338,'Govi-Altay',142,1,'2024-10-24 03:58:36','2024-10-24 03:58:36'),(2339,'Hentiy',142,1,'2024-10-24 03:58:36','2024-10-24 03:58:36'),(2340,'Hovd',142,1,'2024-10-24 03:58:36','2024-10-24 03:58:36'),(2341,'mngovi',142,1,'2024-10-24 03:58:36','2024-10-24 03:58:36'),(2342,'vrhangay',142,1,'2024-10-24 03:58:36','2024-10-24 03:58:36'),(2343,'Shbaatar',142,1,'2024-10-24 03:58:36','2024-10-24 03:58:36'),(2344,'Tv',142,1,'2024-10-24 03:58:36','2024-10-24 03:58:36'),(2345,'Uvs',142,1,'2024-10-24 03:58:36','2024-10-24 03:58:36'),(2346,'Dzavhan',142,1,'2024-10-24 03:58:36','2024-10-24 03:58:36'),(2347,'Arhangay',142,1,'2024-10-24 03:58:36','2024-10-24 03:58:36'),(2348,'Dornod',142,1,'2024-10-24 03:58:36','2024-10-24 03:58:36'),(2349,'Govi-Smber',142,1,'2024-10-24 03:58:36','2024-10-24 03:58:36'),(2350,'Orhon',142,1,'2024-10-24 03:58:36','2024-10-24 03:58:36'),(2351,'Boujdour (EH)',144,1,'2024-10-24 03:58:36','2024-10-24 03:58:36'),(2352,'Es Smara (EH)',144,1,'2024-10-24 03:58:36','2024-10-24 03:58:36'),(2353,'Layoune*',144,1,'2024-10-24 03:58:36','2024-10-24 03:58:36'),(2354,'Oued ed Dahab (EH)',144,1,'2024-10-24 03:58:36','2024-10-24 03:58:36'),(2355,'Laayoune-Boujdour-Sakia El Hamra',144,1,'2024-10-24 03:58:36','2024-10-24 03:58:36'),(2356,'Chtouka-Ait Baha',144,1,'2024-10-24 03:58:36','2024-10-24 03:58:36'),(2357,'Al Hocema',144,1,'2024-10-24 03:58:36','2024-10-24 03:58:36'),(2358,'Tiznit',144,1,'2024-10-24 03:58:36','2024-10-24 03:58:36'),(2359,'Guelmim',144,1,'2024-10-24 03:58:36','2024-10-24 03:58:36'),(2360,'Tata',144,1,'2024-10-24 03:58:36','2024-10-24 03:58:36'),(2361,'Chichaoua',144,1,'2024-10-24 03:58:36','2024-10-24 03:58:36'),(2362,'Essaouira',144,1,'2024-10-24 03:58:36','2024-10-24 03:58:36'),(2363,'El Hajeb',144,1,'2024-10-24 03:58:36','2024-10-24 03:58:36'),(2364,'Ifrane',144,1,'2024-10-24 03:58:36','2024-10-24 03:58:36'),(2365,'Berkane',144,1,'2024-10-24 03:58:36','2024-10-24 03:58:36'),(2366,'Nador',144,1,'2024-10-24 03:58:36','2024-10-24 03:58:36'),(2367,'Taourirt',144,1,'2024-10-24 03:58:36','2024-10-24 03:58:36'),(2368,'Safi',144,1,'2024-10-24 03:58:36','2024-10-24 03:58:36'),(2369,'Moulay Yacoub',144,1,'2024-10-24 03:58:36','2024-10-24 03:58:36'),(2370,'Sidi Kacem',144,1,'2024-10-24 03:58:36','2024-10-24 03:58:36'),(2371,'Mediouna',144,1,'2024-10-24 03:58:36','2024-10-24 03:58:36'),(2372,'Assa-Zag',144,1,'2024-10-24 03:58:36','2024-10-24 03:58:36'),(2373,'Tan-Tan',144,1,'2024-10-24 03:58:36','2024-10-24 03:58:36'),(2374,'Al Haouz',144,1,'2024-10-24 03:58:36','2024-10-24 03:58:36'),(2375,'Kelaat es Sraghna',144,1,'2024-10-24 03:58:36','2024-10-24 03:58:36'),(2376,'Errachidia',144,1,'2024-10-24 03:58:36','2024-10-24 03:58:36'),(2377,'Khenifra',144,1,'2024-10-24 03:58:36','2024-10-24 03:58:36'),(2378,'Figuig',144,1,'2024-10-24 03:58:36','2024-10-24 03:58:36'),(2379,'Jrada',144,1,'2024-10-24 03:58:36','2024-10-24 03:58:36'),(2380,'Khemisset',144,1,'2024-10-24 03:58:36','2024-10-24 03:58:36'),(2381,'Taroudant',144,1,'2024-10-24 03:58:36','2024-10-24 03:58:36'),(2382,'Zagora',144,1,'2024-10-24 03:58:36','2024-10-24 03:58:36'),(2383,'Beni Mellal',144,1,'2024-10-24 03:58:36','2024-10-24 03:58:36'),(2384,'Chefchaouen',144,1,'2024-10-24 03:58:36','2024-10-24 03:58:36'),(2385,'Larache',144,1,'2024-10-24 03:58:36','2024-10-24 03:58:36'),(2386,'Taounate',144,1,'2024-10-24 03:58:36','2024-10-24 03:58:36'),(2387,'Taza',144,1,'2024-10-24 03:58:36','2024-10-24 03:58:36'),(2388,'Ben Slimane',144,1,'2024-10-24 03:58:36','2024-10-24 03:58:36'),(2389,'Khouribga',144,1,'2024-10-24 03:58:36','2024-10-24 03:58:36'),(2390,'Settat',144,1,'2024-10-24 03:58:36','2024-10-24 03:58:36'),(2391,'El Jadida',144,1,'2024-10-24 03:58:36','2024-10-24 03:58:36'),(2392,'Boulemane',144,1,'2024-10-24 03:58:36','2024-10-24 03:58:36'),(2393,'Sefrou',144,1,'2024-10-24 03:58:36','2024-10-24 03:58:36'),(2394,'Knitra',144,1,'2024-10-24 03:58:36','2024-10-24 03:58:36'),(2395,'Nouaceur',144,1,'2024-10-24 03:58:36','2024-10-24 03:58:36'),(2396,'Ouarzazate',144,1,'2024-10-24 03:58:36','2024-10-24 03:58:36'),(2397,'Azilal',144,1,'2024-10-24 03:58:36','2024-10-24 03:58:36'),(2398,'Inhambane',145,1,'2024-10-24 03:58:36','2024-10-24 03:58:36'),(2399,'Manica',145,1,'2024-10-24 03:58:36','2024-10-24 03:58:36'),(2400,'Maputo',145,1,'2024-10-24 03:58:36','2024-10-24 03:58:36'),(2401,'Niassa',145,1,'2024-10-24 03:58:36','2024-10-24 03:58:36'),(2402,'Tete',145,1,'2024-10-24 03:58:36','2024-10-24 03:58:36'),(2403,'Cabo Delgado',145,1,'2024-10-24 03:58:36','2024-10-24 03:58:36'),(2404,'Gaza',145,1,'2024-10-24 03:58:36','2024-10-24 03:58:36'),(2405,'Maputo City',145,1,'2024-10-24 03:58:36','2024-10-24 03:58:36'),(2406,'Nampula',145,1,'2024-10-24 03:58:36','2024-10-24 03:58:36'),(2407,'Sofala',145,1,'2024-10-24 03:58:36','2024-10-24 03:58:36'),(2408,'Zambzia',145,1,'2024-10-24 03:58:36','2024-10-24 03:58:36'),(2409,'Tanintharyi',146,1,'2024-10-24 03:58:36','2024-10-24 03:58:36'),(2410,'Ayeyarwady',146,1,'2024-10-24 03:58:36','2024-10-24 03:58:36'),(2411,'Bago',146,1,'2024-10-24 03:58:36','2024-10-24 03:58:36'),(2412,'Kachin',146,1,'2024-10-24 03:58:36','2024-10-24 03:58:36'),(2413,'Kayin',146,1,'2024-10-24 03:58:36','2024-10-24 03:58:36'),(2414,'Magway',146,1,'2024-10-24 03:58:36','2024-10-24 03:58:36'),(2415,'Mon',146,1,'2024-10-24 03:58:36','2024-10-24 03:58:36'),(2416,'Sagaing',146,1,'2024-10-24 03:58:36','2024-10-24 03:58:36'),(2417,'Shan',146,1,'2024-10-24 03:58:36','2024-10-24 03:58:36'),(2418,'Yangon',146,1,'2024-10-24 03:58:36','2024-10-24 03:58:36'),(2419,'Chin',146,1,'2024-10-24 03:58:36','2024-10-24 03:58:36'),(2420,'Kayah',146,1,'2024-10-24 03:58:36','2024-10-24 03:58:36'),(2421,'Rakhine',146,1,'2024-10-24 03:58:36','2024-10-24 03:58:36'),(2422,'Mandalay',146,1,'2024-10-24 03:58:36','2024-10-24 03:58:36'),(2423,'Oshikoto',147,1,'2024-10-24 03:58:36','2024-10-24 03:58:36'),(2424,'Omaheke',147,1,'2024-10-24 03:58:36','2024-10-24 03:58:36'),(2425,'Hardap',147,1,'2024-10-24 03:58:36','2024-10-24 03:58:36'),(2426,'Khomas',147,1,'2024-10-24 03:58:36','2024-10-24 03:58:36'),(2427,'Caprivi',147,1,'2024-10-24 03:58:36','2024-10-24 03:58:36'),(2428,'Erongo',147,1,'2024-10-24 03:58:36','2024-10-24 03:58:36'),(2429,'Karas',147,1,'2024-10-24 03:58:36','2024-10-24 03:58:36'),(2430,'Okavango',147,1,'2024-10-24 03:58:36','2024-10-24 03:58:36'),(2431,'Kunene',147,1,'2024-10-24 03:58:36','2024-10-24 03:58:36'),(2432,'Ohangwena',147,1,'2024-10-24 03:58:36','2024-10-24 03:58:36'),(2433,'Omusati',147,1,'2024-10-24 03:58:36','2024-10-24 03:58:36'),(2434,'Oshana',147,1,'2024-10-24 03:58:36','2024-10-24 03:58:36'),(2435,'Otjozondjupa',147,1,'2024-10-24 03:58:36','2024-10-24 03:58:36'),(2436,'Yaren',148,1,'2024-10-24 03:58:36','2024-10-24 03:58:36'),(2437,'Nibok',148,1,'2024-10-24 03:58:36','2024-10-24 03:58:36'),(2438,'Anabar',148,1,'2024-10-24 03:58:36','2024-10-24 03:58:36'),(2439,'Uaboe',148,1,'2024-10-24 03:58:36','2024-10-24 03:58:36'),(2440,'Ijuw',148,1,'2024-10-24 03:58:36','2024-10-24 03:58:36'),(2441,'Buada',148,1,'2024-10-24 03:58:36','2024-10-24 03:58:36'),(2442,'Anibare',148,1,'2024-10-24 03:58:36','2024-10-24 03:58:36'),(2443,'Aiwo',148,1,'2024-10-24 03:58:36','2024-10-24 03:58:36'),(2444,'Anetan',148,1,'2024-10-24 03:58:36','2024-10-24 03:58:36'),(2445,'Boe',148,1,'2024-10-24 03:58:36','2024-10-24 03:58:36'),(2446,'Ewa',148,1,'2024-10-24 03:58:36','2024-10-24 03:58:36'),(2447,'Meneng',148,1,'2024-10-24 03:58:36','2024-10-24 03:58:36'),(2448,'Baiti',148,1,'2024-10-24 03:58:36','2024-10-24 03:58:36'),(2449,'Denigomodu',148,1,'2024-10-24 03:58:36','2024-10-24 03:58:36'),(2450,'Bagmati',149,1,'2024-10-24 03:58:36','2024-10-24 03:58:36'),(2451,'Bheri',149,1,'2024-10-24 03:58:36','2024-10-24 03:58:36'),(2452,'Dhawalagiri',149,1,'2024-10-24 03:58:36','2024-10-24 03:58:36'),(2453,'Gandaki',149,1,'2024-10-24 03:58:36','2024-10-24 03:58:36'),(2454,'Janakpur',149,1,'2024-10-24 03:58:36','2024-10-24 03:58:36'),(2455,'Karnali',149,1,'2024-10-24 03:58:36','2024-10-24 03:58:36'),(2456,'Kosi [Koshi]',149,1,'2024-10-24 03:58:36','2024-10-24 03:58:36'),(2457,'Lumbini',149,1,'2024-10-24 03:58:36','2024-10-24 03:58:36'),(2458,'Mahakali',149,1,'2024-10-24 03:58:36','2024-10-24 03:58:36'),(2459,'Mechi',149,1,'2024-10-24 03:58:36','2024-10-24 03:58:36'),(2460,'Narayani',149,1,'2024-10-24 03:58:36','2024-10-24 03:58:36'),(2461,'Rapti',149,1,'2024-10-24 03:58:36','2024-10-24 03:58:36'),(2462,'Sagarmatha',149,1,'2024-10-24 03:58:36','2024-10-24 03:58:36'),(2463,'Seti',149,1,'2024-10-24 03:58:36','2024-10-24 03:58:36'),(2464,'Utrecht',150,1,'2024-10-24 03:58:36','2024-10-24 03:58:36'),(2465,'Gelderland',150,1,'2024-10-24 03:58:36','2024-10-24 03:58:36'),(2466,'Drenthe',150,1,'2024-10-24 03:58:36','2024-10-24 03:58:36'),(2467,'Zeeland',150,1,'2024-10-24 03:58:36','2024-10-24 03:58:36'),(2468,'Noord-Brabant',150,1,'2024-10-24 03:58:36','2024-10-24 03:58:36'),(2469,'Friesland',150,1,'2024-10-24 03:58:36','2024-10-24 03:58:36'),(2470,'Flevoland',150,1,'2024-10-24 03:58:36','2024-10-24 03:58:36'),(2471,'Groningen',150,1,'2024-10-24 03:58:36','2024-10-24 03:58:36'),(2472,'Overijssel',150,1,'2024-10-24 03:58:36','2024-10-24 03:58:36'),(2473,'Zuid-Holland',150,1,'2024-10-24 03:58:36','2024-10-24 03:58:36'),(2474,'Limburg',150,1,'2024-10-24 03:58:36','2024-10-24 03:58:36'),(2475,'Noord-Holland',150,1,'2024-10-24 03:58:36','2024-10-24 03:58:36'),(2476,'Chatham  Islands Territory',153,1,'2024-10-24 03:58:36','2024-10-24 03:58:36'),(2477,'North Island',153,1,'2024-10-24 03:58:36','2024-10-24 03:58:36'),(2478,'South Island',153,1,'2024-10-24 03:58:36','2024-10-24 03:58:36'),(2479,'Waikato',153,1,'2024-10-24 03:58:36','2024-10-24 03:58:36'),(2480,'Northland',153,1,'2024-10-24 03:58:36','2024-10-24 03:58:36'),(2481,'Auckland',153,1,'2024-10-24 03:58:36','2024-10-24 03:58:36'),(2482,'Gisborne District',153,1,'2024-10-24 03:58:36','2024-10-24 03:58:36'),(2483,'Manawatu-Wanganui',153,1,'2024-10-24 03:58:36','2024-10-24 03:58:36'),(2484,'Taranaki',153,1,'2024-10-24 03:58:36','2024-10-24 03:58:36'),(2485,'Bay of Plenty',153,1,'2024-10-24 03:58:36','2024-10-24 03:58:36'),(2486,'Canterbury',153,1,'2024-10-24 03:58:36','2024-10-24 03:58:36'),(2487,'Hawkes s Bay',153,1,'2024-10-24 03:58:36','2024-10-24 03:58:36'),(2488,'Marlborough District',153,1,'2024-10-24 03:58:36','2024-10-24 03:58:36'),(2489,'Nelson City',153,1,'2024-10-24 03:58:36','2024-10-24 03:58:36'),(2490,'Otago',153,1,'2024-10-24 03:58:36','2024-10-24 03:58:36'),(2491,'Southland',153,1,'2024-10-24 03:58:36','2024-10-24 03:58:36'),(2492,'Tasman District',153,1,'2024-10-24 03:58:36','2024-10-24 03:58:36'),(2493,'Wellington',153,1,'2024-10-24 03:58:36','2024-10-24 03:58:36'),(2494,'West Coast',153,1,'2024-10-24 03:58:36','2024-10-24 03:58:36'),(2495,'Ro San Juan',154,1,'2024-10-24 03:58:36','2024-10-24 03:58:36'),(2496,'Masaya',154,1,'2024-10-24 03:58:36','2024-10-24 03:58:36'),(2497,'Chontales',154,1,'2024-10-24 03:58:36','2024-10-24 03:58:36'),(2498,'Carazo',154,1,'2024-10-24 03:58:36','2024-10-24 03:58:36'),(2499,'Nueva Segovia',154,1,'2024-10-24 03:58:36','2024-10-24 03:58:36'),(2500,'Managua',154,1,'2024-10-24 03:58:36','2024-10-24 03:58:36'),(2501,'Jinotega',154,1,'2024-10-24 03:58:36','2024-10-24 03:58:36'),(2502,'Chinandega',154,1,'2024-10-24 03:58:36','2024-10-24 03:58:36'),(2503,'Atlntico Sur*',154,1,'2024-10-24 03:58:36','2024-10-24 03:58:36'),(2504,'Boaco',154,1,'2024-10-24 03:58:36','2024-10-24 03:58:36'),(2505,'Estel',154,1,'2024-10-24 03:58:36','2024-10-24 03:58:36'),(2506,'Len',154,1,'2024-10-24 03:58:36','2024-10-24 03:58:36'),(2507,'Matagalpa',154,1,'2024-10-24 03:58:36','2024-10-24 03:58:36'),(2508,'Rivas',154,1,'2024-10-24 03:58:36','2024-10-24 03:58:36'),(2509,'Granada',154,1,'2024-10-24 03:58:36','2024-10-24 03:58:36'),(2510,'Madriz',154,1,'2024-10-24 03:58:36','2024-10-24 03:58:36'),(2511,'Atlntico Norte*',154,1,'2024-10-24 03:58:36','2024-10-24 03:58:36'),(2512,'Agadez',155,1,'2024-10-24 03:58:36','2024-10-24 03:58:36'),(2513,'Diffa',155,1,'2024-10-24 03:58:36','2024-10-24 03:58:36'),(2514,'Dosso',155,1,'2024-10-24 03:58:36','2024-10-24 03:58:36'),(2515,'Maradi',155,1,'2024-10-24 03:58:36','2024-10-24 03:58:36'),(2516,'Niamey',155,1,'2024-10-24 03:58:36','2024-10-24 03:58:36'),(2517,'Tahoua',155,1,'2024-10-24 03:58:36','2024-10-24 03:58:36'),(2518,'Tillabri',155,1,'2024-10-24 03:58:36','2024-10-24 03:58:36'),(2519,'Zinder',155,1,'2024-10-24 03:58:36','2024-10-24 03:58:36'),(2520,'Abia',156,1,'2024-10-24 03:58:36','2024-10-24 03:58:36'),(2521,'Delta',156,1,'2024-10-24 03:58:36','2024-10-24 03:58:36'),(2522,'Abuja Federal Capital Territory',156,1,'2024-10-24 03:58:36','2024-10-24 03:58:36'),(2523,'Adamawa',156,1,'2024-10-24 03:58:36','2024-10-24 03:58:36'),(2524,'Akwa Ibom',156,1,'2024-10-24 03:58:36','2024-10-24 03:58:36'),(2525,'Anambra',156,1,'2024-10-24 03:58:36','2024-10-24 03:58:36'),(2526,'Bauchi',156,1,'2024-10-24 03:58:36','2024-10-24 03:58:36'),(2527,'Borno',156,1,'2024-10-24 03:58:36','2024-10-24 03:58:36'),(2528,'Ekiti',156,1,'2024-10-24 03:58:36','2024-10-24 03:58:36'),(2529,'Kebbi',156,1,'2024-10-24 03:58:36','2024-10-24 03:58:36'),(2530,'Kwara',156,1,'2024-10-24 03:58:36','2024-10-24 03:58:36'),(2531,'Lagos',156,1,'2024-10-24 03:58:36','2024-10-24 03:58:36'),(2532,'Niger',156,1,'2024-10-24 03:58:36','2024-10-24 03:58:36'),(2533,'Ogun',156,1,'2024-10-24 03:58:36','2024-10-24 03:58:36'),(2534,'Osun',156,1,'2024-10-24 03:58:36','2024-10-24 03:58:36'),(2535,'Oyo',156,1,'2024-10-24 03:58:36','2024-10-24 03:58:36'),(2536,'Rivers',156,1,'2024-10-24 03:58:36','2024-10-24 03:58:36'),(2537,'Sokoto',156,1,'2024-10-24 03:58:36','2024-10-24 03:58:36'),(2538,'Benue',156,1,'2024-10-24 03:58:36','2024-10-24 03:58:36'),(2539,'Cross River',156,1,'2024-10-24 03:58:36','2024-10-24 03:58:36'),(2540,'Ebonyi',156,1,'2024-10-24 03:58:36','2024-10-24 03:58:36'),(2541,'Edo',156,1,'2024-10-24 03:58:36','2024-10-24 03:58:36'),(2542,'Enugu',156,1,'2024-10-24 03:58:36','2024-10-24 03:58:36'),(2543,'Gombe',156,1,'2024-10-24 03:58:36','2024-10-24 03:58:36'),(2544,'Jigawa',156,1,'2024-10-24 03:58:36','2024-10-24 03:58:36'),(2545,'Kaduna',156,1,'2024-10-24 03:58:36','2024-10-24 03:58:36'),(2546,'Katsina',156,1,'2024-10-24 03:58:36','2024-10-24 03:58:36'),(2547,'Bayelsa',156,1,'2024-10-24 03:58:36','2024-10-24 03:58:36'),(2548,'Yobe',156,1,'2024-10-24 03:58:36','2024-10-24 03:58:36'),(2549,'Kano',156,1,'2024-10-24 03:58:36','2024-10-24 03:58:36'),(2550,'Zamfara',156,1,'2024-10-24 03:58:36','2024-10-24 03:58:36'),(2551,'Taraba',156,1,'2024-10-24 03:58:36','2024-10-24 03:58:36'),(2552,'Nassarawa',156,1,'2024-10-24 03:58:36','2024-10-24 03:58:36'),(2553,'Ondo',156,1,'2024-10-24 03:58:36','2024-10-24 03:58:36'),(2554,'Plateau',156,1,'2024-10-24 03:58:36','2024-10-24 03:58:36'),(2555,'Kogi',156,1,'2024-10-24 03:58:36','2024-10-24 03:58:36'),(2556,'Imo',156,1,'2024-10-24 03:58:36','2024-10-24 03:58:36'),(2557,'Jan Mayen',160,1,'2024-10-24 03:58:36','2024-10-24 03:58:36'),(2558,'Svalbard',160,1,'2024-10-24 03:58:36','2024-10-24 03:58:36'),(2559,'Vest-Agder',160,1,'2024-10-24 03:58:36','2024-10-24 03:58:36'),(2560,'Sr-Trndelag',160,1,'2024-10-24 03:58:36','2024-10-24 03:58:36'),(2561,'stfold',160,1,'2024-10-24 03:58:36','2024-10-24 03:58:36'),(2562,'Nord-Trndelag',160,1,'2024-10-24 03:58:36','2024-10-24 03:58:36'),(2563,'Finnmark',160,1,'2024-10-24 03:58:36','2024-10-24 03:58:36'),(2564,'Aust-Agder',160,1,'2024-10-24 03:58:36','2024-10-24 03:58:36'),(2565,'Buskerud',160,1,'2024-10-24 03:58:36','2024-10-24 03:58:36'),(2566,'Hedmark',160,1,'2024-10-24 03:58:36','2024-10-24 03:58:36'),(2567,'Mre og Romsdal',160,1,'2024-10-24 03:58:36','2024-10-24 03:58:36'),(2568,'Nordland',160,1,'2024-10-24 03:58:36','2024-10-24 03:58:36'),(2569,'Oppland',160,1,'2024-10-24 03:58:36','2024-10-24 03:58:36'),(2570,'Oslo',160,1,'2024-10-24 03:58:36','2024-10-24 03:58:36'),(2571,'Rogaland',160,1,'2024-10-24 03:58:36','2024-10-24 03:58:36'),(2572,'Sogn og Fjordane',160,1,'2024-10-24 03:58:36','2024-10-24 03:58:36'),(2573,'Telemark',160,1,'2024-10-24 03:58:36','2024-10-24 03:58:36'),(2574,'Troms',160,1,'2024-10-24 03:58:36','2024-10-24 03:58:36'),(2575,'Vestfold',160,1,'2024-10-24 03:58:36','2024-10-24 03:58:36'),(2576,'Akershus',160,1,'2024-10-24 03:58:36','2024-10-24 03:58:36'),(2577,'Hordaland',160,1,'2024-10-24 03:58:36','2024-10-24 03:58:36'),(2578,'Al Buraymi',161,1,'2024-10-24 03:58:36','2024-10-24 03:58:36'),(2579,'Zufr',161,1,'2024-10-24 03:58:36','2024-10-24 03:58:36'),(2580,'Az Zhirah',161,1,'2024-10-24 03:58:36','2024-10-24 03:58:36'),(2581,'Ash Sharqiyah',161,1,'2024-10-24 03:58:36','2024-10-24 03:58:36'),(2582,'Ad Dakhiliyah',161,1,'2024-10-24 03:58:36','2024-10-24 03:58:36'),(2583,'Al Wust',161,1,'2024-10-24 03:58:36','2024-10-24 03:58:36'),(2584,'Al Batinah',161,1,'2024-10-24 03:58:36','2024-10-24 03:58:36'),(2585,'Musandam',161,1,'2024-10-24 03:58:36','2024-10-24 03:58:36'),(2586,'Masqat',161,1,'2024-10-24 03:58:36','2024-10-24 03:58:36'),(2587,'Punjab',162,1,'2024-10-24 03:58:36','2024-10-24 03:58:36'),(2588,'Northern Areas',162,1,'2024-10-24 03:58:36','2024-10-24 03:58:36'),(2589,'Federally Administered Tribal Areas',162,1,'2024-10-24 03:58:36','2024-10-24 03:58:36'),(2590,'North-West Frontier',162,1,'2024-10-24 03:58:36','2024-10-24 03:58:36'),(2591,'Sind (en)',162,1,'2024-10-24 03:58:36','2024-10-24 03:58:36'),(2592,'Baluchistan (en)',162,1,'2024-10-24 03:58:36','2024-10-24 03:58:36'),(2593,'Azad Kashmir',162,1,'2024-10-24 03:58:36','2024-10-24 03:58:36'),(2594,'Islamabad',162,1,'2024-10-24 03:58:36','2024-10-24 03:58:36'),(2595,'Sonsorol',163,1,'2024-10-24 03:58:36','2024-10-24 03:58:36'),(2596,'Ngeremlengui',163,1,'2024-10-24 03:58:36','2024-10-24 03:58:36'),(2597,'Hatobohei',163,1,'2024-10-24 03:58:36','2024-10-24 03:58:36'),(2598,'Aimeliik',163,1,'2024-10-24 03:58:36','2024-10-24 03:58:36'),(2599,'Melekeok',163,1,'2024-10-24 03:58:36','2024-10-24 03:58:36'),(2600,'Angaur',163,1,'2024-10-24 03:58:36','2024-10-24 03:58:36'),(2601,'Kayangel',163,1,'2024-10-24 03:58:36','2024-10-24 03:58:36'),(2602,'Koror',163,1,'2024-10-24 03:58:36','2024-10-24 03:58:36'),(2603,'Ngaraard',163,1,'2024-10-24 03:58:36','2024-10-24 03:58:36'),(2604,'Ngardmau',163,1,'2024-10-24 03:58:36','2024-10-24 03:58:36'),(2605,'Ngatpang',163,1,'2024-10-24 03:58:36','2024-10-24 03:58:36'),(2606,'Ngchesar',163,1,'2024-10-24 03:58:36','2024-10-24 03:58:36'),(2607,'Ngiwal',163,1,'2024-10-24 03:58:36','2024-10-24 03:58:36'),(2608,'Peleliu',163,1,'2024-10-24 03:58:36','2024-10-24 03:58:36'),(2609,'Airai',163,1,'2024-10-24 03:58:36','2024-10-24 03:58:36'),(2610,'Ngarchelong',163,1,'2024-10-24 03:58:36','2024-10-24 03:58:36'),(2611,'Kuna Yala',165,1,'2024-10-24 03:58:36','2024-10-24 03:58:36'),(2612,'Panam',165,1,'2024-10-24 03:58:36','2024-10-24 03:58:36'),(2613,'Los Santos',165,1,'2024-10-24 03:58:36','2024-10-24 03:58:36'),(2614,'Ngbe-Bugl',165,1,'2024-10-24 03:58:36','2024-10-24 03:58:36'),(2615,'Chiriqu',165,1,'2024-10-24 03:58:36','2024-10-24 03:58:36'),(2616,'Coln',165,1,'2024-10-24 03:58:36','2024-10-24 03:58:36'),(2617,'Darin',165,1,'2024-10-24 03:58:36','2024-10-24 03:58:36'),(2618,'Herrera',165,1,'2024-10-24 03:58:36','2024-10-24 03:58:36'),(2619,'Ember',165,1,'2024-10-24 03:58:36','2024-10-24 03:58:36'),(2620,'Veraguas',165,1,'2024-10-24 03:58:36','2024-10-24 03:58:36'),(2621,'Bocas del Toro',165,1,'2024-10-24 03:58:36','2024-10-24 03:58:36'),(2622,'Cocl',165,1,'2024-10-24 03:58:36','2024-10-24 03:58:36'),(2623,'Chimbu',166,1,'2024-10-24 03:58:36','2024-10-24 03:58:36'),(2624,'New Ireland',166,1,'2024-10-24 03:58:36','2024-10-24 03:58:36'),(2625,'Manus',166,1,'2024-10-24 03:58:36','2024-10-24 03:58:36'),(2626,'Enga',166,1,'2024-10-24 03:58:36','2024-10-24 03:58:36'),(2627,'Central',166,1,'2024-10-24 03:58:36','2024-10-24 03:58:36'),(2628,'Eastern Highlands',166,1,'2024-10-24 03:58:36','2024-10-24 03:58:36'),(2629,'East Sepik',166,1,'2024-10-24 03:58:36','2024-10-24 03:58:36'),(2630,'Western',166,1,'2024-10-24 03:58:36','2024-10-24 03:58:36'),(2631,'Madang',166,1,'2024-10-24 03:58:36','2024-10-24 03:58:36'),(2632,'Milne Bay',166,1,'2024-10-24 03:58:36','2024-10-24 03:58:36'),(2633,'Morobe',166,1,'2024-10-24 03:58:36','2024-10-24 03:58:36'),(2634,'North Solomons',166,1,'2024-10-24 03:58:36','2024-10-24 03:58:36'),(2635,'Sandaun [West Sepik]',166,1,'2024-10-24 03:58:36','2024-10-24 03:58:36'),(2636,'Southern Highlands',166,1,'2024-10-24 03:58:36','2024-10-24 03:58:36'),(2637,'West New Britain',166,1,'2024-10-24 03:58:36','2024-10-24 03:58:36'),(2638,'East New Britain',166,1,'2024-10-24 03:58:36','2024-10-24 03:58:36'),(2639,'Gulf',166,1,'2024-10-24 03:58:36','2024-10-24 03:58:36'),(2640,'National Capital District (Port Moresby)',166,1,'2024-10-24 03:58:36','2024-10-24 03:58:36'),(2641,'Northern',166,1,'2024-10-24 03:58:36','2024-10-24 03:58:36'),(2642,'Western Highlands',166,1,'2024-10-24 03:58:36','2024-10-24 03:58:36'),(2643,'Paraguar',167,1,'2024-10-24 03:58:36','2024-10-24 03:58:36'),(2644,'Central',167,1,'2024-10-24 03:58:36','2024-10-24 03:58:36'),(2645,'Boquern',167,1,'2024-10-24 03:58:36','2024-10-24 03:58:36'),(2646,'Asuncin',167,1,'2024-10-24 03:58:36','2024-10-24 03:58:36'),(2647,'Caaguaz',167,1,'2024-10-24 03:58:36','2024-10-24 03:58:36'),(2648,'Canindey',167,1,'2024-10-24 03:58:36','2024-10-24 03:58:36'),(2649,'Concepcin',167,1,'2024-10-24 03:58:36','2024-10-24 03:58:36'),(2650,'Cordillera',167,1,'2024-10-24 03:58:36','2024-10-24 03:58:36'),(2651,'Itapa',167,1,'2024-10-24 03:58:36','2024-10-24 03:58:36'),(2652,'eembuc',167,1,'2024-10-24 03:58:36','2024-10-24 03:58:36'),(2653,'Presidente Hayes',167,1,'2024-10-24 03:58:36','2024-10-24 03:58:36'),(2654,'San Pedro',167,1,'2024-10-24 03:58:36','2024-10-24 03:58:36'),(2655,'Alto Paraguay',167,1,'2024-10-24 03:58:36','2024-10-24 03:58:36'),(2656,'Alto Paran',167,1,'2024-10-24 03:58:36','2024-10-24 03:58:36'),(2657,'Amambay',167,1,'2024-10-24 03:58:36','2024-10-24 03:58:36'),(2658,'Caazap',167,1,'2024-10-24 03:58:36','2024-10-24 03:58:36'),(2659,'Guair',167,1,'2024-10-24 03:58:36','2024-10-24 03:58:36'),(2660,'Misiones',167,1,'2024-10-24 03:58:36','2024-10-24 03:58:36'),(2661,'Municipalidad Metropolitana de Lima',168,1,'2024-10-24 03:58:36','2024-10-24 03:58:36'),(2662,'Lima',168,1,'2024-10-24 03:58:36','2024-10-24 03:58:36'),(2663,'Madre de Dios',168,1,'2024-10-24 03:58:36','2024-10-24 03:58:36'),(2664,'Ica',168,1,'2024-10-24 03:58:36','2024-10-24 03:58:36'),(2665,'Arequipa',168,1,'2024-10-24 03:58:36','2024-10-24 03:58:36'),(2666,'Lambayeque',168,1,'2024-10-24 03:58:36','2024-10-24 03:58:36'),(2667,'Loreto',168,1,'2024-10-24 03:58:36','2024-10-24 03:58:36'),(2668,'Moquegua',168,1,'2024-10-24 03:58:36','2024-10-24 03:58:36'),(2669,'Piura',168,1,'2024-10-24 03:58:36','2024-10-24 03:58:36'),(2670,'Puno',168,1,'2024-10-24 03:58:36','2024-10-24 03:58:36'),(2671,'Tacna',168,1,'2024-10-24 03:58:36','2024-10-24 03:58:36'),(2672,'Tumbes',168,1,'2024-10-24 03:58:36','2024-10-24 03:58:36'),(2673,'Ancash',168,1,'2024-10-24 03:58:36','2024-10-24 03:58:36'),(2674,'Amazonas',168,1,'2024-10-24 03:58:36','2024-10-24 03:58:36'),(2675,'Apurmac',168,1,'2024-10-24 03:58:36','2024-10-24 03:58:36'),(2676,'Ayacucho',168,1,'2024-10-24 03:58:36','2024-10-24 03:58:36'),(2677,'Cajamarca',168,1,'2024-10-24 03:58:36','2024-10-24 03:58:36'),(2678,'Huancavelica',168,1,'2024-10-24 03:58:36','2024-10-24 03:58:36'),(2679,'Hunuco',168,1,'2024-10-24 03:58:36','2024-10-24 03:58:36'),(2680,'Junn',168,1,'2024-10-24 03:58:36','2024-10-24 03:58:36'),(2681,'Cusco [Cuzco]',168,1,'2024-10-24 03:58:36','2024-10-24 03:58:36'),(2682,'La Libertad',168,1,'2024-10-24 03:58:36','2024-10-24 03:58:36'),(2683,'Pasco',168,1,'2024-10-24 03:58:36','2024-10-24 03:58:36'),(2684,'El Callao',168,1,'2024-10-24 03:58:36','2024-10-24 03:58:36'),(2685,'Ucayali',168,1,'2024-10-24 03:58:36','2024-10-24 03:58:36'),(2686,'San Martn',168,1,'2024-10-24 03:58:36','2024-10-24 03:58:36'),(2687,'Shariff Kabunsuan',169,1,'2024-10-24 03:58:36','2024-10-24 03:58:36'),(2688,'CALABARZON (Region IV-A)',169,1,'2024-10-24 03:58:36','2024-10-24 03:58:36'),(2689,'Davao (Region XI)',169,1,'2024-10-24 03:58:36','2024-10-24 03:58:36'),(2690,'MIMAROPA (Region IV-B)',169,1,'2024-10-24 03:58:36','2024-10-24 03:58:36'),(2691,'Soccsksargen (Region XII)',169,1,'2024-10-24 03:58:36','2024-10-24 03:58:36'),(2692,'Zamboanga Peninsula (Region IX)',169,1,'2024-10-24 03:58:36','2024-10-24 03:58:36'),(2693,'Quirino',169,1,'2024-10-24 03:58:36','2024-10-24 03:58:36'),(2694,'Cagayan Valley (Region II)',169,1,'2024-10-24 03:58:36','2024-10-24 03:58:36'),(2695,'Caraga (Region XIII)',169,1,'2024-10-24 03:58:36','2024-10-24 03:58:36'),(2696,'Lanao del Sur',169,1,'2024-10-24 03:58:36','2024-10-24 03:58:36'),(2697,'Sulu',169,1,'2024-10-24 03:58:36','2024-10-24 03:58:36'),(2698,'Albay',169,1,'2024-10-24 03:58:36','2024-10-24 03:58:36'),(2699,'Camarines Norte',169,1,'2024-10-24 03:58:36','2024-10-24 03:58:36'),(2700,'Catanduanes',169,1,'2024-10-24 03:58:36','2024-10-24 03:58:36'),(2701,'Sorsogon',169,1,'2024-10-24 03:58:36','2024-10-24 03:58:36'),(2702,'Batanes',169,1,'2024-10-24 03:58:36','2024-10-24 03:58:36'),(2703,'Isabela',169,1,'2024-10-24 03:58:36','2024-10-24 03:58:36'),(2704,'Agusan del Norte',169,1,'2024-10-24 03:58:36','2024-10-24 03:58:36'),(2705,'Surigao del Norte',169,1,'2024-10-24 03:58:36','2024-10-24 03:58:36'),(2706,'Bataan',169,1,'2024-10-24 03:58:36','2024-10-24 03:58:36'),(2707,'Nueva Ecija',169,1,'2024-10-24 03:58:36','2024-10-24 03:58:36'),(2708,'Pampanga',169,1,'2024-10-24 03:58:36','2024-10-24 03:58:36'),(2709,'Benguet',169,1,'2024-10-24 03:58:36','2024-10-24 03:58:36'),(2710,'Ifugao',169,1,'2024-10-24 03:58:36','2024-10-24 03:58:36'),(2711,'Mountain Province',169,1,'2024-10-24 03:58:36','2024-10-24 03:58:36'),(2712,'Eastern Samar',169,1,'2024-10-24 03:58:36','2024-10-24 03:58:36'),(2713,'Western Samar',169,1,'2024-10-24 03:58:36','2024-10-24 03:58:36'),(2714,'Ilocos Norte',169,1,'2024-10-24 03:58:36','2024-10-24 03:58:36'),(2715,'La Union',169,1,'2024-10-24 03:58:36','2024-10-24 03:58:36'),(2716,'Pangasinan',169,1,'2024-10-24 03:58:36','2024-10-24 03:58:36'),(2717,'Bukidnon',169,1,'2024-10-24 03:58:36','2024-10-24 03:58:36'),(2718,'Camiguin',169,1,'2024-10-24 03:58:36','2024-10-24 03:58:36'),(2719,'Misamis Oriental',169,1,'2024-10-24 03:58:36','2024-10-24 03:58:36'),(2720,'Davao del Norte',169,1,'2024-10-24 03:58:36','2024-10-24 03:58:36'),(2721,'Davao Oriental',169,1,'2024-10-24 03:58:36','2024-10-24 03:58:36'),(2722,'South Cotabato',169,1,'2024-10-24 03:58:36','2024-10-24 03:58:36'),(2723,'Cavite',169,1,'2024-10-24 03:58:36','2024-10-24 03:58:36'),(2724,'Laguna',169,1,'2024-10-24 03:58:36','2024-10-24 03:58:36'),(2725,'Mindoro Occidental',169,1,'2024-10-24 03:58:36','2024-10-24 03:58:36'),(2726,'Palawan',169,1,'2024-10-24 03:58:36','2024-10-24 03:58:36'),(2727,'Zamboanga del Norte',169,1,'2024-10-24 03:58:36','2024-10-24 03:58:36'),(2728,'Aklan',169,1,'2024-10-24 03:58:36','2024-10-24 03:58:36'),(2729,'Antique',169,1,'2024-10-24 03:58:36','2024-10-24 03:58:36'),(2730,'Guimaras',169,1,'2024-10-24 03:58:36','2024-10-24 03:58:36'),(2731,'Negros Occidental',169,1,'2024-10-24 03:58:36','2024-10-24 03:58:36'),(2732,'Dinagat Islands',169,1,'2024-10-24 03:58:36','2024-10-24 03:58:36'),(2733,'Leyte',169,1,'2024-10-24 03:58:36','2024-10-24 03:58:36'),(2734,'Romblon',169,1,'2024-10-24 03:58:36','2024-10-24 03:58:36'),(2735,'Aurora',169,1,'2024-10-24 03:58:36','2024-10-24 03:58:36'),(2736,'Bicol (Region V)',169,1,'2024-10-24 03:58:36','2024-10-24 03:58:36'),(2737,'Central Luzon (Region III)',169,1,'2024-10-24 03:58:36','2024-10-24 03:58:36'),(2738,'Central Visayas (Region VII)',169,1,'2024-10-24 03:58:36','2024-10-24 03:58:36'),(2739,'Cordillera Administrative Region (CAR)',169,1,'2024-10-24 03:58:36','2024-10-24 03:58:36'),(2740,'Eastern Visayas (Region VIII)',169,1,'2024-10-24 03:58:36','2024-10-24 03:58:36'),(2741,'Ilocos (Region I)',169,1,'2024-10-24 03:58:36','2024-10-24 03:58:36'),(2742,'Autonomous Region in Muslim Mindanao (ARMM)',169,1,'2024-10-24 03:58:36','2024-10-24 03:58:36'),(2743,'National Capital Region',169,1,'2024-10-24 03:58:36','2024-10-24 03:58:36'),(2744,'Northern Mindanao (Region X)',169,1,'2024-10-24 03:58:36','2024-10-24 03:58:36'),(2745,'Western Visayas (Region VI)',169,1,'2024-10-24 03:58:36','2024-10-24 03:58:36'),(2746,'Abra',169,1,'2024-10-24 03:58:36','2024-10-24 03:58:36'),(2747,'Apayao',169,1,'2024-10-24 03:58:36','2024-10-24 03:58:36'),(2748,'Kalinga',169,1,'2024-10-24 03:58:36','2024-10-24 03:58:36'),(2749,'Biliran',169,1,'2024-10-24 03:58:36','2024-10-24 03:58:36'),(2750,'Northern Samar',169,1,'2024-10-24 03:58:36','2024-10-24 03:58:36'),(2751,'Southern Leyte',169,1,'2024-10-24 03:58:36','2024-10-24 03:58:36'),(2752,'Ilocos Sur',169,1,'2024-10-24 03:58:36','2024-10-24 03:58:36'),(2753,'Misamis Occidental',169,1,'2024-10-24 03:58:36','2024-10-24 03:58:36'),(2754,'Compostela Valley',169,1,'2024-10-24 03:58:36','2024-10-24 03:58:36'),(2755,'Davao del Sur',169,1,'2024-10-24 03:58:36','2024-10-24 03:58:36'),(2756,'Sarangani',169,1,'2024-10-24 03:58:36','2024-10-24 03:58:36'),(2757,'Batangas',169,1,'2024-10-24 03:58:36','2024-10-24 03:58:36'),(2758,'Marinduque',169,1,'2024-10-24 03:58:36','2024-10-24 03:58:36'),(2759,'Mindoro Oriental',169,1,'2024-10-24 03:58:36','2024-10-24 03:58:36'),(2760,'Basilan',169,1,'2024-10-24 03:58:36','2024-10-24 03:58:36'),(2761,'Zamboanga del Sur',169,1,'2024-10-24 03:58:36','2024-10-24 03:58:36'),(2762,'Capiz',169,1,'2024-10-24 03:58:36','2024-10-24 03:58:36'),(2763,'Iloilo',169,1,'2024-10-24 03:58:36','2024-10-24 03:58:36'),(2764,'Maguindanao',169,1,'2024-10-24 03:58:36','2024-10-24 03:58:36'),(2765,'Tawi-Tawi',169,1,'2024-10-24 03:58:36','2024-10-24 03:58:36'),(2766,'Camarines Sur',169,1,'2024-10-24 03:58:36','2024-10-24 03:58:36'),(2767,'Masbate',169,1,'2024-10-24 03:58:36','2024-10-24 03:58:36'),(2768,'Cagayan',169,1,'2024-10-24 03:58:36','2024-10-24 03:58:36'),(2769,'Nueva Vizcaya',169,1,'2024-10-24 03:58:36','2024-10-24 03:58:36'),(2770,'Agusan del Sur',169,1,'2024-10-24 03:58:36','2024-10-24 03:58:36'),(2771,'Surigao del Sur',169,1,'2024-10-24 03:58:36','2024-10-24 03:58:36'),(2772,'Bulacan',169,1,'2024-10-24 03:58:36','2024-10-24 03:58:36'),(2773,'Tarlac',169,1,'2024-10-24 03:58:36','2024-10-24 03:58:36'),(2774,'Zambales',169,1,'2024-10-24 03:58:36','2024-10-24 03:58:36'),(2775,'North Cotabato',169,1,'2024-10-24 03:58:36','2024-10-24 03:58:36'),(2776,'Lanao del Norte',169,1,'2024-10-24 03:58:36','2024-10-24 03:58:36'),(2777,'Sultan Kudarat',169,1,'2024-10-24 03:58:36','2024-10-24 03:58:36'),(2778,'Bohol',169,1,'2024-10-24 03:58:36','2024-10-24 03:58:36'),(2779,'Cebu',169,1,'2024-10-24 03:58:36','2024-10-24 03:58:36'),(2780,'Negros Oriental',169,1,'2024-10-24 03:58:36','2024-10-24 03:58:36'),(2781,'Siquijor',169,1,'2024-10-24 03:58:36','2024-10-24 03:58:36'),(2782,'Rizal',169,1,'2024-10-24 03:58:36','2024-10-24 03:58:36'),(2783,'Quezon',169,1,'2024-10-24 03:58:36','2024-10-24 03:58:36'),(2784,'Zamboanga Sibuguey [Zamboanga Sibugay]',169,1,'2024-10-24 03:58:36','2024-10-24 03:58:36'),(2785,'Zachodniopomorskie',171,1,'2024-10-24 03:58:36','2024-10-24 03:58:36'),(2786,'Dolnoslaskie',171,1,'2024-10-24 03:58:36','2024-10-24 03:58:36'),(2787,'Kujawsko-pomorskie',171,1,'2024-10-24 03:58:36','2024-10-24 03:58:36'),(2788,'Lubelskie',171,1,'2024-10-24 03:58:36','2024-10-24 03:58:36'),(2789,'Ldzkie',171,1,'2024-10-24 03:58:36','2024-10-24 03:58:36'),(2790,'Mazowieckie',171,1,'2024-10-24 03:58:36','2024-10-24 03:58:36'),(2791,'Podkarpackie',171,1,'2024-10-24 03:58:36','2024-10-24 03:58:36'),(2792,'Pomorskie',171,1,'2024-10-24 03:58:36','2024-10-24 03:58:36'),(2793,'Swietokrzyskie',171,1,'2024-10-24 03:58:36','2024-10-24 03:58:36'),(2794,'Wielkopolskie',171,1,'2024-10-24 03:58:36','2024-10-24 03:58:36'),(2795,'Lubuskie',171,1,'2024-10-24 03:58:36','2024-10-24 03:58:36'),(2796,'Warminsko-mazurskie',171,1,'2024-10-24 03:58:36','2024-10-24 03:58:36'),(2797,'Podlaskie',171,1,'2024-10-24 03:58:36','2024-10-24 03:58:36'),(2798,'Opolskie',171,1,'2024-10-24 03:58:36','2024-10-24 03:58:36'),(2799,'Malopolskie',171,1,'2024-10-24 03:58:36','2024-10-24 03:58:36'),(2800,'Slaskie',171,1,'2024-10-24 03:58:36','2024-10-24 03:58:36'),(2801,'Aveiro',172,1,'2024-10-24 03:58:36','2024-10-24 03:58:36'),(2802,'Beja',172,1,'2024-10-24 03:58:36','2024-10-24 03:58:36'),(2803,'Braga',172,1,'2024-10-24 03:58:36','2024-10-24 03:58:36'),(2804,'Bragana',172,1,'2024-10-24 03:58:36','2024-10-24 03:58:36'),(2805,'Castelo Branco',172,1,'2024-10-24 03:58:36','2024-10-24 03:58:36'),(2806,'Coimbra',172,1,'2024-10-24 03:58:36','2024-10-24 03:58:36'),(2807,'vora',172,1,'2024-10-24 03:58:36','2024-10-24 03:58:36'),(2808,'Faro',172,1,'2024-10-24 03:58:36','2024-10-24 03:58:36'),(2809,'Guarda',172,1,'2024-10-24 03:58:36','2024-10-24 03:58:36'),(2810,'Leiria',172,1,'2024-10-24 03:58:36','2024-10-24 03:58:36'),(2811,'Lisboa',172,1,'2024-10-24 03:58:36','2024-10-24 03:58:36'),(2812,'Portalegre',172,1,'2024-10-24 03:58:36','2024-10-24 03:58:36'),(2813,'Porto',172,1,'2024-10-24 03:58:36','2024-10-24 03:58:36'),(2814,'Santarm',172,1,'2024-10-24 03:58:36','2024-10-24 03:58:36'),(2815,'Setbal',172,1,'2024-10-24 03:58:36','2024-10-24 03:58:36'),(2816,'Viana do Castelo',172,1,'2024-10-24 03:58:36','2024-10-24 03:58:36'),(2817,'Vila Real',172,1,'2024-10-24 03:58:36','2024-10-24 03:58:36'),(2818,'Viseu',172,1,'2024-10-24 03:58:36','2024-10-24 03:58:36'),(2819,'Regio Autnoma dos Aores',172,1,'2024-10-24 03:58:36','2024-10-24 03:58:36'),(2820,'Regio Autnoma da Madeira',172,1,'2024-10-24 03:58:36','2024-10-24 03:58:36'),(2821,'Umm Salal',174,1,'2024-10-24 03:58:36','2024-10-24 03:58:36'),(2822,'Al Wakrah',174,1,'2024-10-24 03:58:36','2024-10-24 03:58:36'),(2823,'Al Jumayliyah',174,1,'2024-10-24 03:58:36','2024-10-24 03:58:36'),(2824,'Al Khawr',174,1,'2024-10-24 03:58:36','2024-10-24 03:58:36'),(2825,'Madinat ash Shamal',174,1,'2024-10-24 03:58:36','2024-10-24 03:58:36'),(2826,'Umm Sa id',174,1,'2024-10-24 03:58:36','2024-10-24 03:58:36'),(2827,'Jariyan al Batnah',174,1,'2024-10-24 03:58:36','2024-10-24 03:58:36'),(2828,'Ad Dawhah',174,1,'2024-10-24 03:58:36','2024-10-24 03:58:36'),(2829,'Al Ghuwayriyah',174,1,'2024-10-24 03:58:36','2024-10-24 03:58:36'),(2830,'Ar Rayyan',174,1,'2024-10-24 03:58:36','2024-10-24 03:58:36'),(2831,'Vrancea',176,1,'2024-10-24 03:58:36','2024-10-24 03:58:36'),(2832,'Ialomita',176,1,'2024-10-24 03:58:36','2024-10-24 03:58:36'),(2833,'Brasov',176,1,'2024-10-24 03:58:36','2024-10-24 03:58:36'),(2834,'Buzau',176,1,'2024-10-24 03:58:36','2024-10-24 03:58:36'),(2835,'Caras-Severin',176,1,'2024-10-24 03:58:36','2024-10-24 03:58:36'),(2836,'Constanta',176,1,'2024-10-24 03:58:36','2024-10-24 03:58:36'),(2837,'Dmbovita',176,1,'2024-10-24 03:58:36','2024-10-24 03:58:36'),(2838,'Dolj',176,1,'2024-10-24 03:58:36','2024-10-24 03:58:36'),(2839,'Giurgiu',176,1,'2024-10-24 03:58:36','2024-10-24 03:58:36'),(2840,'Gorj',176,1,'2024-10-24 03:58:36','2024-10-24 03:58:36'),(2841,'Hunedoara',176,1,'2024-10-24 03:58:36','2024-10-24 03:58:36'),(2842,'Iasi',176,1,'2024-10-24 03:58:36','2024-10-24 03:58:36'),(2843,'Maramures',176,1,'2024-10-24 03:58:36','2024-10-24 03:58:36'),(2844,'Alba',176,1,'2024-10-24 03:58:36','2024-10-24 03:58:36'),(2845,'Arad',176,1,'2024-10-24 03:58:36','2024-10-24 03:58:36'),(2846,'Arges',176,1,'2024-10-24 03:58:36','2024-10-24 03:58:36'),(2847,'Bacau',176,1,'2024-10-24 03:58:36','2024-10-24 03:58:36'),(2848,'Bihor',176,1,'2024-10-24 03:58:36','2024-10-24 03:58:36'),(2849,'Bistrita-Nasaud',176,1,'2024-10-24 03:58:36','2024-10-24 03:58:36'),(2850,'Botosani',176,1,'2024-10-24 03:58:36','2024-10-24 03:58:36'),(2851,'Braila',176,1,'2024-10-24 03:58:36','2024-10-24 03:58:36'),(2852,'Bucuresti',176,1,'2024-10-24 03:58:36','2024-10-24 03:58:36'),(2853,'Calarasi',176,1,'2024-10-24 03:58:36','2024-10-24 03:58:36'),(2854,'Cluj',176,1,'2024-10-24 03:58:36','2024-10-24 03:58:36'),(2855,'Covasna',176,1,'2024-10-24 03:58:36','2024-10-24 03:58:36'),(2856,'Galati',176,1,'2024-10-24 03:58:36','2024-10-24 03:58:36'),(2857,'Harghita',176,1,'2024-10-24 03:58:36','2024-10-24 03:58:36'),(2858,'Mehedinti',176,1,'2024-10-24 03:58:36','2024-10-24 03:58:36'),(2859,'Neamt',176,1,'2024-10-24 03:58:36','2024-10-24 03:58:36'),(2860,'Prahova',176,1,'2024-10-24 03:58:36','2024-10-24 03:58:36'),(2861,'Salaj',176,1,'2024-10-24 03:58:36','2024-10-24 03:58:36'),(2862,'Sibiu',176,1,'2024-10-24 03:58:36','2024-10-24 03:58:36'),(2863,'Suceava',176,1,'2024-10-24 03:58:36','2024-10-24 03:58:36'),(2864,'Timis',176,1,'2024-10-24 03:58:36','2024-10-24 03:58:36'),(2865,'Tulcea',176,1,'2024-10-24 03:58:36','2024-10-24 03:58:36'),(2866,'Vaslui',176,1,'2024-10-24 03:58:36','2024-10-24 03:58:36'),(2867,'Ilfov',176,1,'2024-10-24 03:58:36','2024-10-24 03:58:36'),(2868,'Vlcea',176,1,'2024-10-24 03:58:36','2024-10-24 03:58:36'),(2869,'Satu Mare',176,1,'2024-10-24 03:58:36','2024-10-24 03:58:36'),(2870,'Olt',176,1,'2024-10-24 03:58:36','2024-10-24 03:58:36'),(2871,'Mures',176,1,'2024-10-24 03:58:36','2024-10-24 03:58:36'),(2872,'Teleorman',176,1,'2024-10-24 03:58:36','2024-10-24 03:58:36'),(2873,'Zabajkal skij kraj',177,1,'2024-10-24 03:58:36','2024-10-24 03:58:36'),(2874,'Vologodskaya oblast',177,1,'2024-10-24 03:58:36','2024-10-24 03:58:36'),(2875,'Tatarstan, Respublika',177,1,'2024-10-24 03:58:36','2024-10-24 03:58:36'),(2876,'Primorskiy kray',177,1,'2024-10-24 03:58:36','2024-10-24 03:58:36'),(2877,'Ryazanskaya oblast',177,1,'2024-10-24 03:58:36','2024-10-24 03:58:36'),(2878,'Sakha, Respublika [Yakutiya]',177,1,'2024-10-24 03:58:36','2024-10-24 03:58:36'),(2879,'Sakhalinskaya oblast',177,1,'2024-10-24 03:58:36','2024-10-24 03:58:36'),(2880,'Sankt-Peterburg',177,1,'2024-10-24 03:58:36','2024-10-24 03:58:36'),(2881,'Smolenskaya oblast',177,1,'2024-10-24 03:58:36','2024-10-24 03:58:36'),(2882,'Stavropol skiy kray',177,1,'2024-10-24 03:58:36','2024-10-24 03:58:36'),(2883,'Sverdlovskaya oblast',177,1,'2024-10-24 03:58:36','2024-10-24 03:58:36'),(2884,'Tambovskaya oblast',177,1,'2024-10-24 03:58:36','2024-10-24 03:58:36'),(2885,'Mariy El, Respublika',177,1,'2024-10-24 03:58:36','2024-10-24 03:58:36'),(2886,'Moskva',177,1,'2024-10-24 03:58:36','2024-10-24 03:58:36'),(2887,'Moskovskaya oblast',177,1,'2024-10-24 03:58:36','2024-10-24 03:58:36'),(2888,'Nenetskiy avtonomnyy okrug',177,1,'2024-10-24 03:58:36','2024-10-24 03:58:36'),(2889,'Nizhegorodskaya oblast',177,1,'2024-10-24 03:58:36','2024-10-24 03:58:36'),(2890,'Novosibirskaya oblast',177,1,'2024-10-24 03:58:36','2024-10-24 03:58:36'),(2891,'Orenburgskaya oblast',177,1,'2024-10-24 03:58:36','2024-10-24 03:58:36'),(2892,'Orlovskaya oblast',177,1,'2024-10-24 03:58:36','2024-10-24 03:58:36'),(2893,'Perm',177,1,'2024-10-24 03:58:36','2024-10-24 03:58:36'),(2894,'Kemerovskaya oblast',177,1,'2024-10-24 03:58:36','2024-10-24 03:58:36'),(2895,'Kirovskaya oblast',177,1,'2024-10-24 03:58:36','2024-10-24 03:58:36'),(2896,'Komi, Respublika',177,1,'2024-10-24 03:58:36','2024-10-24 03:58:36'),(2897,'Komi-Permyak',177,1,'2024-10-24 03:58:36','2024-10-24 03:58:36'),(2898,'Kostromskaya oblast',177,1,'2024-10-24 03:58:36','2024-10-24 03:58:36'),(2899,'Krasnoyarskiy kray',177,1,'2024-10-24 03:58:36','2024-10-24 03:58:36'),(2900,'Kurganskaya oblast',177,1,'2024-10-24 03:58:36','2024-10-24 03:58:36'),(2901,'Leningradskaya oblast',177,1,'2024-10-24 03:58:36','2024-10-24 03:58:36'),(2902,'Magadanskaya oblast',177,1,'2024-10-24 03:58:36','2024-10-24 03:58:36'),(2903,'Severnaya Osetiya, Respublika [Alaniya] [Respublika Severnaya Osetiya-Alaniya]',177,1,'2024-10-24 03:58:36','2024-10-24 03:58:36'),(2904,'Arkhangel skaya oblast',177,1,'2024-10-24 03:58:36','2024-10-24 03:58:36'),(2905,'Belgorodskaya oblast',177,1,'2024-10-24 03:58:36','2024-10-24 03:58:36'),(2906,'Chechenskaya Respublika',177,1,'2024-10-24 03:58:36','2024-10-24 03:58:36'),(2907,'Chuvashskaya Respublika',177,1,'2024-10-24 03:58:36','2024-10-24 03:58:36'),(2908,'Altay, Respublika',177,1,'2024-10-24 03:58:36','2024-10-24 03:58:36'),(2909,'Khanty-Mansiyskiy avtonomnyy okrug [Yugra]',177,1,'2024-10-24 03:58:36','2024-10-24 03:58:36'),(2910,'Ivanovskaya oblast',177,1,'2024-10-24 03:58:36','2024-10-24 03:58:36'),(2911,'Krasnodarskiy kray',177,1,'2024-10-24 03:58:36','2024-10-24 03:58:36'),(2912,'Kurskaya oblast',177,1,'2024-10-24 03:58:36','2024-10-24 03:58:36'),(2913,'Lipetskaya oblast',177,1,'2024-10-24 03:58:36','2024-10-24 03:58:36'),(2914,'Mordoviya, Respublika',177,1,'2024-10-24 03:58:36','2024-10-24 03:58:36'),(2915,'Murmanskaya oblast',177,1,'2024-10-24 03:58:36','2024-10-24 03:58:36'),(2916,'Novgorodskaya oblast',177,1,'2024-10-24 03:58:36','2024-10-24 03:58:36'),(2917,'Omskaya oblast',177,1,'2024-10-24 03:58:36','2024-10-24 03:58:36'),(2918,'Penzenskaya oblast',177,1,'2024-10-24 03:58:36','2024-10-24 03:58:36'),(2919,'Pskovskaya oblast',177,1,'2024-10-24 03:58:36','2024-10-24 03:58:36'),(2920,'Rostovskaya oblast',177,1,'2024-10-24 03:58:36','2024-10-24 03:58:36'),(2921,'Samarskaya oblast',177,1,'2024-10-24 03:58:36','2024-10-24 03:58:36'),(2922,'Saratovskaya oblast',177,1,'2024-10-24 03:58:36','2024-10-24 03:58:36'),(2923,'Tyumenskaya oblast',177,1,'2024-10-24 03:58:36','2024-10-24 03:58:36'),(2924,'Tul skaya oblast',177,1,'2024-10-24 03:58:36','2024-10-24 03:58:36'),(2925,'Udmurtskaya Respublika',177,1,'2024-10-24 03:58:36','2024-10-24 03:58:36'),(2926,'Vladimirskaya oblast',177,1,'2024-10-24 03:58:36','2024-10-24 03:58:36'),(2927,'Voronezhskaya oblast',177,1,'2024-10-24 03:58:36','2024-10-24 03:58:36'),(2928,'Adygeya, Respublika',177,1,'2024-10-24 03:58:36','2024-10-24 03:58:36'),(2929,'Altayskiy kray',177,1,'2024-10-24 03:58:36','2024-10-24 03:58:36'),(2930,'Amurskaya oblast',177,1,'2024-10-24 03:58:36','2024-10-24 03:58:36'),(2931,'Astrakhanskaya oblast',177,1,'2024-10-24 03:58:36','2024-10-24 03:58:36'),(2932,'Bashkortostan, Respublika',177,1,'2024-10-24 03:58:36','2024-10-24 03:58:36'),(2933,'Bryanskaya oblast',177,1,'2024-10-24 03:58:36','2024-10-24 03:58:36'),(2934,'Buryatiya, Respublika',177,1,'2024-10-24 03:58:36','2024-10-24 03:58:36'),(2935,'Chelyabinskaya oblast',177,1,'2024-10-24 03:58:36','2024-10-24 03:58:36'),(2936,'Chukotskiy avtonomnyy okrug',177,1,'2024-10-24 03:58:36','2024-10-24 03:58:36'),(2937,'Dagestan, Respublika',177,1,'2024-10-24 03:58:36','2024-10-24 03:58:36'),(2938,'Khabarovskiy kray',177,1,'2024-10-24 03:58:36','2024-10-24 03:58:36'),(2939,'Khakasiya, Respublika',177,1,'2024-10-24 03:58:36','2024-10-24 03:58:36'),(2940,'Ingushskaya Respublika [Respublika Ingushetiya]',177,1,'2024-10-24 03:58:36','2024-10-24 03:58:36'),(2941,'Irkutskaya oblast',177,1,'2024-10-24 03:58:36','2024-10-24 03:58:36'),(2942,'Yamalo-Nenetskiy avtonomnyy okrug',177,1,'2024-10-24 03:58:36','2024-10-24 03:58:36'),(2943,'Yaroslavskaya oblast',177,1,'2024-10-24 03:58:36','2024-10-24 03:58:36'),(2944,'Yevreyskaya avtonomnaya oblast',177,1,'2024-10-24 03:58:36','2024-10-24 03:58:36'),(2945,'Kabardino-Balkarskaya Respublika',177,1,'2024-10-24 03:58:36','2024-10-24 03:58:36'),(2946,'Kaliningradskaya oblast',177,1,'2024-10-24 03:58:36','2024-10-24 03:58:36'),(2947,'Kalmykiya, Respublika',177,1,'2024-10-24 03:58:36','2024-10-24 03:58:36'),(2948,'Kaluzhskaya oblast',177,1,'2024-10-24 03:58:36','2024-10-24 03:58:36'),(2949,'Kamchatskaya oblast',177,1,'2024-10-24 03:58:36','2024-10-24 03:58:36'),(2950,'Karachayevo-Cherkesskaya Respublika',177,1,'2024-10-24 03:58:36','2024-10-24 03:58:36'),(2951,'Kareliya, Respublika',177,1,'2024-10-24 03:58:36','2024-10-24 03:58:36'),(2952,'Tomskaya oblast',177,1,'2024-10-24 03:58:36','2024-10-24 03:58:36'),(2953,'Volgogradskaya oblast',177,1,'2024-10-24 03:58:36','2024-10-24 03:58:36'),(2954,'Ul yanovskaya oblast',177,1,'2024-10-24 03:58:36','2024-10-24 03:58:36'),(2955,'Tyva, Respublika [Tuva]',177,1,'2024-10-24 03:58:36','2024-10-24 03:58:36'),(2956,'Tverskaya oblast',177,1,'2024-10-24 03:58:36','2024-10-24 03:58:36'),(2957,'Est',178,1,'2024-10-24 03:58:36','2024-10-24 03:58:36'),(2958,'Nord',178,1,'2024-10-24 03:58:36','2024-10-24 03:58:36'),(2959,'Ouest',178,1,'2024-10-24 03:58:36','2024-10-24 03:58:36'),(2960,'Sud',178,1,'2024-10-24 03:58:36','2024-10-24 03:58:36'),(2961,'Ville de Kigali',178,1,'2024-10-24 03:58:36','2024-10-24 03:58:36'),(2962,'Tristan da Cunha',179,1,'2024-10-24 03:58:36','2024-10-24 03:58:36'),(2963,'Ascension',179,1,'2024-10-24 03:58:36','2024-10-24 03:58:36'),(2964,'Saint Helena',179,1,'2024-10-24 03:58:36','2024-10-24 03:58:36'),(2965,'Trinity Palmetto Point',180,1,'2024-10-24 03:58:36','2024-10-24 03:58:36'),(2966,'Saint John Capisterre',180,1,'2024-10-24 03:58:36','2024-10-24 03:58:36'),(2967,'Christ Church Nichola Town',180,1,'2024-10-24 03:58:36','2024-10-24 03:58:36'),(2968,'Saint George Basseterre',180,1,'2024-10-24 03:58:36','2024-10-24 03:58:36'),(2969,'Saint James Windward',180,1,'2024-10-24 03:58:36','2024-10-24 03:58:36'),(2970,'Saint John Figtree',180,1,'2024-10-24 03:58:36','2024-10-24 03:58:36'),(2971,'Saint Paul Capisterre',180,1,'2024-10-24 03:58:36','2024-10-24 03:58:36'),(2972,'Saint Peter Basseterre',180,1,'2024-10-24 03:58:36','2024-10-24 03:58:36'),(2973,'Saint Thomas Middle Island',180,1,'2024-10-24 03:58:36','2024-10-24 03:58:36'),(2974,'Saint Anne Sandy Point',180,1,'2024-10-24 03:58:36','2024-10-24 03:58:36'),(2975,'Saint George Gingerland',180,1,'2024-10-24 03:58:36','2024-10-24 03:58:36'),(2976,'Saint Mary Cayon',180,1,'2024-10-24 03:58:36','2024-10-24 03:58:36'),(2977,'Saint Thomas Lowland',180,1,'2024-10-24 03:58:36','2024-10-24 03:58:36'),(2978,'Saint Paul Charlestown',180,1,'2024-10-24 03:58:36','2024-10-24 03:58:36'),(2979,'Saint George',183,1,'2024-10-24 03:58:36','2024-10-24 03:58:36'),(2980,'Grenadines',183,1,'2024-10-24 03:58:36','2024-10-24 03:58:36'),(2981,'Saint David',183,1,'2024-10-24 03:58:36','2024-10-24 03:58:36'),(2982,'Saint Patrick',183,1,'2024-10-24 03:58:36','2024-10-24 03:58:36'),(2983,'Saint Andrew',183,1,'2024-10-24 03:58:36','2024-10-24 03:58:36'),(2984,'Charlotte',183,1,'2024-10-24 03:58:36','2024-10-24 03:58:36'),(2985,'A ana',184,1,'2024-10-24 03:58:36','2024-10-24 03:58:36'),(2986,'Aiga-i-le-Tai',184,1,'2024-10-24 03:58:36','2024-10-24 03:58:36'),(2987,'Atua',184,1,'2024-10-24 03:58:36','2024-10-24 03:58:36'),(2988,'Fa asaleleaga',184,1,'2024-10-24 03:58:36','2024-10-24 03:58:36'),(2989,'Gaga emauga ',184,1,'2024-10-24 03:58:36','2024-10-24 03:58:36'),(2990,'Gagaifomauga',184,1,'2024-10-24 03:58:36','2024-10-24 03:58:36'),(2991,'Palauli',184,1,'2024-10-24 03:58:36','2024-10-24 03:58:36'),(2992,'Satupa itea',184,1,'2024-10-24 03:58:36','2024-10-24 03:58:36'),(2993,'Tuamasaga',184,1,'2024-10-24 03:58:36','2024-10-24 03:58:36'),(2994,'Va a-o-Fonoti',184,1,'2024-10-24 03:58:36','2024-10-24 03:58:36'),(2995,'Vaisigano',184,1,'2024-10-24 03:58:36','2024-10-24 03:58:36'),(2996,'Serravalle',185,1,'2024-10-24 03:58:36','2024-10-24 03:58:36'),(2997,'Fiorentino',185,1,'2024-10-24 03:58:36','2024-10-24 03:58:36'),(2998,'Domagnano',185,1,'2024-10-24 03:58:36','2024-10-24 03:58:36'),(2999,'Borgo Maggiore',185,1,'2024-10-24 03:58:36','2024-10-24 03:58:36'),(3000,'Acquaviva',185,1,'2024-10-24 03:58:36','2024-10-24 03:58:36'),(3001,'Chiesanuova',185,1,'2024-10-24 03:58:36','2024-10-24 03:58:36'),(3002,'Faetano',185,1,'2024-10-24 03:58:36','2024-10-24 03:58:36'),(3003,'Montegiardino',185,1,'2024-10-24 03:58:36','2024-10-24 03:58:36'),(3004,'San Marino',185,1,'2024-10-24 03:58:36','2024-10-24 03:58:36'),(3005,'Prncipe',186,1,'2024-10-24 03:58:36','2024-10-24 03:58:36'),(3006,'So Tom',186,1,'2024-10-24 03:58:36','2024-10-24 03:58:36'),(3007,'Tabuk',187,1,'2024-10-24 03:58:36','2024-10-24 03:58:36'),(3008,'Ar Riya?',187,1,'2024-10-24 03:58:36','2024-10-24 03:58:36'),(3009,'Al Madinah',187,1,'2024-10-24 03:58:36','2024-10-24 03:58:36'),(3010,'Al Ba?ah',187,1,'2024-10-24 03:58:36','2024-10-24 03:58:36'),(3011,'?a il',187,1,'2024-10-24 03:58:36','2024-10-24 03:58:36'),(3012,'Al Jawf',187,1,'2024-10-24 03:58:36','2024-10-24 03:58:36'),(3013,'Najran',187,1,'2024-10-24 03:58:36','2024-10-24 03:58:36'),(3014,'?Asir',187,1,'2024-10-24 03:58:36','2024-10-24 03:58:36'),(3015,'Al ?udud ash Shamaliyah',187,1,'2024-10-24 03:58:36','2024-10-24 03:58:36'),(3016,'Jizan',187,1,'2024-10-24 03:58:36','2024-10-24 03:58:36'),(3017,'Makkah',187,1,'2024-10-24 03:58:36','2024-10-24 03:58:36'),(3018,'Al Qasim',187,1,'2024-10-24 03:58:36','2024-10-24 03:58:36'),(3019,'Ash Sharqiyah',187,1,'2024-10-24 03:58:36','2024-10-24 03:58:36'),(3020,'Kaffrine',188,1,'2024-10-24 03:58:36','2024-10-24 03:58:36'),(3021,'Kdougou',188,1,'2024-10-24 03:58:36','2024-10-24 03:58:36'),(3022,'Sdhiou',188,1,'2024-10-24 03:58:36','2024-10-24 03:58:36'),(3023,'Ziguinchor',188,1,'2024-10-24 03:58:36','2024-10-24 03:58:36'),(3024,'Diourbel',188,1,'2024-10-24 03:58:36','2024-10-24 03:58:36'),(3025,'Saint-Louis',188,1,'2024-10-24 03:58:36','2024-10-24 03:58:36'),(3026,'Kolda',188,1,'2024-10-24 03:58:36','2024-10-24 03:58:36'),(3027,'Matam',188,1,'2024-10-24 03:58:36','2024-10-24 03:58:36'),(3028,'This',188,1,'2024-10-24 03:58:36','2024-10-24 03:58:36'),(3029,'Louga',188,1,'2024-10-24 03:58:36','2024-10-24 03:58:36'),(3030,'Fatick',188,1,'2024-10-24 03:58:36','2024-10-24 03:58:36'),(3031,'Dakar',188,1,'2024-10-24 03:58:36','2024-10-24 03:58:36'),(3032,'Kaolack',188,1,'2024-10-24 03:58:36','2024-10-24 03:58:36'),(3033,'Tambacounda',188,1,'2024-10-24 03:58:36','2024-10-24 03:58:36'),(3034,'Les Mamelles',190,1,'2024-10-24 03:58:36','2024-10-24 03:58:36'),(3035,'Roche Caiman',190,1,'2024-10-24 03:58:36','2024-10-24 03:58:36'),(3036,'Takamaka',190,1,'2024-10-24 03:58:36','2024-10-24 03:58:36'),(3037,'Baie Lazare',190,1,'2024-10-24 03:58:36','2024-10-24 03:58:36'),(3038,'Grand Anse Praslin',190,1,'2024-10-24 03:58:36','2024-10-24 03:58:36'),(3039,'Mont Buxton',190,1,'2024-10-24 03:58:36','2024-10-24 03:58:36'),(3040,'Pointe La Rue',190,1,'2024-10-24 03:58:36','2024-10-24 03:58:36'),(3041,'Port Glaud',190,1,'2024-10-24 03:58:36','2024-10-24 03:58:36'),(3042,'Saint Louis',190,1,'2024-10-24 03:58:36','2024-10-24 03:58:36'),(3043,'Anse aux Pins',190,1,'2024-10-24 03:58:36','2024-10-24 03:58:36'),(3044,'Anse Royale',190,1,'2024-10-24 03:58:36','2024-10-24 03:58:36'),(3045,'Anse Boileau',190,1,'2024-10-24 03:58:36','2024-10-24 03:58:36'),(3046,'Anse toile',190,1,'2024-10-24 03:58:36','2024-10-24 03:58:36'),(3047,'Au Cap',190,1,'2024-10-24 03:58:36','2024-10-24 03:58:36'),(3048,'Baie Sainte Anne',190,1,'2024-10-24 03:58:36','2024-10-24 03:58:36'),(3049,'Beau Vallon',190,1,'2024-10-24 03:58:36','2024-10-24 03:58:36'),(3050,'Bel Ombre',190,1,'2024-10-24 03:58:36','2024-10-24 03:58:36'),(3051,'English River',190,1,'2024-10-24 03:58:36','2024-10-24 03:58:36'),(3052,'Glacis',190,1,'2024-10-24 03:58:36','2024-10-24 03:58:36'),(3053,'Bel Air',190,1,'2024-10-24 03:58:36','2024-10-24 03:58:36'),(3054,'Plaisance',190,1,'2024-10-24 03:58:36','2024-10-24 03:58:36'),(3055,'La Digue',190,1,'2024-10-24 03:58:36','2024-10-24 03:58:36'),(3056,'Grand Anse Mahe Grand Anse Mahe, Grand',190,1,'2024-10-24 03:58:36','2024-10-24 03:58:36'),(3057,'Cascade',190,1,'2024-10-24 03:58:36','2024-10-24 03:58:36'),(3058,'Mont Fleuri',190,1,'2024-10-24 03:58:36','2024-10-24 03:58:36'),(3059,'Northern',191,1,'2024-10-24 03:58:36','2024-10-24 03:58:36'),(3060,'Western Area (Freetown)',191,1,'2024-10-24 03:58:36','2024-10-24 03:58:36'),(3061,'Eastern',191,1,'2024-10-24 03:58:36','2024-10-24 03:58:36'),(3062,'Southern',191,1,'2024-10-24 03:58:36','2024-10-24 03:58:36'),(3063,'Singapore - No State',192,1,'2024-10-24 03:58:36','2024-10-24 03:58:36'),(3064,'Trenciansky kraj',193,1,'2024-10-24 03:58:36','2024-10-24 03:58:36'),(3065,'Bratislavsk kraj',193,1,'2024-10-24 03:58:36','2024-10-24 03:58:36'),(3066,'Nitriansky kraj',193,1,'2024-10-24 03:58:36','2024-10-24 03:58:36'),(3067,'Preovsk kraj',193,1,'2024-10-24 03:58:36','2024-10-24 03:58:36'),(3068,'Trnavsk kraj',193,1,'2024-10-24 03:58:36','2024-10-24 03:58:36'),(3069,'ilinsk kraj',193,1,'2024-10-24 03:58:36','2024-10-24 03:58:36'),(3070,'Koick kraj',193,1,'2024-10-24 03:58:36','2024-10-24 03:58:36'),(3071,'Banskobystrick kraj',193,1,'2024-10-24 03:58:36','2024-10-24 03:58:36'),(3072,'Breice',194,1,'2024-10-24 03:58:36','2024-10-24 03:58:36'),(3073,'Cankova',194,1,'2024-10-24 03:58:36','2024-10-24 03:58:36'),(3074,'Celje',194,1,'2024-10-24 03:58:36','2024-10-24 03:58:36'),(3075,'Cerklje na Gorenjskem',194,1,'2024-10-24 03:58:36','2024-10-24 03:58:36'),(3076,'Cerknica',194,1,'2024-10-24 03:58:36','2024-10-24 03:58:36'),(3077,'Cerkno',194,1,'2024-10-24 03:58:36','2024-10-24 03:58:36'),(3078,'Cerkvenjak',194,1,'2024-10-24 03:58:36','2024-10-24 03:58:36'),(3079,'Crenovci',194,1,'2024-10-24 03:58:36','2024-10-24 03:58:36'),(3080,'Crna na Korokem',194,1,'2024-10-24 03:58:36','2024-10-24 03:58:36'),(3081,'Crnomelj',194,1,'2024-10-24 03:58:36','2024-10-24 03:58:36'),(3082,'Destrnik',194,1,'2024-10-24 03:58:36','2024-10-24 03:58:36'),(3083,'Divaca',194,1,'2024-10-24 03:58:36','2024-10-24 03:58:36'),(3084,'Dobje',194,1,'2024-10-24 03:58:36','2024-10-24 03:58:36'),(3085,'Dobrepolje',194,1,'2024-10-24 03:58:36','2024-10-24 03:58:36'),(3086,'Dobrna',194,1,'2024-10-24 03:58:36','2024-10-24 03:58:36'),(3087,'Dobrova-Polhov Gradec',194,1,'2024-10-24 03:58:36','2024-10-24 03:58:36'),(3088,'Dobrovnik/Dobronak',194,1,'2024-10-24 03:58:36','2024-10-24 03:58:36'),(3089,'Dol pri Ljubljani',194,1,'2024-10-24 03:58:36','2024-10-24 03:58:36'),(3090,'Dolenjske Toplice',194,1,'2024-10-24 03:58:36','2024-10-24 03:58:36'),(3091,'Domale',194,1,'2024-10-24 03:58:36','2024-10-24 03:58:36'),(3092,'Dornava',194,1,'2024-10-24 03:58:36','2024-10-24 03:58:36'),(3093,'Dravograd',194,1,'2024-10-24 03:58:36','2024-10-24 03:58:36'),(3094,'Duplek',194,1,'2024-10-24 03:58:36','2024-10-24 03:58:36'),(3095,'Gorenja vas-Poljane',194,1,'2024-10-24 03:58:36','2024-10-24 03:58:36'),(3096,'Gorinica',194,1,'2024-10-24 03:58:36','2024-10-24 03:58:36'),(3097,'Gornja Radgona',194,1,'2024-10-24 03:58:36','2024-10-24 03:58:36'),(3098,'Gornji Grad',194,1,'2024-10-24 03:58:36','2024-10-24 03:58:36'),(3099,'Gornji Petrovci',194,1,'2024-10-24 03:58:36','2024-10-24 03:58:36'),(3100,'Grad',194,1,'2024-10-24 03:58:36','2024-10-24 03:58:36'),(3101,'Grosuplje',194,1,'2024-10-24 03:58:37','2024-10-24 03:58:37'),(3102,'Hajdina',194,1,'2024-10-24 03:58:37','2024-10-24 03:58:37'),(3103,'Hoce-Slivnica',194,1,'2024-10-24 03:58:37','2024-10-24 03:58:37'),(3104,'Hodo/Hodos',194,1,'2024-10-24 03:58:37','2024-10-24 03:58:37'),(3105,'Horjul',194,1,'2024-10-24 03:58:37','2024-10-24 03:58:37'),(3106,'Hrastnik',194,1,'2024-10-24 03:58:37','2024-10-24 03:58:37'),(3107,'Hrpelje-Kozina',194,1,'2024-10-24 03:58:37','2024-10-24 03:58:37'),(3108,'Idrija',194,1,'2024-10-24 03:58:37','2024-10-24 03:58:37'),(3109,'Ig',194,1,'2024-10-24 03:58:37','2024-10-24 03:58:37'),(3110,'Ilirska Bistrica',194,1,'2024-10-24 03:58:37','2024-10-24 03:58:37'),(3111,'Ivancna Gorica',194,1,'2024-10-24 03:58:37','2024-10-24 03:58:37'),(3112,'Izola/Isola',194,1,'2024-10-24 03:58:37','2024-10-24 03:58:37'),(3113,'Jesenice',194,1,'2024-10-24 03:58:37','2024-10-24 03:58:37'),(3114,'Jezersko',194,1,'2024-10-24 03:58:37','2024-10-24 03:58:37'),(3115,'Jurinci',194,1,'2024-10-24 03:58:37','2024-10-24 03:58:37'),(3116,'Kamnik',194,1,'2024-10-24 03:58:37','2024-10-24 03:58:37'),(3117,'Kanal',194,1,'2024-10-24 03:58:37','2024-10-24 03:58:37'),(3118,'Kidricevo',194,1,'2024-10-24 03:58:37','2024-10-24 03:58:37'),(3119,'Kobarid',194,1,'2024-10-24 03:58:37','2024-10-24 03:58:37'),(3120,'Kobilje',194,1,'2024-10-24 03:58:37','2024-10-24 03:58:37'),(3121,'Kocevje',194,1,'2024-10-24 03:58:37','2024-10-24 03:58:37'),(3122,'Komen',194,1,'2024-10-24 03:58:37','2024-10-24 03:58:37'),(3123,'Komenda',194,1,'2024-10-24 03:58:37','2024-10-24 03:58:37'),(3124,'Koper/Capodistria',194,1,'2024-10-24 03:58:37','2024-10-24 03:58:37'),(3125,'Kostel',194,1,'2024-10-24 03:58:37','2024-10-24 03:58:37'),(3126,'Kozje',194,1,'2024-10-24 03:58:37','2024-10-24 03:58:37'),(3127,'Kranj',194,1,'2024-10-24 03:58:37','2024-10-24 03:58:37'),(3128,'Kranjska Gora',194,1,'2024-10-24 03:58:37','2024-10-24 03:58:37'),(3129,'Krievci',194,1,'2024-10-24 03:58:37','2024-10-24 03:58:37'),(3130,'Krko',194,1,'2024-10-24 03:58:37','2024-10-24 03:58:37'),(3131,'Kungota',194,1,'2024-10-24 03:58:37','2024-10-24 03:58:37'),(3132,'Kuzma',194,1,'2024-10-24 03:58:37','2024-10-24 03:58:37'),(3133,'Lako',194,1,'2024-10-24 03:58:37','2024-10-24 03:58:37'),(3134,'Lenart',194,1,'2024-10-24 03:58:37','2024-10-24 03:58:37'),(3135,'Lendava/Lendva',194,1,'2024-10-24 03:58:37','2024-10-24 03:58:37'),(3136,'Litija',194,1,'2024-10-24 03:58:37','2024-10-24 03:58:37'),(3137,'Ljubljana',194,1,'2024-10-24 03:58:37','2024-10-24 03:58:37'),(3138,'Ljubno',194,1,'2024-10-24 03:58:37','2024-10-24 03:58:37'),(3139,'Ljutomer',194,1,'2024-10-24 03:58:37','2024-10-24 03:58:37'),(3140,'Logatec',194,1,'2024-10-24 03:58:37','2024-10-24 03:58:37'),(3141,'Loka dolina',194,1,'2024-10-24 03:58:37','2024-10-24 03:58:37'),(3142,'Loki Potok',194,1,'2024-10-24 03:58:37','2024-10-24 03:58:37'),(3143,'Lovrenc na Pohorju',194,1,'2024-10-24 03:58:37','2024-10-24 03:58:37'),(3144,'Luce',194,1,'2024-10-24 03:58:37','2024-10-24 03:58:37'),(3145,'Lukovica',194,1,'2024-10-24 03:58:37','2024-10-24 03:58:37'),(3146,'Majperk',194,1,'2024-10-24 03:58:37','2024-10-24 03:58:37'),(3147,'Maribor',194,1,'2024-10-24 03:58:37','2024-10-24 03:58:37'),(3148,'Markovci',194,1,'2024-10-24 03:58:37','2024-10-24 03:58:37'),(3149,'Medvode',194,1,'2024-10-24 03:58:37','2024-10-24 03:58:37'),(3150,'Menge',194,1,'2024-10-24 03:58:37','2024-10-24 03:58:37'),(3151,'Metlika',194,1,'2024-10-24 03:58:37','2024-10-24 03:58:37'),(3152,'Meica',194,1,'2024-10-24 03:58:37','2024-10-24 03:58:37'),(3153,'Miklav na Dravskem polju',194,1,'2024-10-24 03:58:37','2024-10-24 03:58:37'),(3154,'Miren-Kostanjevica',194,1,'2024-10-24 03:58:37','2024-10-24 03:58:37'),(3155,'Mirna Pec',194,1,'2024-10-24 03:58:37','2024-10-24 03:58:37'),(3156,'Mislinja',194,1,'2024-10-24 03:58:37','2024-10-24 03:58:37'),(3157,'Moravce',194,1,'2024-10-24 03:58:37','2024-10-24 03:58:37'),(3158,'Moravske Toplice',194,1,'2024-10-24 03:58:37','2024-10-24 03:58:37'),(3159,'Mozirje',194,1,'2024-10-24 03:58:37','2024-10-24 03:58:37'),(3160,'Murska Sobota',194,1,'2024-10-24 03:58:37','2024-10-24 03:58:37'),(3161,'Muta',194,1,'2024-10-24 03:58:37','2024-10-24 03:58:37'),(3162,'Naklo',194,1,'2024-10-24 03:58:37','2024-10-24 03:58:37'),(3163,'Nazarje',194,1,'2024-10-24 03:58:37','2024-10-24 03:58:37'),(3164,'Nova Gorica',194,1,'2024-10-24 03:58:37','2024-10-24 03:58:37'),(3165,'Novo mesto',194,1,'2024-10-24 03:58:37','2024-10-24 03:58:37'),(3166,'Odranci',194,1,'2024-10-24 03:58:37','2024-10-24 03:58:37'),(3167,'Oplotnica',194,1,'2024-10-24 03:58:37','2024-10-24 03:58:37'),(3168,'Ormo',194,1,'2024-10-24 03:58:37','2024-10-24 03:58:37'),(3169,'Osilnica',194,1,'2024-10-24 03:58:37','2024-10-24 03:58:37'),(3170,'Pesnica',194,1,'2024-10-24 03:58:37','2024-10-24 03:58:37'),(3171,'Piran/Pirano',194,1,'2024-10-24 03:58:37','2024-10-24 03:58:37'),(3172,'Pivka',194,1,'2024-10-24 03:58:37','2024-10-24 03:58:37'),(3173,'Podcetrtek',194,1,'2024-10-24 03:58:37','2024-10-24 03:58:37'),(3174,'Podlehnik',194,1,'2024-10-24 03:58:37','2024-10-24 03:58:37'),(3175,'Podvelka',194,1,'2024-10-24 03:58:37','2024-10-24 03:58:37'),(3176,'Polzela',194,1,'2024-10-24 03:58:37','2024-10-24 03:58:37'),(3177,'Postojna',194,1,'2024-10-24 03:58:37','2024-10-24 03:58:37'),(3178,'Prebold',194,1,'2024-10-24 03:58:37','2024-10-24 03:58:37'),(3179,'Preddvor',194,1,'2024-10-24 03:58:37','2024-10-24 03:58:37'),(3180,'Prevalje',194,1,'2024-10-24 03:58:37','2024-10-24 03:58:37'),(3181,'Ptuj',194,1,'2024-10-24 03:58:37','2024-10-24 03:58:37'),(3182,'Puconci',194,1,'2024-10-24 03:58:37','2024-10-24 03:58:37'),(3183,'Race-Fram',194,1,'2024-10-24 03:58:37','2024-10-24 03:58:37'),(3184,'Radece',194,1,'2024-10-24 03:58:37','2024-10-24 03:58:37'),(3185,'Radenci',194,1,'2024-10-24 03:58:37','2024-10-24 03:58:37'),(3186,'Radlje ob Dravi',194,1,'2024-10-24 03:58:37','2024-10-24 03:58:37'),(3187,'Radovljica',194,1,'2024-10-24 03:58:37','2024-10-24 03:58:37'),(3188,'Ravne na Korokem',194,1,'2024-10-24 03:58:37','2024-10-24 03:58:37'),(3189,'Razkrije',194,1,'2024-10-24 03:58:37','2024-10-24 03:58:37'),(3190,'Ribnica',194,1,'2024-10-24 03:58:37','2024-10-24 03:58:37'),(3191,'Ribnica na Pohorju',194,1,'2024-10-24 03:58:37','2024-10-24 03:58:37'),(3192,'Rogaka Slatina',194,1,'2024-10-24 03:58:37','2024-10-24 03:58:37'),(3193,'Rogaovci',194,1,'2024-10-24 03:58:37','2024-10-24 03:58:37'),(3194,'Rogatec',194,1,'2024-10-24 03:58:37','2024-10-24 03:58:37'),(3195,'Rue',194,1,'2024-10-24 03:58:37','2024-10-24 03:58:37'),(3196,'Selnica ob Dravi',194,1,'2024-10-24 03:58:37','2024-10-24 03:58:37'),(3197,'Semic',194,1,'2024-10-24 03:58:37','2024-10-24 03:58:37'),(3198,'Sevnica',194,1,'2024-10-24 03:58:37','2024-10-24 03:58:37'),(3199,'Seana',194,1,'2024-10-24 03:58:37','2024-10-24 03:58:37'),(3200,'Slovenj Gradec',194,1,'2024-10-24 03:58:37','2024-10-24 03:58:37'),(3201,'Slovenska Bistrica',194,1,'2024-10-24 03:58:37','2024-10-24 03:58:37'),(3202,'Slovenske Konjice',194,1,'2024-10-24 03:58:37','2024-10-24 03:58:37'),(3203,'Sodraica',194,1,'2024-10-24 03:58:37','2024-10-24 03:58:37'),(3204,'Solcava',194,1,'2024-10-24 03:58:37','2024-10-24 03:58:37'),(3205,'Stare',194,1,'2024-10-24 03:58:37','2024-10-24 03:58:37'),(3206,'Sveta Ana',194,1,'2024-10-24 03:58:37','2024-10-24 03:58:37'),(3207,'Sveti Andra v Slovenskih goricah',194,1,'2024-10-24 03:58:37','2024-10-24 03:58:37'),(3208,'Sveti Jurij',194,1,'2024-10-24 03:58:37','2024-10-24 03:58:37'),(3209,'alovci',194,1,'2024-10-24 03:58:37','2024-10-24 03:58:37'),(3210,'empeter-Vrtojba',194,1,'2024-10-24 03:58:37','2024-10-24 03:58:37'),(3211,'encur',194,1,'2024-10-24 03:58:37','2024-10-24 03:58:37'),(3212,'entilj',194,1,'2024-10-24 03:58:37','2024-10-24 03:58:37'),(3213,'entjernej',194,1,'2024-10-24 03:58:37','2024-10-24 03:58:37'),(3214,'entjur pri Celju',194,1,'2024-10-24 03:58:37','2024-10-24 03:58:37'),(3215,'kocjan',194,1,'2024-10-24 03:58:37','2024-10-24 03:58:37'),(3216,'kofja Loka',194,1,'2024-10-24 03:58:37','2024-10-24 03:58:37'),(3217,'kofljica',194,1,'2024-10-24 03:58:37','2024-10-24 03:58:37'),(3218,'marje pri Jelah',194,1,'2024-10-24 03:58:37','2024-10-24 03:58:37'),(3219,'martno ob Paki',194,1,'2024-10-24 03:58:37','2024-10-24 03:58:37'),(3220,'martno pri Litiji',194,1,'2024-10-24 03:58:37','2024-10-24 03:58:37'),(3221,'otanj',194,1,'2024-10-24 03:58:37','2024-10-24 03:58:37'),(3222,'tore',194,1,'2024-10-24 03:58:37','2024-10-24 03:58:37'),(3223,'Tabor',194,1,'2024-10-24 03:58:37','2024-10-24 03:58:37'),(3224,'Tiina',194,1,'2024-10-24 03:58:37','2024-10-24 03:58:37'),(3225,'Tolmin',194,1,'2024-10-24 03:58:37','2024-10-24 03:58:37'),(3226,'Trbovlje',194,1,'2024-10-24 03:58:37','2024-10-24 03:58:37'),(3227,'Trebnje',194,1,'2024-10-24 03:58:37','2024-10-24 03:58:37'),(3228,'Trnovska vas',194,1,'2024-10-24 03:58:37','2024-10-24 03:58:37'),(3229,'Tric',194,1,'2024-10-24 03:58:37','2024-10-24 03:58:37'),(3230,'Trzin',194,1,'2024-10-24 03:58:37','2024-10-24 03:58:37'),(3231,'Turnice',194,1,'2024-10-24 03:58:37','2024-10-24 03:58:37'),(3232,'Velenje',194,1,'2024-10-24 03:58:37','2024-10-24 03:58:37'),(3233,'Velika Polana',194,1,'2024-10-24 03:58:37','2024-10-24 03:58:37'),(3234,'Velike Lace',194,1,'2024-10-24 03:58:37','2024-10-24 03:58:37'),(3235,'Verej',194,1,'2024-10-24 03:58:37','2024-10-24 03:58:37'),(3236,'Videm',194,1,'2024-10-24 03:58:37','2024-10-24 03:58:37'),(3237,'Vipava',194,1,'2024-10-24 03:58:37','2024-10-24 03:58:37'),(3238,'Vitanje',194,1,'2024-10-24 03:58:37','2024-10-24 03:58:37'),(3239,'Vodice',194,1,'2024-10-24 03:58:37','2024-10-24 03:58:37'),(3240,'Vojnik',194,1,'2024-10-24 03:58:37','2024-10-24 03:58:37'),(3241,'Vransko',194,1,'2024-10-24 03:58:37','2024-10-24 03:58:37'),(3242,'Vrhnika',194,1,'2024-10-24 03:58:37','2024-10-24 03:58:37'),(3243,'Vuzenica',194,1,'2024-10-24 03:58:37','2024-10-24 03:58:37'),(3244,'Zagorje ob Savi',194,1,'2024-10-24 03:58:37','2024-10-24 03:58:37'),(3245,'Zavrc',194,1,'2024-10-24 03:58:37','2024-10-24 03:58:37'),(3246,'Zrece',194,1,'2024-10-24 03:58:37','2024-10-24 03:58:37'),(3247,'alec',194,1,'2024-10-24 03:58:37','2024-10-24 03:58:37'),(3248,'elezniki',194,1,'2024-10-24 03:58:37','2024-10-24 03:58:37'),(3249,'etale',194,1,'2024-10-24 03:58:37','2024-10-24 03:58:37'),(3250,'iri',194,1,'2024-10-24 03:58:37','2024-10-24 03:58:37'),(3251,'irovnica',194,1,'2024-10-24 03:58:37','2024-10-24 03:58:37'),(3252,'uemberk',194,1,'2024-10-24 03:58:37','2024-10-24 03:58:37'),(3253,'Ajdovcina',194,1,'2024-10-24 03:58:37','2024-10-24 03:58:37'),(3254,'Beltinci',194,1,'2024-10-24 03:58:37','2024-10-24 03:58:37'),(3255,'Benedikt',194,1,'2024-10-24 03:58:37','2024-10-24 03:58:37'),(3256,'Bistrica ob Sotli',194,1,'2024-10-24 03:58:37','2024-10-24 03:58:37'),(3257,'Bled',194,1,'2024-10-24 03:58:37','2024-10-24 03:58:37'),(3258,'Bloke',194,1,'2024-10-24 03:58:37','2024-10-24 03:58:37'),(3259,'Bohinj',194,1,'2024-10-24 03:58:37','2024-10-24 03:58:37'),(3260,'Borovnica',194,1,'2024-10-24 03:58:37','2024-10-24 03:58:37'),(3261,'Bovec',194,1,'2024-10-24 03:58:37','2024-10-24 03:58:37'),(3262,'Braslovce',194,1,'2024-10-24 03:58:37','2024-10-24 03:58:37'),(3263,'Brda',194,1,'2024-10-24 03:58:37','2024-10-24 03:58:37'),(3264,'Brezovica',194,1,'2024-10-24 03:58:37','2024-10-24 03:58:37'),(3265,'martno pri Litiji',194,1,'2024-10-24 03:58:37','2024-10-24 03:58:37'),(3266,'Apae',194,1,'2024-10-24 03:58:37','2024-10-24 03:58:37'),(3267,'Cirkulane',194,1,'2024-10-24 03:58:37','2024-10-24 03:58:37'),(3268,'Kosanjevica na Krki',194,1,'2024-10-24 03:58:37','2024-10-24 03:58:37'),(3269,'Makole',194,1,'2024-10-24 03:58:37','2024-10-24 03:58:37'),(3270,'Mokronog-Trebelno',194,1,'2024-10-24 03:58:37','2024-10-24 03:58:37'),(3271,'Poljane',194,1,'2024-10-24 03:58:37','2024-10-24 03:58:37'),(3272,'Rene-Vogrsko',194,1,'2024-10-24 03:58:37','2024-10-24 03:58:37'),(3273,'Reica ob Savinji',194,1,'2024-10-24 03:58:37','2024-10-24 03:58:37'),(3274,'Sveti Jurij v Slovenskih Goricah',194,1,'2024-10-24 03:58:37','2024-10-24 03:58:37'),(3275,'Sredie ob Dravi',194,1,'2024-10-24 03:58:37','2024-10-24 03:58:37'),(3276,'Straa',194,1,'2024-10-24 03:58:37','2024-10-24 03:58:37'),(3277,'Sveta Trojica v Slovenskih Goricah',194,1,'2024-10-24 03:58:37','2024-10-24 03:58:37'),(3278,'Sveti Toma',194,1,'2024-10-24 03:58:37','2024-10-24 03:58:37'),(3279,'entrupert',194,1,'2024-10-24 03:58:37','2024-10-24 03:58:37'),(3280,'marjeke Toplice',194,1,'2024-10-24 03:58:37','2024-10-24 03:58:37'),(3281,'Gorje',194,1,'2024-10-24 03:58:37','2024-10-24 03:58:37'),(3282,'Log-Dragomer',194,1,'2024-10-24 03:58:37','2024-10-24 03:58:37'),(3283,'Temotu',195,1,'2024-10-24 03:58:37','2024-10-24 03:58:37'),(3284,'Central',195,1,'2024-10-24 03:58:37','2024-10-24 03:58:37'),(3285,'Choiseul',195,1,'2024-10-24 03:58:37','2024-10-24 03:58:37'),(3286,'Guadalcanal',195,1,'2024-10-24 03:58:37','2024-10-24 03:58:37'),(3287,'Western',195,1,'2024-10-24 03:58:37','2024-10-24 03:58:37'),(3288,'Rennell and Bellona',195,1,'2024-10-24 03:58:37','2024-10-24 03:58:37'),(3289,'Capital Territory (Honiara)',195,1,'2024-10-24 03:58:37','2024-10-24 03:58:37'),(3290,'Makira',195,1,'2024-10-24 03:58:37','2024-10-24 03:58:37'),(3291,'Isabel',195,1,'2024-10-24 03:58:37','2024-10-24 03:58:37'),(3292,'Malaita',195,1,'2024-10-24 03:58:37','2024-10-24 03:58:37'),(3293,'Sool',196,1,'2024-10-24 03:58:37','2024-10-24 03:58:37'),(3294,'Galguduud',196,1,'2024-10-24 03:58:37','2024-10-24 03:58:37'),(3295,'Gedo',196,1,'2024-10-24 03:58:37','2024-10-24 03:58:37'),(3296,'Jubbada Dhexe',196,1,'2024-10-24 03:58:37','2024-10-24 03:58:37'),(3297,'Jubbada Hoose',196,1,'2024-10-24 03:58:37','2024-10-24 03:58:37'),(3298,'Nugaal',196,1,'2024-10-24 03:58:37','2024-10-24 03:58:37'),(3299,'Shabeellaha Hoose',196,1,'2024-10-24 03:58:37','2024-10-24 03:58:37'),(3300,'Sanaag',196,1,'2024-10-24 03:58:37','2024-10-24 03:58:37'),(3301,'Togdheer',196,1,'2024-10-24 03:58:37','2024-10-24 03:58:37'),(3302,'Woqooyi Galbeed',196,1,'2024-10-24 03:58:37','2024-10-24 03:58:37'),(3303,'Awdal',196,1,'2024-10-24 03:58:37','2024-10-24 03:58:37'),(3304,'Bakool',196,1,'2024-10-24 03:58:37','2024-10-24 03:58:37'),(3305,'Bari',196,1,'2024-10-24 03:58:37','2024-10-24 03:58:37'),(3306,'Mudug',196,1,'2024-10-24 03:58:37','2024-10-24 03:58:37'),(3307,'Bay',196,1,'2024-10-24 03:58:37','2024-10-24 03:58:37'),(3308,'Banaadir',196,1,'2024-10-24 03:58:37','2024-10-24 03:58:37'),(3309,'Hiiraan',196,1,'2024-10-24 03:58:37','2024-10-24 03:58:37'),(3310,'Shabeellaha Dhexe',196,1,'2024-10-24 03:58:37','2024-10-24 03:58:37'),(3311,'North-West',197,1,'2024-10-24 03:58:37','2024-10-24 03:58:37'),(3312,'Mpumalanga',197,1,'2024-10-24 03:58:37','2024-10-24 03:58:37'),(3313,'Eastern Cape',197,1,'2024-10-24 03:58:37','2024-10-24 03:58:37'),(3314,'Free State',197,1,'2024-10-24 03:58:37','2024-10-24 03:58:37'),(3315,'Kwazulu-Natal',197,1,'2024-10-24 03:58:37','2024-10-24 03:58:37'),(3316,'Limpopo',197,1,'2024-10-24 03:58:37','2024-10-24 03:58:37'),(3317,'Northern Cape',197,1,'2024-10-24 03:58:37','2024-10-24 03:58:37'),(3318,'Western Cape',197,1,'2024-10-24 03:58:37','2024-10-24 03:58:37'),(3319,'Gauteng',197,1,'2024-10-24 03:58:37','2024-10-24 03:58:37'),(3320,'Melilla',199,1,'2024-10-24 03:58:37','2024-10-24 03:58:37'),(3321,'Ceuta',199,1,'2024-10-24 03:58:37','2024-10-24 03:58:37'),(3322,'Zaragoza',199,1,'2024-10-24 03:58:37','2024-10-24 03:58:37'),(3323,'Valencia',199,1,'2024-10-24 03:58:37','2024-10-24 03:58:37'),(3324,'Tarragona',199,1,'2024-10-24 03:58:37','2024-10-24 03:58:37'),(3325,'Vizcaya',199,1,'2024-10-24 03:58:37','2024-10-24 03:58:37'),(3326,'Zamora',199,1,'2024-10-24 03:58:37','2024-10-24 03:58:37'),(3327,'Segovia',199,1,'2024-10-24 03:58:37','2024-10-24 03:58:37'),(3328,'Ourense',199,1,'2024-10-24 03:58:37','2024-10-24 03:58:37'),(3329,'Soria',199,1,'2024-10-24 03:58:37','2024-10-24 03:58:37'),(3330,'Teruel',199,1,'2024-10-24 03:58:37','2024-10-24 03:58:37'),(3331,'Toledo',199,1,'2024-10-24 03:58:37','2024-10-24 03:58:37'),(3332,'Valladolid',199,1,'2024-10-24 03:58:37','2024-10-24 03:58:37'),(3333,'lava',199,1,'2024-10-24 03:58:37','2024-10-24 03:58:37'),(3334,'Asturias',199,1,'2024-10-24 03:58:37','2024-10-24 03:58:37'),(3335,'Baleares',199,1,'2024-10-24 03:58:37','2024-10-24 03:58:37'),(3336,'Burgos',199,1,'2024-10-24 03:58:37','2024-10-24 03:58:37'),(3337,'Cantabria',199,1,'2024-10-24 03:58:37','2024-10-24 03:58:37'),(3338,'Ciudad Real',199,1,'2024-10-24 03:58:37','2024-10-24 03:58:37'),(3339,'Crdoba',199,1,'2024-10-24 03:58:37','2024-10-24 03:58:37'),(3340,'Girona',199,1,'2024-10-24 03:58:37','2024-10-24 03:58:37'),(3341,'Granada',199,1,'2024-10-24 03:58:37','2024-10-24 03:58:37'),(3342,'Guipzcoa',199,1,'2024-10-24 03:58:37','2024-10-24 03:58:37'),(3343,'Huesca',199,1,'2024-10-24 03:58:37','2024-10-24 03:58:37'),(3344,'Jan',199,1,'2024-10-24 03:58:37','2024-10-24 03:58:37'),(3345,'Las Palmas',199,1,'2024-10-24 03:58:37','2024-10-24 03:58:37'),(3346,'Lleida',199,1,'2024-10-24 03:58:37','2024-10-24 03:58:37'),(3347,'A Corua',199,1,'2024-10-24 03:58:37','2024-10-24 03:58:37'),(3348,'Alicante',199,1,'2024-10-24 03:58:37','2024-10-24 03:58:37'),(3349,'Albacete',199,1,'2024-10-24 03:58:37','2024-10-24 03:58:37'),(3350,'Almera',199,1,'2024-10-24 03:58:37','2024-10-24 03:58:37'),(3351,'vila',199,1,'2024-10-24 03:58:37','2024-10-24 03:58:37'),(3352,'Badajoz',199,1,'2024-10-24 03:58:37','2024-10-24 03:58:37'),(3353,'Barcelona',199,1,'2024-10-24 03:58:37','2024-10-24 03:58:37'),(3354,'Cceres',199,1,'2024-10-24 03:58:37','2024-10-24 03:58:37'),(3355,'Cdiz',199,1,'2024-10-24 03:58:37','2024-10-24 03:58:37'),(3356,'Castelln',199,1,'2024-10-24 03:58:37','2024-10-24 03:58:37'),(3357,'Lugo',199,1,'2024-10-24 03:58:37','2024-10-24 03:58:37'),(3358,'Mlaga',199,1,'2024-10-24 03:58:37','2024-10-24 03:58:37'),(3359,'Navarra',199,1,'2024-10-24 03:58:37','2024-10-24 03:58:37'),(3360,'Palencia',199,1,'2024-10-24 03:58:37','2024-10-24 03:58:37'),(3361,'Pontevedra',199,1,'2024-10-24 03:58:37','2024-10-24 03:58:37'),(3362,'Santa Cruz de Tenerife',199,1,'2024-10-24 03:58:37','2024-10-24 03:58:37'),(3363,'Sevilla',199,1,'2024-10-24 03:58:37','2024-10-24 03:58:37'),(3364,'Cuenca',199,1,'2024-10-24 03:58:37','2024-10-24 03:58:37'),(3365,'Guadalajara',199,1,'2024-10-24 03:58:37','2024-10-24 03:58:37'),(3366,'Huelva',199,1,'2024-10-24 03:58:37','2024-10-24 03:58:37'),(3367,'La Rioja',199,1,'2024-10-24 03:58:37','2024-10-24 03:58:37'),(3368,'Len',199,1,'2024-10-24 03:58:37','2024-10-24 03:58:37'),(3369,'Madrid',199,1,'2024-10-24 03:58:37','2024-10-24 03:58:37'),(3370,'Murcia',199,1,'2024-10-24 03:58:37','2024-10-24 03:58:37'),(3371,'Salamanca',199,1,'2024-10-24 03:58:37','2024-10-24 03:58:37'),(3372,'Vavuniyva',200,1,'2024-10-24 03:58:37','2024-10-24 03:58:37'),(3373,'Mulativ',200,1,'2024-10-24 03:58:37','2024-10-24 03:58:37'),(3374,'Mtara',200,1,'2024-10-24 03:58:37','2024-10-24 03:58:37'),(3375,'Pnnaruva',200,1,'2024-10-24 03:58:37','2024-10-24 03:58:37'),(3376,'Ratnapura',200,1,'2024-10-24 03:58:37','2024-10-24 03:58:37'),(3377,'Mahanuvara',200,1,'2024-10-24 03:58:37','2024-10-24 03:58:37'),(3378,'Kilinchchi',200,1,'2024-10-24 03:58:37','2024-10-24 03:58:37'),(3379,'Mtale',200,1,'2024-10-24 03:58:37','2024-10-24 03:58:37'),(3380,'Margala',200,1,'2024-10-24 03:58:37','2024-10-24 03:58:37'),(3381,'Nuvara liya',200,1,'2024-10-24 03:58:37','2024-10-24 03:58:37'),(3382,'Puttalama',200,1,'2024-10-24 03:58:37','2024-10-24 03:58:37'),(3383,'Trikumalaya',200,1,'2024-10-24 03:58:37','2024-10-24 03:58:37'),(3384,'Ypanaya',200,1,'2024-10-24 03:58:37','2024-10-24 03:58:37'),(3385,'Anurdhapura',200,1,'2024-10-24 03:58:37','2024-10-24 03:58:37'),(3386,'Gampaha',200,1,'2024-10-24 03:58:37','2024-10-24 03:58:37'),(3387,'Kalutara',200,1,'2024-10-24 03:58:37','2024-10-24 03:58:37'),(3388,'Ampra',200,1,'2024-10-24 03:58:37','2024-10-24 03:58:37'),(3389,'Badulla',200,1,'2024-10-24 03:58:37','2024-10-24 03:58:37'),(3390,'Glla',200,1,'2024-10-24 03:58:37','2024-10-24 03:58:37'),(3391,'Hambanta',200,1,'2024-10-24 03:58:37','2024-10-24 03:58:37'),(3392,'Kegalla',200,1,'2024-10-24 03:58:37','2024-10-24 03:58:37'),(3393,'Kamba',200,1,'2024-10-24 03:58:37','2024-10-24 03:58:37'),(3394,'Madakalapuva',200,1,'2024-10-24 03:58:37','2024-10-24 03:58:37'),(3395,'Mannrama',200,1,'2024-10-24 03:58:37','2024-10-24 03:58:37'),(3396,'Kurugala',200,1,'2024-10-24 03:58:37','2024-10-24 03:58:37'),(3397,'Al Wa?dah',201,1,'2024-10-24 03:58:37','2024-10-24 03:58:37'),(3398,'Shamal Ba?r al Ghazal',201,1,'2024-10-24 03:58:37','2024-10-24 03:58:37'),(3399,'Al Qa?arif',201,1,'2024-10-24 03:58:37','2024-10-24 03:58:37'),(3400,'Ash Shamaliyah',201,1,'2024-10-24 03:58:37','2024-10-24 03:58:37'),(3401,'Sharq al Istiwa iyah',201,1,'2024-10-24 03:58:37','2024-10-24 03:58:37'),(3402,'An Nil al Abya?',201,1,'2024-10-24 03:58:37','2024-10-24 03:58:37'),(3403,'Al Jazirah',201,1,'2024-10-24 03:58:37','2024-10-24 03:58:37'),(3404,'A?ali an Nil',201,1,'2024-10-24 03:58:37','2024-10-24 03:58:37'),(3405,'Ba?r al Jabal',201,1,'2024-10-24 03:58:37','2024-10-24 03:58:37'),(3406,'Gharb Ba?r al Ghazal',201,1,'2024-10-24 03:58:37','2024-10-24 03:58:37'),(3407,'Al Khartum',201,1,'2024-10-24 03:58:37','2024-10-24 03:58:37'),(3408,'Janub Kurdufan',201,1,'2024-10-24 03:58:37','2024-10-24 03:58:37'),(3409,'Junqali',201,1,'2024-10-24 03:58:37','2024-10-24 03:58:37'),(3410,'An Nil',201,1,'2024-10-24 03:58:37','2024-10-24 03:58:37'),(3411,'An Nil al Azraq',201,1,'2024-10-24 03:58:37','2024-10-24 03:58:37'),(3412,'Shamal Darfur',201,1,'2024-10-24 03:58:37','2024-10-24 03:58:37'),(3413,'Shamal Kurdufan',201,1,'2024-10-24 03:58:37','2024-10-24 03:58:37'),(3414,'Sinnar',201,1,'2024-10-24 03:58:37','2024-10-24 03:58:37'),(3415,'Warab',201,1,'2024-10-24 03:58:37','2024-10-24 03:58:37'),(3416,'Al Ba?r al A?mar',201,1,'2024-10-24 03:58:37','2024-10-24 03:58:37'),(3417,'Al Bu?ayrat',201,1,'2024-10-24 03:58:37','2024-10-24 03:58:37'),(3418,'Gharb al Istiwa iyah',201,1,'2024-10-24 03:58:37','2024-10-24 03:58:37'),(3419,'Gharb Darfur',201,1,'2024-10-24 03:58:37','2024-10-24 03:58:37'),(3420,'Gharb Kurdufan',201,1,'2024-10-24 03:58:37','2024-10-24 03:58:37'),(3421,'Janub Darfur',201,1,'2024-10-24 03:58:37','2024-10-24 03:58:37'),(3422,'Kassala',201,1,'2024-10-24 03:58:37','2024-10-24 03:58:37'),(3423,'Sipaliwini',202,1,'2024-10-24 03:58:37','2024-10-24 03:58:37'),(3424,'Commewijne',202,1,'2024-10-24 03:58:37','2024-10-24 03:58:37'),(3425,'Coronie',202,1,'2024-10-24 03:58:37','2024-10-24 03:58:37'),(3426,'Nickerie',202,1,'2024-10-24 03:58:37','2024-10-24 03:58:37'),(3427,'Paramaribo',202,1,'2024-10-24 03:58:37','2024-10-24 03:58:37'),(3428,'Saramacca',202,1,'2024-10-24 03:58:37','2024-10-24 03:58:37'),(3429,'Wanica',202,1,'2024-10-24 03:58:37','2024-10-24 03:58:37'),(3430,'Brokopondo',202,1,'2024-10-24 03:58:37','2024-10-24 03:58:37'),(3431,'Marowijne',202,1,'2024-10-24 03:58:37','2024-10-24 03:58:37'),(3432,'Para',202,1,'2024-10-24 03:58:37','2024-10-24 03:58:37'),(3433,'Manzini',204,1,'2024-10-24 03:58:37','2024-10-24 03:58:37'),(3434,'Hhohho',204,1,'2024-10-24 03:58:37','2024-10-24 03:58:37'),(3435,'Shiselweni',204,1,'2024-10-24 03:58:37','2024-10-24 03:58:37'),(3436,'Lubombo',204,1,'2024-10-24 03:58:37','2024-10-24 03:58:37'),(3437,'Skne ln [SE-12]',205,1,'2024-10-24 03:58:37','2024-10-24 03:58:37'),(3438,'Dalarnas ln [SE-20]',205,1,'2024-10-24 03:58:37','2024-10-24 03:58:37'),(3439,'Gotlands ln [SE-09]',205,1,'2024-10-24 03:58:37','2024-10-24 03:58:37'),(3440,'Jnkpings ln [SE-06]',205,1,'2024-10-24 03:58:37','2024-10-24 03:58:37'),(3441,'Norrbottens ln [SE-25]',205,1,'2024-10-24 03:58:37','2024-10-24 03:58:37'),(3442,'Stockholms ln [SE-01]',205,1,'2024-10-24 03:58:37','2024-10-24 03:58:37'),(3443,'Vstmanlands ln [SE-19]',205,1,'2024-10-24 03:58:37','2024-10-24 03:58:37'),(3444,'Vsterbottens ln [SE-24]',205,1,'2024-10-24 03:58:37','2024-10-24 03:58:37'),(3445,'stergtlands ln [SE-05]',205,1,'2024-10-24 03:58:37','2024-10-24 03:58:37'),(3446,'Sdermanlands ln [SE-04]',205,1,'2024-10-24 03:58:37','2024-10-24 03:58:37'),(3447,'Uppsala ln [SE-03]',205,1,'2024-10-24 03:58:37','2024-10-24 03:58:37'),(3448,'Vrmlands ln [SE-17]',205,1,'2024-10-24 03:58:37','2024-10-24 03:58:37'),(3449,'Vsternorrlands ln [SE-22]',205,1,'2024-10-24 03:58:37','2024-10-24 03:58:37'),(3450,'Vstra Gtalands ln [SE-14]',205,1,'2024-10-24 03:58:37','2024-10-24 03:58:37'),(3451,'Blekinge ln [SE-10]',205,1,'2024-10-24 03:58:37','2024-10-24 03:58:37'),(3452,'Gvleborgs ln [SE-21]',205,1,'2024-10-24 03:58:37','2024-10-24 03:58:37'),(3453,'Hallands ln [SE-13]',205,1,'2024-10-24 03:58:37','2024-10-24 03:58:37'),(3454,'Jmtlands ln [SE-23]',205,1,'2024-10-24 03:58:37','2024-10-24 03:58:37'),(3455,'Kalmar ln [SE-08]',205,1,'2024-10-24 03:58:37','2024-10-24 03:58:37'),(3456,'Kronobergs ln [SE-07]',205,1,'2024-10-24 03:58:37','2024-10-24 03:58:37'),(3457,'rebro ln [SE-18]',205,1,'2024-10-24 03:58:37','2024-10-24 03:58:37'),(3458,'Vaud (fr)',206,1,'2024-10-24 03:58:37','2024-10-24 03:58:37'),(3459,'Zrich (de)',206,1,'2024-10-24 03:58:37','2024-10-24 03:58:37'),(3460,'Aargau (de)',206,1,'2024-10-24 03:58:37','2024-10-24 03:58:37'),(3461,'Appenzell Innerrhoden (de)',206,1,'2024-10-24 03:58:37','2024-10-24 03:58:37'),(3462,'Basel-Stadt (de)',206,1,'2024-10-24 03:58:37','2024-10-24 03:58:37'),(3463,'Fribourg (fr)',206,1,'2024-10-24 03:58:37','2024-10-24 03:58:37'),(3464,'Glarus (de)',206,1,'2024-10-24 03:58:37','2024-10-24 03:58:37'),(3465,'Jura (fr)',206,1,'2024-10-24 03:58:37','2024-10-24 03:58:37'),(3466,'Neuchtel (fr)',206,1,'2024-10-24 03:58:37','2024-10-24 03:58:37'),(3467,'Obwalden (de)',206,1,'2024-10-24 03:58:37','2024-10-24 03:58:37'),(3468,'Graubnden (de)',206,1,'2024-10-24 03:58:37','2024-10-24 03:58:37'),(3469,'Luzern (de)',206,1,'2024-10-24 03:58:37','2024-10-24 03:58:37'),(3470,'Nidwalden (de)',206,1,'2024-10-24 03:58:37','2024-10-24 03:58:37'),(3471,'Sankt Gallen (de)',206,1,'2024-10-24 03:58:37','2024-10-24 03:58:37'),(3472,'Schwyz (de)',206,1,'2024-10-24 03:58:37','2024-10-24 03:58:37'),(3473,'Solothurn (de)',206,1,'2024-10-24 03:58:37','2024-10-24 03:58:37'),(3474,'Ticino (it)',206,1,'2024-10-24 03:58:37','2024-10-24 03:58:37'),(3475,'Valais (fr)',206,1,'2024-10-24 03:58:37','2024-10-24 03:58:37'),(3476,'Zug (de)',206,1,'2024-10-24 03:58:37','2024-10-24 03:58:37'),(3477,'Appenzell Ausserrhoden (de)',206,1,'2024-10-24 03:58:37','2024-10-24 03:58:37'),(3478,'Basel-Landschaft (de)',206,1,'2024-10-24 03:58:37','2024-10-24 03:58:37'),(3479,'Bern (de)',206,1,'2024-10-24 03:58:37','2024-10-24 03:58:37'),(3480,'Genve (fr)',206,1,'2024-10-24 03:58:37','2024-10-24 03:58:37'),(3481,'Uri (de)',206,1,'2024-10-24 03:58:37','2024-10-24 03:58:37'),(3482,'Schaffhausen (de)',206,1,'2024-10-24 03:58:37','2024-10-24 03:58:37'),(3483,'Thurgau (de)',206,1,'2024-10-24 03:58:37','2024-10-24 03:58:37'),(3484,'Tartus',207,1,'2024-10-24 03:58:37','2024-10-24 03:58:37'),(3485,'Ar Raqqah',207,1,'2024-10-24 03:58:37','2024-10-24 03:58:37'),(3486,'Dimashq',207,1,'2024-10-24 03:58:37','2024-10-24 03:58:37'),(3487,'?ims',207,1,'2024-10-24 03:58:37','2024-10-24 03:58:37'),(3488,'?alab',207,1,'2024-10-24 03:58:37','2024-10-24 03:58:37'),(3489,'Dar?a',207,1,'2024-10-24 03:58:37','2024-10-24 03:58:37'),(3490,'Rif Dimashq',207,1,'2024-10-24 03:58:37','2024-10-24 03:58:37'),(3491,'Al ?asakah',207,1,'2024-10-24 03:58:37','2024-10-24 03:58:37'),(3492,'Al Ladhiqiyah',207,1,'2024-10-24 03:58:37','2024-10-24 03:58:37'),(3493,'Al Qunaytirah',207,1,'2024-10-24 03:58:37','2024-10-24 03:58:37'),(3494,'As Suwayda',207,1,'2024-10-24 03:58:37','2024-10-24 03:58:37'),(3495,'Dayr az Zawr',207,1,'2024-10-24 03:58:37','2024-10-24 03:58:37'),(3496,'?amah',207,1,'2024-10-24 03:58:37','2024-10-24 03:58:37'),(3497,'Idlib',207,1,'2024-10-24 03:58:37','2024-10-24 03:58:37'),(3498,'Yunlin',208,1,'2024-10-24 03:58:37','2024-10-24 03:58:37'),(3499,'Taoyuan',208,1,'2024-10-24 03:58:37','2024-10-24 03:58:37'),(3500,'Taitung',208,1,'2024-10-24 03:58:37','2024-10-24 03:58:37'),(3501,'Taipei',208,1,'2024-10-24 03:58:37','2024-10-24 03:58:37'),(3502,'Tainan',208,1,'2024-10-24 03:58:37','2024-10-24 03:58:37'),(3503,'Taichung',208,1,'2024-10-24 03:58:37','2024-10-24 03:58:37'),(3504,'Chiayi Municipality',208,1,'2024-10-24 03:58:37','2024-10-24 03:58:37'),(3505,'Hsinchu Municipality',208,1,'2024-10-24 03:58:37','2024-10-24 03:58:37'),(3506,'Hsinchu',208,1,'2024-10-24 03:58:37','2024-10-24 03:58:37'),(3507,'Ilan',208,1,'2024-10-24 03:58:37','2024-10-24 03:58:37'),(3508,'Changhua',208,1,'2024-10-24 03:58:37','2024-10-24 03:58:37'),(3509,'Chiayi',208,1,'2024-10-24 03:58:37','2024-10-24 03:58:37'),(3510,'Hualien',208,1,'2024-10-24 03:58:37','2024-10-24 03:58:37'),(3511,'Kaohsiung',208,1,'2024-10-24 03:58:37','2024-10-24 03:58:37'),(3512,'Keelung Municipality',208,1,'2024-10-24 03:58:37','2024-10-24 03:58:37'),(3513,'Miaoli',208,1,'2024-10-24 03:58:37','2024-10-24 03:58:37'),(3514,'Pingtung',208,1,'2024-10-24 03:58:37','2024-10-24 03:58:37'),(3515,'Tainan Municipality',208,1,'2024-10-24 03:58:37','2024-10-24 03:58:37'),(3516,'Kaohsiung Special Municipality',208,1,'2024-10-24 03:58:37','2024-10-24 03:58:37'),(3517,'Nantou',208,1,'2024-10-24 03:58:37','2024-10-24 03:58:37'),(3518,'Penghu',208,1,'2024-10-24 03:58:37','2024-10-24 03:58:37'),(3519,'Taichung Municipality',208,1,'2024-10-24 03:58:37','2024-10-24 03:58:37'),(3520,'Taipei Special Municipality',208,1,'2024-10-24 03:58:37','2024-10-24 03:58:37'),(3521,'Khatlon',209,1,'2024-10-24 03:58:37','2024-10-24 03:58:37'),(3522,'',209,1,'2024-10-24 03:58:37','2024-10-24 03:58:37'),(3523,'Sughd',209,1,'2024-10-24 03:58:37','2024-10-24 03:58:37'),(3524,'Gorno-Badakhshan',209,1,'2024-10-24 03:58:37','2024-10-24 03:58:37'),(3525,'Kaskazini Pemba',210,1,'2024-10-24 03:58:37','2024-10-24 03:58:37'),(3526,'Tanga',210,1,'2024-10-24 03:58:37','2024-10-24 03:58:37'),(3527,'Singida',210,1,'2024-10-24 03:58:37','2024-10-24 03:58:37'),(3528,'Rukwa',210,1,'2024-10-24 03:58:37','2024-10-24 03:58:37'),(3529,'Mbeya',210,1,'2024-10-24 03:58:37','2024-10-24 03:58:37'),(3530,'Kagera',210,1,'2024-10-24 03:58:37','2024-10-24 03:58:37'),(3531,'Kigoma',210,1,'2024-10-24 03:58:37','2024-10-24 03:58:37'),(3532,'Kilimanjaro',210,1,'2024-10-24 03:58:37','2024-10-24 03:58:37'),(3533,'Manyara',210,1,'2024-10-24 03:58:37','2024-10-24 03:58:37'),(3534,'Mara',210,1,'2024-10-24 03:58:37','2024-10-24 03:58:37'),(3535,'Morogoro',210,1,'2024-10-24 03:58:37','2024-10-24 03:58:37'),(3536,'Mwanza',210,1,'2024-10-24 03:58:37','2024-10-24 03:58:37'),(3537,'Pwani',210,1,'2024-10-24 03:58:37','2024-10-24 03:58:37'),(3538,'Ruvuma',210,1,'2024-10-24 03:58:37','2024-10-24 03:58:37'),(3539,'Shinyanga',210,1,'2024-10-24 03:58:37','2024-10-24 03:58:37'),(3540,'Tabora',210,1,'2024-10-24 03:58:37','2024-10-24 03:58:37'),(3541,'Arusha',210,1,'2024-10-24 03:58:37','2024-10-24 03:58:37'),(3542,'Dar es Salaam',210,1,'2024-10-24 03:58:37','2024-10-24 03:58:37'),(3543,'Dodoma',210,1,'2024-10-24 03:58:37','2024-10-24 03:58:37'),(3544,'Iringa',210,1,'2024-10-24 03:58:37','2024-10-24 03:58:37'),(3545,'Lindi',210,1,'2024-10-24 03:58:37','2024-10-24 03:58:37'),(3546,'Mtwara',210,1,'2024-10-24 03:58:37','2024-10-24 03:58:37'),(3547,'Kaskazini Unguja',210,1,'2024-10-24 03:58:37','2024-10-24 03:58:37'),(3548,'Kusini Pemba',210,1,'2024-10-24 03:58:37','2024-10-24 03:58:37'),(3549,'Kusini Unguja',210,1,'2024-10-24 03:58:37','2024-10-24 03:58:37'),(3550,'Mjini Magharibi',210,1,'2024-10-24 03:58:37','2024-10-24 03:58:37'),(3551,'Yasothon',211,1,'2024-10-24 03:58:37','2024-10-24 03:58:37'),(3552,'Surat Thani',211,1,'2024-10-24 03:58:37','2024-10-24 03:58:37'),(3553,'Phichit',211,1,'2024-10-24 03:58:37','2024-10-24 03:58:37'),(3554,'Phra Nakhon Si Ayutthaya',211,1,'2024-10-24 03:58:37','2024-10-24 03:58:37'),(3555,'Prachin Buri',211,1,'2024-10-24 03:58:37','2024-10-24 03:58:37'),(3556,'Ratchaburi',211,1,'2024-10-24 03:58:37','2024-10-24 03:58:37'),(3557,'Roi Et',211,1,'2024-10-24 03:58:37','2024-10-24 03:58:37'),(3558,'Samut Prakan',211,1,'2024-10-24 03:58:37','2024-10-24 03:58:37'),(3559,'Samut Songkhram',211,1,'2024-10-24 03:58:37','2024-10-24 03:58:37'),(3560,'Sing Buri',211,1,'2024-10-24 03:58:37','2024-10-24 03:58:37'),(3561,'Sukhothai',211,1,'2024-10-24 03:58:37','2024-10-24 03:58:37'),(3562,'Loei',211,1,'2024-10-24 03:58:37','2024-10-24 03:58:37'),(3563,'Maha Sarakham',211,1,'2024-10-24 03:58:37','2024-10-24 03:58:37'),(3564,'Nakhon Nayok',211,1,'2024-10-24 03:58:37','2024-10-24 03:58:37'),(3565,'Nakhon Ratchasima',211,1,'2024-10-24 03:58:37','2024-10-24 03:58:37'),(3566,'Nakhon Si Thammarat',211,1,'2024-10-24 03:58:37','2024-10-24 03:58:37'),(3567,'Nong Bua Lam Phu',211,1,'2024-10-24 03:58:37','2024-10-24 03:58:37'),(3568,'Nonthaburi',211,1,'2024-10-24 03:58:37','2024-10-24 03:58:37'),(3569,'Phangnga',211,1,'2024-10-24 03:58:37','2024-10-24 03:58:37'),(3570,'Phayao',211,1,'2024-10-24 03:58:37','2024-10-24 03:58:37'),(3571,'Si Sa Ket',211,1,'2024-10-24 03:58:37','2024-10-24 03:58:37'),(3572,'Songkhla',211,1,'2024-10-24 03:58:37','2024-10-24 03:58:37'),(3573,'Suphan Buri',211,1,'2024-10-24 03:58:37','2024-10-24 03:58:37'),(3574,'Surin',211,1,'2024-10-24 03:58:37','2024-10-24 03:58:37'),(3575,'Tak',211,1,'2024-10-24 03:58:37','2024-10-24 03:58:37'),(3576,'Trat',211,1,'2024-10-24 03:58:37','2024-10-24 03:58:37'),(3577,'Ubon Ratchathani',211,1,'2024-10-24 03:58:37','2024-10-24 03:58:37'),(3578,'Uthai Thani',211,1,'2024-10-24 03:58:37','2024-10-24 03:58:37'),(3579,'Yala',211,1,'2024-10-24 03:58:37','2024-10-24 03:58:37'),(3580,'Nong Khai',211,1,'2024-10-24 03:58:37','2024-10-24 03:58:37'),(3581,'Pathum Thani',211,1,'2024-10-24 03:58:37','2024-10-24 03:58:37'),(3582,'Pattani',211,1,'2024-10-24 03:58:37','2024-10-24 03:58:37'),(3583,'Phatthalung',211,1,'2024-10-24 03:58:37','2024-10-24 03:58:37'),(3584,'Phetchabun',211,1,'2024-10-24 03:58:37','2024-10-24 03:58:37'),(3585,'Phetchaburi',211,1,'2024-10-24 03:58:37','2024-10-24 03:58:37'),(3586,'Phitsanulok',211,1,'2024-10-24 03:58:37','2024-10-24 03:58:37'),(3587,'Phrae',211,1,'2024-10-24 03:58:37','2024-10-24 03:58:37'),(3588,'Phuket',211,1,'2024-10-24 03:58:37','2024-10-24 03:58:37'),(3589,'Chaiyaphum',211,1,'2024-10-24 03:58:37','2024-10-24 03:58:37'),(3590,'Chanthaburi',211,1,'2024-10-24 03:58:37','2024-10-24 03:58:37'),(3591,'Chiang Rai',211,1,'2024-10-24 03:58:37','2024-10-24 03:58:37'),(3592,'Chumphon',211,1,'2024-10-24 03:58:37','2024-10-24 03:58:37'),(3593,'Kamphaeng Phet',211,1,'2024-10-24 03:58:37','2024-10-24 03:58:37'),(3594,'Kanchanaburi',211,1,'2024-10-24 03:58:37','2024-10-24 03:58:37'),(3595,'Krabi',211,1,'2024-10-24 03:58:37','2024-10-24 03:58:37'),(3596,'Lampang',211,1,'2024-10-24 03:58:37','2024-10-24 03:58:37'),(3597,'Lamphun',211,1,'2024-10-24 03:58:37','2024-10-24 03:58:37'),(3598,'Amnat Charoen',211,1,'2024-10-24 03:58:37','2024-10-24 03:58:37'),(3599,'Ang Thong',211,1,'2024-10-24 03:58:37','2024-10-24 03:58:37'),(3600,'Chachoengsao',211,1,'2024-10-24 03:58:37','2024-10-24 03:58:37'),(3601,'Lop Buri',211,1,'2024-10-24 03:58:37','2024-10-24 03:58:37'),(3602,'Mae Hong Son',211,1,'2024-10-24 03:58:37','2024-10-24 03:58:37'),(3603,'Mukdahan',211,1,'2024-10-24 03:58:37','2024-10-24 03:58:37'),(3604,'Nakhon Pathom',211,1,'2024-10-24 03:58:37','2024-10-24 03:58:37'),(3605,'Nakhon Phanom',211,1,'2024-10-24 03:58:37','2024-10-24 03:58:37'),(3606,'Nakhon Sawan',211,1,'2024-10-24 03:58:37','2024-10-24 03:58:37'),(3607,'Nan',211,1,'2024-10-24 03:58:37','2024-10-24 03:58:37'),(3608,'Narathiwat',211,1,'2024-10-24 03:58:37','2024-10-24 03:58:37'),(3609,'Prachuap Khiri Khan',211,1,'2024-10-24 03:58:37','2024-10-24 03:58:37'),(3610,'Ranong',211,1,'2024-10-24 03:58:37','2024-10-24 03:58:37'),(3611,'Rayong',211,1,'2024-10-24 03:58:37','2024-10-24 03:58:37'),(3612,'Sa Kaeo',211,1,'2024-10-24 03:58:37','2024-10-24 03:58:37'),(3613,'Sakon Nakhon',211,1,'2024-10-24 03:58:37','2024-10-24 03:58:37'),(3614,'Samut Sakhon',211,1,'2024-10-24 03:58:37','2024-10-24 03:58:37'),(3615,'Saraburi',211,1,'2024-10-24 03:58:37','2024-10-24 03:58:37'),(3616,'Satun',211,1,'2024-10-24 03:58:37','2024-10-24 03:58:37'),(3617,'Buri Ram',211,1,'2024-10-24 03:58:37','2024-10-24 03:58:37'),(3618,'Chai Nat',211,1,'2024-10-24 03:58:37','2024-10-24 03:58:37'),(3619,'Chiang Mai',211,1,'2024-10-24 03:58:37','2024-10-24 03:58:37'),(3620,'Chon Buri',211,1,'2024-10-24 03:58:37','2024-10-24 03:58:37'),(3621,'Kalasin',211,1,'2024-10-24 03:58:37','2024-10-24 03:58:37'),(3622,'Khon Kaen',211,1,'2024-10-24 03:58:37','2024-10-24 03:58:37'),(3623,'Krung Thep Maha Nakhon [Bangkok]',211,1,'2024-10-24 03:58:37','2024-10-24 03:58:37'),(3624,'Trang',211,1,'2024-10-24 03:58:37','2024-10-24 03:58:37'),(3625,'Uttaradit',211,1,'2024-10-24 03:58:37','2024-10-24 03:58:37'),(3626,'Udon Thani',211,1,'2024-10-24 03:58:37','2024-10-24 03:58:37'),(3627,'Phatthaya',211,1,'2024-10-24 03:58:37','2024-10-24 03:58:37'),(3628,'Manufahi',212,1,'2024-10-24 03:58:37','2024-10-24 03:58:37'),(3629,'Ainaro',212,1,'2024-10-24 03:58:37','2024-10-24 03:58:37'),(3630,'Aileu',212,1,'2024-10-24 03:58:37','2024-10-24 03:58:37'),(3631,'Oecussi',212,1,'2024-10-24 03:58:37','2024-10-24 03:58:37'),(3632,'Bobonaro',212,1,'2024-10-24 03:58:37','2024-10-24 03:58:37'),(3633,'Cova Lima',212,1,'2024-10-24 03:58:37','2024-10-24 03:58:37'),(3634,'Ermera',212,1,'2024-10-24 03:58:37','2024-10-24 03:58:37'),(3635,'Liquia',212,1,'2024-10-24 03:58:37','2024-10-24 03:58:37'),(3636,'Manatuto',212,1,'2024-10-24 03:58:37','2024-10-24 03:58:37'),(3637,'Viqueque',212,1,'2024-10-24 03:58:37','2024-10-24 03:58:37'),(3638,'Baucau',212,1,'2024-10-24 03:58:37','2024-10-24 03:58:37'),(3639,'Lautem',212,1,'2024-10-24 03:58:37','2024-10-24 03:58:37'),(3640,'Dili',212,1,'2024-10-24 03:58:37','2024-10-24 03:58:37'),(3641,'Savannes',213,1,'2024-10-24 03:58:37','2024-10-24 03:58:37'),(3642,'Kara',213,1,'2024-10-24 03:58:37','2024-10-24 03:58:37'),(3643,'Centre',213,1,'2024-10-24 03:58:37','2024-10-24 03:58:37'),(3644,'Plateaux',213,1,'2024-10-24 03:58:37','2024-10-24 03:58:37'),(3645,'Maritime (Rgion)',213,1,'2024-10-24 03:58:37','2024-10-24 03:58:37'),(3646,'Vava u',215,1,'2024-10-24 03:58:37','2024-10-24 03:58:37'),(3647,'Ha apai',215,1,'2024-10-24 03:58:37','2024-10-24 03:58:37'),(3648,'Tongatapu',215,1,'2024-10-24 03:58:37','2024-10-24 03:58:37'),(3649,'Eua',215,1,'2024-10-24 03:58:37','2024-10-24 03:58:37'),(3650,'Niuas',215,1,'2024-10-24 03:58:37','2024-10-24 03:58:37'),(3651,'Princes Town',216,1,'2024-10-24 03:58:37','2024-10-24 03:58:37'),(3652,'Arima',216,1,'2024-10-24 03:58:37','2024-10-24 03:58:37'),(3653,'Couva-Tabaquite-Talparo',216,1,'2024-10-24 03:58:37','2024-10-24 03:58:37'),(3654,'Diego Martin',216,1,'2024-10-24 03:58:37','2024-10-24 03:58:37'),(3655,'Penal-Debe',216,1,'2024-10-24 03:58:37','2024-10-24 03:58:37'),(3656,'Port of Spain',216,1,'2024-10-24 03:58:37','2024-10-24 03:58:37'),(3657,'San Fernando',216,1,'2024-10-24 03:58:37','2024-10-24 03:58:37'),(3658,'San Juan-Laventille',216,1,'2024-10-24 03:58:37','2024-10-24 03:58:37'),(3659,'Siparia',216,1,'2024-10-24 03:58:37','2024-10-24 03:58:37'),(3660,'Tunapuna-Piarco',216,1,'2024-10-24 03:58:37','2024-10-24 03:58:37'),(3661,'Rio Claro-Mayaro',216,1,'2024-10-24 03:58:37','2024-10-24 03:58:37'),(3662,'Chaguanas',216,1,'2024-10-24 03:58:37','2024-10-24 03:58:37'),(3663,'Point Fortin',216,1,'2024-10-24 03:58:37','2024-10-24 03:58:37'),(3664,'Sangre Grande',216,1,'2024-10-24 03:58:37','2024-10-24 03:58:37'),(3665,'Eastern Tobago',216,1,'2024-10-24 03:58:37','2024-10-24 03:58:37'),(3666,'Western Tobago',216,1,'2024-10-24 03:58:37','2024-10-24 03:58:37'),(3667,'Zaghouan',217,1,'2024-10-24 03:58:37','2024-10-24 03:58:37'),(3668,'Tataouine',217,1,'2024-10-24 03:58:37','2024-10-24 03:58:37'),(3669,'Siliana',217,1,'2024-10-24 03:58:37','2024-10-24 03:58:37'),(3670,'Sfax',217,1,'2024-10-24 03:58:37','2024-10-24 03:58:37'),(3671,'L Ariana',217,1,'2024-10-24 03:58:37','2024-10-24 03:58:37'),(3672,'Ben Arous',217,1,'2024-10-24 03:58:37','2024-10-24 03:58:37'),(3673,'Jendouba',217,1,'2024-10-24 03:58:37','2024-10-24 03:58:37'),(3674,'Medenine',217,1,'2024-10-24 03:58:37','2024-10-24 03:58:37'),(3675,'La Manouba',217,1,'2024-10-24 03:58:37','2024-10-24 03:58:37'),(3676,'Nabeul',217,1,'2024-10-24 03:58:37','2024-10-24 03:58:37'),(3677,'Bja',217,1,'2024-10-24 03:58:37','2024-10-24 03:58:37'),(3678,'Bizerte',217,1,'2024-10-24 03:58:37','2024-10-24 03:58:37'),(3679,'Le Kef',217,1,'2024-10-24 03:58:37','2024-10-24 03:58:37'),(3680,'Mahdia',217,1,'2024-10-24 03:58:37','2024-10-24 03:58:37'),(3681,'Monastir',217,1,'2024-10-24 03:58:37','2024-10-24 03:58:37'),(3682,'Gabs',217,1,'2024-10-24 03:58:37','2024-10-24 03:58:37'),(3683,'Gafsa',217,1,'2024-10-24 03:58:37','2024-10-24 03:58:37'),(3684,'Kasserine',217,1,'2024-10-24 03:58:37','2024-10-24 03:58:37'),(3685,'Kairouan',217,1,'2024-10-24 03:58:37','2024-10-24 03:58:37'),(3686,'Kebili',217,1,'2024-10-24 03:58:37','2024-10-24 03:58:37'),(3687,'Sidi Bouzid',217,1,'2024-10-24 03:58:37','2024-10-24 03:58:37'),(3688,'Sousse',217,1,'2024-10-24 03:58:37','2024-10-24 03:58:37'),(3689,'Tozeur',217,1,'2024-10-24 03:58:37','2024-10-24 03:58:37'),(3690,'Tunis',217,1,'2024-10-24 03:58:37','2024-10-24 03:58:37'),(3691,'Zonguldak',218,1,'2024-10-24 03:58:37','2024-10-24 03:58:37'),(3692,'Osmaniye',218,1,'2024-10-24 03:58:37','2024-10-24 03:58:37'),(3693,'Mardin',218,1,'2024-10-24 03:58:37','2024-10-24 03:58:37'),(3694,'Kirklareli',218,1,'2024-10-24 03:58:37','2024-10-24 03:58:37'),(3695,'Siirt',218,1,'2024-10-24 03:58:37','2024-10-24 03:58:37'),(3696,'Sirnak',218,1,'2024-10-24 03:58:37','2024-10-24 03:58:37'),(3697,'Tekirdag',218,1,'2024-10-24 03:58:37','2024-10-24 03:58:37'),(3698,'Tokat',218,1,'2024-10-24 03:58:37','2024-10-24 03:58:37'),(3699,'Trabzon',218,1,'2024-10-24 03:58:37','2024-10-24 03:58:37'),(3700,'Usak',218,1,'2024-10-24 03:58:37','2024-10-24 03:58:37'),(3701,'Van',218,1,'2024-10-24 03:58:37','2024-10-24 03:58:37'),(3702,'Yozgat',218,1,'2024-10-24 03:58:37','2024-10-24 03:58:37'),(3703,'Diyarbakir',218,1,'2024-10-24 03:58:37','2024-10-24 03:58:37'),(3704,'Malatya',218,1,'2024-10-24 03:58:37','2024-10-24 03:58:37'),(3705,'Manisa',218,1,'2024-10-24 03:58:37','2024-10-24 03:58:37'),(3706,'Mugla',218,1,'2024-10-24 03:58:37','2024-10-24 03:58:37'),(3707,'Mus',218,1,'2024-10-24 03:58:37','2024-10-24 03:58:37'),(3708,'Nigde',218,1,'2024-10-24 03:58:37','2024-10-24 03:58:37'),(3709,'Ordu',218,1,'2024-10-24 03:58:37','2024-10-24 03:58:37'),(3710,'Rize',218,1,'2024-10-24 03:58:37','2024-10-24 03:58:37'),(3711,'Sakarya',218,1,'2024-10-24 03:58:37','2024-10-24 03:58:37'),(3712,'Sanliurfa',218,1,'2024-10-24 03:58:37','2024-10-24 03:58:37'),(3713,'Erzincan',218,1,'2024-10-24 03:58:37','2024-10-24 03:58:37'),(3714,'Erzurum',218,1,'2024-10-24 03:58:37','2024-10-24 03:58:37'),(3715,'Gaziantep',218,1,'2024-10-24 03:58:37','2024-10-24 03:58:37'),(3716,'Gmshane',218,1,'2024-10-24 03:58:37','2024-10-24 03:58:37'),(3717,'Hakkri',218,1,'2024-10-24 03:58:37','2024-10-24 03:58:37'),(3718,'Hatay',218,1,'2024-10-24 03:58:37','2024-10-24 03:58:37'),(3719,'Igdir',218,1,'2024-10-24 03:58:37','2024-10-24 03:58:37'),(3720,'Istanbul',218,1,'2024-10-24 03:58:37','2024-10-24 03:58:37'),(3721,'Izmir',218,1,'2024-10-24 03:58:37','2024-10-24 03:58:37'),(3722,'Aksaray',218,1,'2024-10-24 03:58:37','2024-10-24 03:58:37'),(3723,'Amasya',218,1,'2024-10-24 03:58:37','2024-10-24 03:58:37'),(3724,'Antalya',218,1,'2024-10-24 03:58:37','2024-10-24 03:58:37'),(3725,'Ardahan',218,1,'2024-10-24 03:58:37','2024-10-24 03:58:37'),(3726,'Aydin',218,1,'2024-10-24 03:58:37','2024-10-24 03:58:37'),(3727,'Balikesir',218,1,'2024-10-24 03:58:37','2024-10-24 03:58:37'),(3728,'Batman',218,1,'2024-10-24 03:58:37','2024-10-24 03:58:37'),(3729,'Bayburt',218,1,'2024-10-24 03:58:37','2024-10-24 03:58:37'),(3730,'Bingl',218,1,'2024-10-24 03:58:37','2024-10-24 03:58:37'),(3731,'Adiyaman',218,1,'2024-10-24 03:58:37','2024-10-24 03:58:37'),(3732,'Afyon',218,1,'2024-10-24 03:58:37','2024-10-24 03:58:37'),(3733,'Bitlis',218,1,'2024-10-24 03:58:37','2024-10-24 03:58:37'),(3734,'Bolu',218,1,'2024-10-24 03:58:37','2024-10-24 03:58:37'),(3735,'Bursa',218,1,'2024-10-24 03:58:37','2024-10-24 03:58:37'),(3736,'ankiri',218,1,'2024-10-24 03:58:37','2024-10-24 03:58:37'),(3737,'orum',218,1,'2024-10-24 03:58:37','2024-10-24 03:58:37'),(3738,'Denizli',218,1,'2024-10-24 03:58:37','2024-10-24 03:58:37'),(3739,'Dzce',218,1,'2024-10-24 03:58:37','2024-10-24 03:58:37'),(3740,'Edirne',218,1,'2024-10-24 03:58:37','2024-10-24 03:58:37'),(3741,'Karabk',218,1,'2024-10-24 03:58:37','2024-10-24 03:58:37'),(3742,'Karaman',218,1,'2024-10-24 03:58:37','2024-10-24 03:58:37'),(3743,'Kastamonu',218,1,'2024-10-24 03:58:37','2024-10-24 03:58:37'),(3744,'Kayseri',218,1,'2024-10-24 03:58:37','2024-10-24 03:58:37'),(3745,'Kirikkale',218,1,'2024-10-24 03:58:37','2024-10-24 03:58:37'),(3746,'Kirsehir',218,1,'2024-10-24 03:58:37','2024-10-24 03:58:37'),(3747,'Kocaeli',218,1,'2024-10-24 03:58:37','2024-10-24 03:58:37'),(3748,'Konya',218,1,'2024-10-24 03:58:37','2024-10-24 03:58:37'),(3749,'Elazig',218,1,'2024-10-24 03:58:37','2024-10-24 03:58:37'),(3750,'Eskisehir',218,1,'2024-10-24 03:58:37','2024-10-24 03:58:37'),(3751,'Giresun',218,1,'2024-10-24 03:58:37','2024-10-24 03:58:37'),(3752,'Iel',218,1,'2024-10-24 03:58:37','2024-10-24 03:58:37'),(3753,'Isparta',218,1,'2024-10-24 03:58:37','2024-10-24 03:58:37'),(3754,'Kahramanmaras',218,1,'2024-10-24 03:58:37','2024-10-24 03:58:37'),(3755,'Kars',218,1,'2024-10-24 03:58:37','2024-10-24 03:58:37'),(3756,'Kilis',218,1,'2024-10-24 03:58:37','2024-10-24 03:58:37'),(3757,'Adana',218,1,'2024-10-24 03:58:37','2024-10-24 03:58:37'),(3758,'Agri',218,1,'2024-10-24 03:58:37','2024-10-24 03:58:37'),(3759,'Ankara',218,1,'2024-10-24 03:58:37','2024-10-24 03:58:37'),(3760,'Artvin',218,1,'2024-10-24 03:58:37','2024-10-24 03:58:37'),(3761,'Bartin',218,1,'2024-10-24 03:58:37','2024-10-24 03:58:37'),(3762,'Bilecik',218,1,'2024-10-24 03:58:37','2024-10-24 03:58:37'),(3763,'Burdur',218,1,'2024-10-24 03:58:37','2024-10-24 03:58:37'),(3764,'anakkale',218,1,'2024-10-24 03:58:37','2024-10-24 03:58:37'),(3765,'Ktahya',218,1,'2024-10-24 03:58:37','2024-10-24 03:58:37'),(3766,'Nevsehir',218,1,'2024-10-24 03:58:37','2024-10-24 03:58:37'),(3767,'Samsun',218,1,'2024-10-24 03:58:37','2024-10-24 03:58:37'),(3768,'Tunceli',218,1,'2024-10-24 03:58:37','2024-10-24 03:58:37'),(3769,'Sivas',218,1,'2024-10-24 03:58:37','2024-10-24 03:58:37'),(3770,'Sinop',218,1,'2024-10-24 03:58:37','2024-10-24 03:58:37'),(3771,'Yalova',218,1,'2024-10-24 03:58:37','2024-10-24 03:58:37'),(3772,'Mary',219,1,'2024-10-24 03:58:37','2024-10-24 03:58:37'),(3773,'',219,1,'2024-10-24 03:58:37','2024-10-24 03:58:37'),(3774,'Balkan',219,1,'2024-10-24 03:58:37','2024-10-24 03:58:37'),(3775,'Ahal',219,1,'2024-10-24 03:58:37','2024-10-24 03:58:37'),(3776,'Dasoguz',219,1,'2024-10-24 03:58:37','2024-10-24 03:58:37'),(3777,'Lebap',219,1,'2024-10-24 03:58:37','2024-10-24 03:58:37'),(3778,'Nukufetau',221,1,'2024-10-24 03:58:37','2024-10-24 03:58:37'),(3779,'Nanumanga',221,1,'2024-10-24 03:58:37','2024-10-24 03:58:37'),(3780,'Nanumea',221,1,'2024-10-24 03:58:37','2024-10-24 03:58:37'),(3781,'Niutao',221,1,'2024-10-24 03:58:37','2024-10-24 03:58:37'),(3782,'Nui',221,1,'2024-10-24 03:58:37','2024-10-24 03:58:37'),(3783,'Nukulaelae',221,1,'2024-10-24 03:58:37','2024-10-24 03:58:37'),(3784,'Vaitupu',221,1,'2024-10-24 03:58:37','2024-10-24 03:58:37'),(3785,'Funafuti',221,1,'2024-10-24 03:58:37','2024-10-24 03:58:37'),(3786,'Kalangala',222,1,'2024-10-24 03:58:37','2024-10-24 03:58:37'),(3787,'Kampala',222,1,'2024-10-24 03:58:37','2024-10-24 03:58:37'),(3788,'Kiboga',222,1,'2024-10-24 03:58:37','2024-10-24 03:58:37'),(3789,'Luwero',222,1,'2024-10-24 03:58:37','2024-10-24 03:58:37'),(3790,'Masaka',222,1,'2024-10-24 03:58:37','2024-10-24 03:58:37'),(3791,'Mpigi',222,1,'2024-10-24 03:58:37','2024-10-24 03:58:37'),(3792,'Mubende',222,1,'2024-10-24 03:58:37','2024-10-24 03:58:37'),(3793,'Mukono',222,1,'2024-10-24 03:58:37','2024-10-24 03:58:37'),(3794,'Nakasongola',222,1,'2024-10-24 03:58:37','2024-10-24 03:58:37'),(3795,'Rakai',222,1,'2024-10-24 03:58:37','2024-10-24 03:58:37'),(3796,'Sembabule',222,1,'2024-10-24 03:58:37','2024-10-24 03:58:37'),(3797,'Kayunga',222,1,'2024-10-24 03:58:37','2024-10-24 03:58:37'),(3798,'Wakiso',222,1,'2024-10-24 03:58:37','2024-10-24 03:58:37'),(3799,'Bugiri',222,1,'2024-10-24 03:58:37','2024-10-24 03:58:37'),(3800,'Busia',222,1,'2024-10-24 03:58:37','2024-10-24 03:58:37'),(3801,'Iganga',222,1,'2024-10-24 03:58:37','2024-10-24 03:58:37'),(3802,'Jinja',222,1,'2024-10-24 03:58:37','2024-10-24 03:58:37'),(3803,'Kamuli',222,1,'2024-10-24 03:58:37','2024-10-24 03:58:37'),(3804,'Kapchorwa',222,1,'2024-10-24 03:58:37','2024-10-24 03:58:37'),(3805,'Katakwi',222,1,'2024-10-24 03:58:37','2024-10-24 03:58:37'),(3806,'Kumi',222,1,'2024-10-24 03:58:37','2024-10-24 03:58:37'),(3807,'Mbale',222,1,'2024-10-24 03:58:37','2024-10-24 03:58:37'),(3808,'Pallisa',222,1,'2024-10-24 03:58:37','2024-10-24 03:58:37'),(3809,'Soroti',222,1,'2024-10-24 03:58:37','2024-10-24 03:58:37'),(3810,'Tororo',222,1,'2024-10-24 03:58:37','2024-10-24 03:58:37'),(3811,'Kaberamaido',222,1,'2024-10-24 03:58:37','2024-10-24 03:58:37'),(3812,'Mayuge',222,1,'2024-10-24 03:58:37','2024-10-24 03:58:37'),(3813,'Sironko',222,1,'2024-10-24 03:58:37','2024-10-24 03:58:37'),(3814,'Adjumani',222,1,'2024-10-24 03:58:37','2024-10-24 03:58:37'),(3815,'Apac',222,1,'2024-10-24 03:58:37','2024-10-24 03:58:37'),(3816,'Arua',222,1,'2024-10-24 03:58:37','2024-10-24 03:58:37'),(3817,'Gulu',222,1,'2024-10-24 03:58:37','2024-10-24 03:58:37'),(3818,'Kitgum',222,1,'2024-10-24 03:58:37','2024-10-24 03:58:37'),(3819,'Kotido',222,1,'2024-10-24 03:58:37','2024-10-24 03:58:37'),(3820,'Lira',222,1,'2024-10-24 03:58:37','2024-10-24 03:58:37'),(3821,'Moroto',222,1,'2024-10-24 03:58:37','2024-10-24 03:58:37'),(3822,'Moyo',222,1,'2024-10-24 03:58:37','2024-10-24 03:58:37'),(3823,'Nebbi',222,1,'2024-10-24 03:58:37','2024-10-24 03:58:37'),(3824,'Nakapiripirit',222,1,'2024-10-24 03:58:37','2024-10-24 03:58:37'),(3825,'Pader',222,1,'2024-10-24 03:58:37','2024-10-24 03:58:37'),(3826,'Yumbe',222,1,'2024-10-24 03:58:37','2024-10-24 03:58:37'),(3827,'Bundibugyo',222,1,'2024-10-24 03:58:37','2024-10-24 03:58:37'),(3828,'Bushenyi',222,1,'2024-10-24 03:58:37','2024-10-24 03:58:37'),(3829,'Hoima',222,1,'2024-10-24 03:58:37','2024-10-24 03:58:37'),(3830,'Kabale',222,1,'2024-10-24 03:58:37','2024-10-24 03:58:37'),(3831,'Kabarole',222,1,'2024-10-24 03:58:37','2024-10-24 03:58:37'),(3832,'Kasese',222,1,'2024-10-24 03:58:37','2024-10-24 03:58:37'),(3833,'Kibaale',222,1,'2024-10-24 03:58:37','2024-10-24 03:58:37'),(3834,'Kisoro',222,1,'2024-10-24 03:58:37','2024-10-24 03:58:37'),(3835,'Masindi',222,1,'2024-10-24 03:58:37','2024-10-24 03:58:37'),(3836,'Mbarara',222,1,'2024-10-24 03:58:37','2024-10-24 03:58:37'),(3837,'Ntungamo',222,1,'2024-10-24 03:58:37','2024-10-24 03:58:37'),(3838,'Rukungiri',222,1,'2024-10-24 03:58:37','2024-10-24 03:58:37'),(3839,'Kamwenge',222,1,'2024-10-24 03:58:37','2024-10-24 03:58:37'),(3840,'Kanungu',222,1,'2024-10-24 03:58:37','2024-10-24 03:58:37'),(3841,'Kyenjojo',222,1,'2024-10-24 03:58:37','2024-10-24 03:58:37'),(3842,'Abim',222,1,'2024-10-24 03:58:37','2024-10-24 03:58:37'),(3843,'Amolatar',222,1,'2024-10-24 03:58:37','2024-10-24 03:58:37'),(3844,'Amuria',222,1,'2024-10-24 03:58:37','2024-10-24 03:58:37'),(3845,'Amuru',222,1,'2024-10-24 03:58:37','2024-10-24 03:58:37'),(3846,'Budaka',222,1,'2024-10-24 03:58:37','2024-10-24 03:58:37'),(3847,'Bukwa',222,1,'2024-10-24 03:58:37','2024-10-24 03:58:37'),(3848,'Butaleja',222,1,'2024-10-24 03:58:37','2024-10-24 03:58:37'),(3849,'Dokolo',222,1,'2024-10-24 03:58:37','2024-10-24 03:58:37'),(3850,'Ibanda',222,1,'2024-10-24 03:58:37','2024-10-24 03:58:37'),(3851,'Isingiro',222,1,'2024-10-24 03:58:37','2024-10-24 03:58:37'),(3852,'Kaabong',222,1,'2024-10-24 03:58:37','2024-10-24 03:58:37'),(3853,'Kaliro',222,1,'2024-10-24 03:58:37','2024-10-24 03:58:37'),(3854,'Kiruhura',222,1,'2024-10-24 03:58:37','2024-10-24 03:58:37'),(3855,'Koboko',222,1,'2024-10-24 03:58:37','2024-10-24 03:58:37'),(3856,'Manafwa',222,1,'2024-10-24 03:58:37','2024-10-24 03:58:37'),(3857,'Maracha',222,1,'2024-10-24 03:58:37','2024-10-24 03:58:37'),(3858,'Nakaseke',222,1,'2024-10-24 03:58:37','2024-10-24 03:58:37'),(3859,'Namutumba',222,1,'2024-10-24 03:58:37','2024-10-24 03:58:37'),(3860,'Bukedea',222,1,'2024-10-24 03:58:37','2024-10-24 03:58:37'),(3861,'Bududa',222,1,'2024-10-24 03:58:37','2024-10-24 03:58:37'),(3862,'Lyantonde',222,1,'2024-10-24 03:58:37','2024-10-24 03:58:37'),(3863,'Buliisa',222,1,'2024-10-24 03:58:37','2024-10-24 03:58:37'),(3864,'Mityana',222,1,'2024-10-24 03:58:37','2024-10-24 03:58:37'),(3865,'Oyam',222,1,'2024-10-24 03:58:37','2024-10-24 03:58:37'),(3866,'Zhytomyrs ka Oblast',223,1,'2024-10-24 03:58:37','2024-10-24 03:58:37'),(3867,'Vinnyts ka Oblast',223,1,'2024-10-24 03:58:37','2024-10-24 03:58:37'),(3868,'Cherkas ka Oblast',223,1,'2024-10-24 03:58:37','2024-10-24 03:58:37'),(3869,'Chernihivs ka Oblast',223,1,'2024-10-24 03:58:37','2024-10-24 03:58:37'),(3870,'Chernivets ka Oblas',223,1,'2024-10-24 03:58:37','2024-10-24 03:58:37'),(3871,'Donets ka Oblast',223,1,'2024-10-24 03:58:37','2024-10-24 03:58:37'),(3872,'Ivano-Frankivs ka Oblast',223,1,'2024-10-24 03:58:37','2024-10-24 03:58:37'),(3873,'Kharkivs ka Oblast',223,1,'2024-10-24 03:58:37','2024-10-24 03:58:37'),(3874,'Khersons ka Oblast',223,1,'2024-10-24 03:58:37','2024-10-24 03:58:37'),(3875,'Kirovohrads ka Oblast',223,1,'2024-10-24 03:58:37','2024-10-24 03:58:37'),(3876,'Respublika Krym',223,1,'2024-10-24 03:58:37','2024-10-24 03:58:37'),(3877,'Dnipropetrovs ka Oblast',223,1,'2024-10-24 03:58:37','2024-10-24 03:58:37'),(3878,'Khmel nyts',223,1,'2024-10-24 03:58:37','2024-10-24 03:58:37'),(3879,'Luhans ka Oblast',223,1,'2024-10-24 03:58:37','2024-10-24 03:58:37'),(3880,'Odes ka Oblast',223,1,'2024-10-24 03:58:37','2024-10-24 03:58:37'),(3881,'Kyv',223,1,'2024-10-24 03:58:37','2024-10-24 03:58:37'),(3882,'Kyvs ka Oblast',223,1,'2024-10-24 03:58:37','2024-10-24 03:58:37'),(3883,'L vivs',223,1,'2024-10-24 03:58:37','2024-10-24 03:58:37'),(3884,'Mykolavs ka Oblast',223,1,'2024-10-24 03:58:37','2024-10-24 03:58:37'),(3885,'Poltavs ka Oblast',223,1,'2024-10-24 03:58:37','2024-10-24 03:58:37'),(3886,'Rivnens ka Oblast',223,1,'2024-10-24 03:58:37','2024-10-24 03:58:37'),(3887,'Sevastopol',223,1,'2024-10-24 03:58:37','2024-10-24 03:58:37'),(3888,'Sums ka Oblast',223,1,'2024-10-24 03:58:37','2024-10-24 03:58:37'),(3889,'Ternopil s ka Oblast',223,1,'2024-10-24 03:58:37','2024-10-24 03:58:37'),(3890,'Zaporiz ka Oblast',223,1,'2024-10-24 03:58:37','2024-10-24 03:58:37'),(3891,'Volyns ka Oblast',223,1,'2024-10-24 03:58:37','2024-10-24 03:58:37'),(3892,'Zakarpats ka Oblast',223,1,'2024-10-24 03:58:37','2024-10-24 03:58:37'),(3893,'Ras al Khaymah',224,1,'2024-10-24 03:58:37','2024-10-24 03:58:37'),(3894,'Abu Zaby [Abu Dhabi]',224,1,'2024-10-24 03:58:37','2024-10-24 03:58:37'),(3895,'Ajman',224,1,'2024-10-24 03:58:37','2024-10-24 03:58:37'),(3896,'Dubayy [Dubai]',224,1,'2024-10-24 03:58:37','2024-10-24 03:58:37'),(3897,'Al Fujayrah',224,1,'2024-10-24 03:58:37','2024-10-24 03:58:37'),(3898,'Ash Shariqah [Sharjah]',224,1,'2024-10-24 03:58:37','2024-10-24 03:58:37'),(3899,'Umm al Qaywayn',224,1,'2024-10-24 03:58:37','2024-10-24 03:58:37'),(3900,'Barking and Dagenham',225,1,'2024-10-24 03:58:37','2024-10-24 03:58:37'),(3901,'Barnet',225,1,'2024-10-24 03:58:37','2024-10-24 03:58:37'),(3902,'Barnsley',225,1,'2024-10-24 03:58:37','2024-10-24 03:58:37'),(3903,'Bexley',225,1,'2024-10-24 03:58:37','2024-10-24 03:58:37'),(3904,'Birmingham',225,1,'2024-10-24 03:58:37','2024-10-24 03:58:37'),(3905,'Bolton',225,1,'2024-10-24 03:58:37','2024-10-24 03:58:37'),(3906,'Bradford',225,1,'2024-10-24 03:58:37','2024-10-24 03:58:37'),(3907,'Brent',225,1,'2024-10-24 03:58:37','2024-10-24 03:58:37'),(3908,'Bromley',225,1,'2024-10-24 03:58:37','2024-10-24 03:58:37'),(3909,'Bury',225,1,'2024-10-24 03:58:37','2024-10-24 03:58:37'),(3910,'Calderdale',225,1,'2024-10-24 03:58:37','2024-10-24 03:58:37'),(3911,'Camden',225,1,'2024-10-24 03:58:37','2024-10-24 03:58:37'),(3912,'Coventry',225,1,'2024-10-24 03:58:37','2024-10-24 03:58:37'),(3913,'Croydon',225,1,'2024-10-24 03:58:37','2024-10-24 03:58:37'),(3914,'Doncaster',225,1,'2024-10-24 03:58:37','2024-10-24 03:58:37'),(3915,'Dudley',225,1,'2024-10-24 03:58:37','2024-10-24 03:58:37'),(3916,'Ealing',225,1,'2024-10-24 03:58:37','2024-10-24 03:58:37'),(3917,'Enfield',225,1,'2024-10-24 03:58:37','2024-10-24 03:58:37'),(3918,'Gateshead',225,1,'2024-10-24 03:58:37','2024-10-24 03:58:37'),(3919,'Greenwich',225,1,'2024-10-24 03:58:37','2024-10-24 03:58:37'),(3920,'Hackney',225,1,'2024-10-24 03:58:37','2024-10-24 03:58:37'),(3921,'Hammersmith and Fulham',225,1,'2024-10-24 03:58:37','2024-10-24 03:58:37'),(3922,'Haringey',225,1,'2024-10-24 03:58:37','2024-10-24 03:58:37'),(3923,'Harrow',225,1,'2024-10-24 03:58:37','2024-10-24 03:58:37'),(3924,'Havering',225,1,'2024-10-24 03:58:37','2024-10-24 03:58:37'),(3925,'Hillingdon',225,1,'2024-10-24 03:58:37','2024-10-24 03:58:37'),(3926,'Hounslow',225,1,'2024-10-24 03:58:37','2024-10-24 03:58:37'),(3927,'Isles of Scilly',225,1,'2024-10-24 03:58:37','2024-10-24 03:58:37'),(3928,'Islington',225,1,'2024-10-24 03:58:37','2024-10-24 03:58:37'),(3929,'Kensington and Chelsea',225,1,'2024-10-24 03:58:37','2024-10-24 03:58:37'),(3930,'Kingston upon Thames',225,1,'2024-10-24 03:58:37','2024-10-24 03:58:37'),(3931,'Kirklees',225,1,'2024-10-24 03:58:37','2024-10-24 03:58:37'),(3932,'Knowsley',225,1,'2024-10-24 03:58:37','2024-10-24 03:58:37'),(3933,'Lambeth',225,1,'2024-10-24 03:58:37','2024-10-24 03:58:37'),(3934,'Leeds',225,1,'2024-10-24 03:58:37','2024-10-24 03:58:37'),(3935,'Lewisham',225,1,'2024-10-24 03:58:37','2024-10-24 03:58:37'),(3936,'Liverpool',225,1,'2024-10-24 03:58:37','2024-10-24 03:58:37'),(3937,'Merton',225,1,'2024-10-24 03:58:37','2024-10-24 03:58:37'),(3938,'Newcastle upon Tyne',225,1,'2024-10-24 03:58:37','2024-10-24 03:58:37'),(3939,'Newham',225,1,'2024-10-24 03:58:37','2024-10-24 03:58:37'),(3940,'North Tyneside',225,1,'2024-10-24 03:58:37','2024-10-24 03:58:37'),(3941,'Oldham',225,1,'2024-10-24 03:58:37','2024-10-24 03:58:37'),(3942,'Redbridge',225,1,'2024-10-24 03:58:37','2024-10-24 03:58:37'),(3943,'Richmond upon Thames',225,1,'2024-10-24 03:58:37','2024-10-24 03:58:37'),(3944,'Rochdale',225,1,'2024-10-24 03:58:37','2024-10-24 03:58:37'),(3945,'Rotherham',225,1,'2024-10-24 03:58:37','2024-10-24 03:58:37'),(3946,'Salford',225,1,'2024-10-24 03:58:37','2024-10-24 03:58:37'),(3947,'Sandwell',225,1,'2024-10-24 03:58:37','2024-10-24 03:58:37'),(3948,'Sefton',225,1,'2024-10-24 03:58:37','2024-10-24 03:58:37'),(3949,'Sheffield',225,1,'2024-10-24 03:58:37','2024-10-24 03:58:37'),(3950,'Solihull',225,1,'2024-10-24 03:58:37','2024-10-24 03:58:37'),(3951,'South Tyneside',225,1,'2024-10-24 03:58:37','2024-10-24 03:58:37'),(3952,'Southwark',225,1,'2024-10-24 03:58:37','2024-10-24 03:58:37'),(3953,'St. Helens',225,1,'2024-10-24 03:58:37','2024-10-24 03:58:37'),(3954,'Stockport',225,1,'2024-10-24 03:58:37','2024-10-24 03:58:37'),(3955,'Sunderland',225,1,'2024-10-24 03:58:37','2024-10-24 03:58:37'),(3956,'Sutton',225,1,'2024-10-24 03:58:37','2024-10-24 03:58:37'),(3957,'Tameside',225,1,'2024-10-24 03:58:37','2024-10-24 03:58:37'),(3958,'Tower Hamlets',225,1,'2024-10-24 03:58:37','2024-10-24 03:58:37'),(3959,'Trafford',225,1,'2024-10-24 03:58:37','2024-10-24 03:58:37'),(3960,'Wakefield',225,1,'2024-10-24 03:58:37','2024-10-24 03:58:37'),(3961,'Walsall',225,1,'2024-10-24 03:58:37','2024-10-24 03:58:37'),(3962,'Waltham Forest',225,1,'2024-10-24 03:58:37','2024-10-24 03:58:37'),(3963,'Wandsworth',225,1,'2024-10-24 03:58:37','2024-10-24 03:58:37'),(3964,'Westminster',225,1,'2024-10-24 03:58:37','2024-10-24 03:58:37'),(3965,'Wigan',225,1,'2024-10-24 03:58:37','2024-10-24 03:58:37'),(3966,'Wirral',225,1,'2024-10-24 03:58:37','2024-10-24 03:58:37'),(3967,'Wolverhampton',225,1,'2024-10-24 03:58:37','2024-10-24 03:58:37'),(3968,'Kingston upon Hull, City of',225,1,'2024-10-24 03:58:37','2024-10-24 03:58:37'),(3969,'Kent',225,1,'2024-10-24 03:58:37','2024-10-24 03:58:37'),(3970,'Isle of Wight',225,1,'2024-10-24 03:58:37','2024-10-24 03:58:37'),(3971,'Hertfordshire',225,1,'2024-10-24 03:58:37','2024-10-24 03:58:37'),(3972,'Herefordshire, County of',225,1,'2024-10-24 03:58:37','2024-10-24 03:58:37'),(3973,'Hartlepool',225,1,'2024-10-24 03:58:37','2024-10-24 03:58:37'),(3974,'Hampshire',225,1,'2024-10-24 03:58:37','2024-10-24 03:58:37'),(3975,'Halton',225,1,'2024-10-24 03:58:37','2024-10-24 03:58:37'),(3976,'London, City of',225,1,'2024-10-24 03:58:37','2024-10-24 03:58:37'),(3977,'Gloucestershire',225,1,'2024-10-24 03:58:37','2024-10-24 03:58:37'),(3978,'Essex',225,1,'2024-10-24 03:58:37','2024-10-24 03:58:37'),(3979,'East Sussex',225,1,'2024-10-24 03:58:37','2024-10-24 03:58:37'),(3980,'East Riding of Yorkshire',225,1,'2024-10-24 03:58:37','2024-10-24 03:58:37'),(3981,'Durham',225,1,'2024-10-24 03:58:37','2024-10-24 03:58:37'),(3982,'Dorset',225,1,'2024-10-24 03:58:37','2024-10-24 03:58:37'),(3983,'Devon',225,1,'2024-10-24 03:58:37','2024-10-24 03:58:37'),(3984,'Derbyshire',225,1,'2024-10-24 03:58:37','2024-10-24 03:58:37'),(3985,'Derby',225,1,'2024-10-24 03:58:37','2024-10-24 03:58:37'),(3986,'Darlington',225,1,'2024-10-24 03:58:37','2024-10-24 03:58:37'),(3987,'Cumbria',225,1,'2024-10-24 03:58:37','2024-10-24 03:58:37'),(3988,'Cornwall',225,1,'2024-10-24 03:58:37','2024-10-24 03:58:37'),(3989,'Cheshire',225,1,'2024-10-24 03:58:37','2024-10-24 03:58:37'),(3990,'Cambridgeshire',225,1,'2024-10-24 03:58:37','2024-10-24 03:58:37'),(3991,'Buckinghamshire',225,1,'2024-10-24 03:58:37','2024-10-24 03:58:37'),(3992,'Bristol, City of',225,1,'2024-10-24 03:58:37','2024-10-24 03:58:37'),(3993,'Brighton and Hove',225,1,'2024-10-24 03:58:37','2024-10-24 03:58:37'),(3994,'Bracknell Forest',225,1,'2024-10-24 03:58:37','2024-10-24 03:58:37'),(3995,'Bournemouth',225,1,'2024-10-24 03:58:37','2024-10-24 03:58:37'),(3996,'Blackpool',225,1,'2024-10-24 03:58:37','2024-10-24 03:58:37'),(3997,'Blackburn with Darwen',225,1,'2024-10-24 03:58:37','2024-10-24 03:58:37'),(3998,'Bedfordshire',225,1,'2024-10-24 03:58:37','2024-10-24 03:58:37'),(3999,'Bath and North East Somerset',225,1,'2024-10-24 03:58:37','2024-10-24 03:58:37'),(4000,'Wrexham [Wrecsam GB-WRC]',225,1,'2024-10-24 03:58:37','2024-10-24 03:58:37'),(4001,'Vale of Glamorgan, The [Bro Morgannwg GB-BMG]',225,1,'2024-10-24 03:58:37','2024-10-24 03:58:37'),(4002,'Torfaen [Tor-faen]',225,1,'2024-10-24 03:58:37','2024-10-24 03:58:37'),(4003,'Swansea [Abertawe GB-ATA]',225,1,'2024-10-24 03:58:37','2024-10-24 03:58:37'),(4004,'Rhondda, Cynon, Taff [Rhondda, Cynon,Taf]',225,1,'2024-10-24 03:58:37','2024-10-24 03:58:37'),(4005,'Powys',225,1,'2024-10-24 03:58:37','2024-10-24 03:58:37'),(4006,'Pembrokeshire [Sir Benfro GB-BNF]',225,1,'2024-10-24 03:58:37','2024-10-24 03:58:37'),(4007,'Newport [Casnewydd GB-CNW]',225,1,'2024-10-24 03:58:37','2024-10-24 03:58:37'),(4008,'Neath Port Talbot [Castell-nedd Port Talbot GB-CTL]',225,1,'2024-10-24 03:58:37','2024-10-24 03:58:37'),(4009,'Monmouthshire [Sir Fynwy GB-FYN]',225,1,'2024-10-24 03:58:37','2024-10-24 03:58:37'),(4010,'Merthyr Tydfil [Merthyr Tudful GB-MTU]',225,1,'2024-10-24 03:58:37','2024-10-24 03:58:37'),(4011,'Gwynedd',225,1,'2024-10-24 03:58:37','2024-10-24 03:58:37'),(4012,'Flintshire [Sir y Fflint GB-FFL]',225,1,'2024-10-24 03:58:37','2024-10-24 03:58:37'),(4013,'Denbighshire [Sir Ddinbych GB-DDB]',225,1,'2024-10-24 03:58:37','2024-10-24 03:58:37'),(4014,'Conwy',225,1,'2024-10-24 03:58:37','2024-10-24 03:58:37'),(4015,'Ceredigion [Sir Ceredigion]',225,1,'2024-10-24 03:58:37','2024-10-24 03:58:37'),(4016,'Carmarthenshire [Sir Gaerfyrddin GB-GFY]',225,1,'2024-10-24 03:58:37','2024-10-24 03:58:37'),(4017,'Cardiff [Caerdydd GB-CRD]',225,1,'2024-10-24 03:58:37','2024-10-24 03:58:37'),(4018,'Caerphilly [Caerffili GB-CAF]',225,1,'2024-10-24 03:58:37','2024-10-24 03:58:37'),(4019,'Bridgend [Pen-y-bont ar Ogwr GB-POG]',225,1,'2024-10-24 03:58:37','2024-10-24 03:58:37'),(4020,'Blaenau Gwent',225,1,'2024-10-24 03:58:37','2024-10-24 03:58:37'),(4021,'Isle of Anglesey [Sir Ynys Mn GB-YNM]',225,1,'2024-10-24 03:58:37','2024-10-24 03:58:37'),(4022,'West Lothian',225,1,'2024-10-24 03:58:37','2024-10-24 03:58:37'),(4023,'West Dunbartonshire',225,1,'2024-10-24 03:58:37','2024-10-24 03:58:37'),(4024,'Stirling',225,1,'2024-10-24 03:58:37','2024-10-24 03:58:37'),(4025,'South Lanarkshire',225,1,'2024-10-24 03:58:37','2024-10-24 03:58:37'),(4026,'South Ayrshire',225,1,'2024-10-24 03:58:37','2024-10-24 03:58:37'),(4027,'Shetland Islands',225,1,'2024-10-24 03:58:37','2024-10-24 03:58:37'),(4028,'Scottish Borders, The',225,1,'2024-10-24 03:58:37','2024-10-24 03:58:37'),(4029,'Renfrewshire',225,1,'2024-10-24 03:58:37','2024-10-24 03:58:37'),(4030,'Perth and Kinross',225,1,'2024-10-24 03:58:37','2024-10-24 03:58:37'),(4031,'Orkney Islands',225,1,'2024-10-24 03:58:37','2024-10-24 03:58:37'),(4032,'North Lanarkshire',225,1,'2024-10-24 03:58:37','2024-10-24 03:58:37'),(4033,'North Ayrshire',225,1,'2024-10-24 03:58:37','2024-10-24 03:58:37'),(4034,'Moray',225,1,'2024-10-24 03:58:37','2024-10-24 03:58:37'),(4035,'Midlothian',225,1,'2024-10-24 03:58:37','2024-10-24 03:58:37'),(4036,'Inverclyde',225,1,'2024-10-24 03:58:37','2024-10-24 03:58:37'),(4037,'Highland',225,1,'2024-10-24 03:58:37','2024-10-24 03:58:37'),(4038,'Glasgow City',225,1,'2024-10-24 03:58:37','2024-10-24 03:58:37'),(4039,'Fife',225,1,'2024-10-24 03:58:37','2024-10-24 03:58:37'),(4040,'Falkirk',225,1,'2024-10-24 03:58:37','2024-10-24 03:58:37'),(4041,'Eilean Siar',225,1,'2024-10-24 03:58:37','2024-10-24 03:58:37'),(4042,'Edinburgh, City of',225,1,'2024-10-24 03:58:37','2024-10-24 03:58:37'),(4043,'East Renfrewshire',225,1,'2024-10-24 03:58:37','2024-10-24 03:58:37'),(4044,'East Lothian',225,1,'2024-10-24 03:58:37','2024-10-24 03:58:37'),(4045,'East Dunbartonshire',225,1,'2024-10-24 03:58:37','2024-10-24 03:58:37'),(4046,'East Ayrshire',225,1,'2024-10-24 03:58:37','2024-10-24 03:58:37'),(4047,'Dundee City',225,1,'2024-10-24 03:58:37','2024-10-24 03:58:37'),(4048,'Dumfries and Galloway',225,1,'2024-10-24 03:58:37','2024-10-24 03:58:37'),(4049,'Clackmannanshire',225,1,'2024-10-24 03:58:37','2024-10-24 03:58:37'),(4050,'Argyll and Bute',225,1,'2024-10-24 03:58:37','2024-10-24 03:58:37'),(4051,'Angus',225,1,'2024-10-24 03:58:37','2024-10-24 03:58:37'),(4052,'Aberdeenshire',225,1,'2024-10-24 03:58:37','2024-10-24 03:58:37'),(4053,'Aberdeen City',225,1,'2024-10-24 03:58:37','2024-10-24 03:58:37'),(4054,'Strabane',225,1,'2024-10-24 03:58:37','2024-10-24 03:58:37'),(4055,'Omagh',225,1,'2024-10-24 03:58:37','2024-10-24 03:58:37'),(4056,'North Down',225,1,'2024-10-24 03:58:37','2024-10-24 03:58:37'),(4057,'Newtownabbey',225,1,'2024-10-24 03:58:37','2024-10-24 03:58:37'),(4058,'Newry and Mourne',225,1,'2024-10-24 03:58:37','2024-10-24 03:58:37'),(4059,'Moyle',225,1,'2024-10-24 03:58:37','2024-10-24 03:58:37'),(4060,'Magherafelt',225,1,'2024-10-24 03:58:37','2024-10-24 03:58:37'),(4061,'Derry',225,1,'2024-10-24 03:58:37','2024-10-24 03:58:37'),(4062,'Lisburn',225,1,'2024-10-24 03:58:37','2024-10-24 03:58:37'),(4063,'Limavady',225,1,'2024-10-24 03:58:37','2024-10-24 03:58:37'),(4064,'Larne',225,1,'2024-10-24 03:58:37','2024-10-24 03:58:37'),(4065,'Fermanagh',225,1,'2024-10-24 03:58:37','2024-10-24 03:58:37'),(4066,'Dungannon',225,1,'2024-10-24 03:58:37','2024-10-24 03:58:37'),(4067,'Down',225,1,'2024-10-24 03:58:37','2024-10-24 03:58:37'),(4068,'Craigavon',225,1,'2024-10-24 03:58:37','2024-10-24 03:58:37'),(4069,'Cookstown',225,1,'2024-10-24 03:58:37','2024-10-24 03:58:37'),(4070,'Coleraine',225,1,'2024-10-24 03:58:37','2024-10-24 03:58:37'),(4071,'Castlereagh',225,1,'2024-10-24 03:58:37','2024-10-24 03:58:37'),(4072,'Carrickfergus',225,1,'2024-10-24 03:58:37','2024-10-24 03:58:37'),(4073,'Belfast',225,1,'2024-10-24 03:58:37','2024-10-24 03:58:37'),(4074,'Banbridge',225,1,'2024-10-24 03:58:37','2024-10-24 03:58:37'),(4075,'Ballymoney',225,1,'2024-10-24 03:58:37','2024-10-24 03:58:37'),(4076,'Ballymena',225,1,'2024-10-24 03:58:37','2024-10-24 03:58:37'),(4077,'Armagh',225,1,'2024-10-24 03:58:37','2024-10-24 03:58:37'),(4078,'Ards',225,1,'2024-10-24 03:58:37','2024-10-24 03:58:37'),(4079,'Antrim',225,1,'2024-10-24 03:58:37','2024-10-24 03:58:37'),(4080,'York',225,1,'2024-10-24 03:58:37','2024-10-24 03:58:37'),(4081,'Worcestershire',225,1,'2024-10-24 03:58:37','2024-10-24 03:58:37'),(4082,'Wokingham',225,1,'2024-10-24 03:58:37','2024-10-24 03:58:37'),(4083,'Windsor and Maidenhead',225,1,'2024-10-24 03:58:37','2024-10-24 03:58:37'),(4084,'Wiltshire',225,1,'2024-10-24 03:58:37','2024-10-24 03:58:37'),(4085,'West Sussex',225,1,'2024-10-24 03:58:37','2024-10-24 03:58:37'),(4086,'West Berkshire',225,1,'2024-10-24 03:58:37','2024-10-24 03:58:37'),(4087,'Warwickshire',225,1,'2024-10-24 03:58:37','2024-10-24 03:58:37'),(4088,'Warrington',225,1,'2024-10-24 03:58:37','2024-10-24 03:58:37'),(4089,'Torbay',225,1,'2024-10-24 03:58:37','2024-10-24 03:58:37'),(4090,'Thurrock',225,1,'2024-10-24 03:58:37','2024-10-24 03:58:37'),(4091,'Telford and Wrekin',225,1,'2024-10-24 03:58:37','2024-10-24 03:58:37'),(4092,'Swindon',225,1,'2024-10-24 03:58:37','2024-10-24 03:58:37'),(4093,'Surrey',225,1,'2024-10-24 03:58:37','2024-10-24 03:58:37'),(4094,'Suffolk',225,1,'2024-10-24 03:58:37','2024-10-24 03:58:37'),(4095,'Stoke-on-Trent',225,1,'2024-10-24 03:58:37','2024-10-24 03:58:37'),(4096,'Stockton-on-Tees',225,1,'2024-10-24 03:58:37','2024-10-24 03:58:37'),(4097,'Staffordshire',225,1,'2024-10-24 03:58:37','2024-10-24 03:58:37'),(4098,'Southend-on-Sea',225,1,'2024-10-24 03:58:37','2024-10-24 03:58:37'),(4099,'Southampton',225,1,'2024-10-24 03:58:37','2024-10-24 03:58:37'),(4100,'South Gloucestershire',225,1,'2024-10-24 03:58:37','2024-10-24 03:58:37'),(4101,'Somerset',225,1,'2024-10-24 03:58:37','2024-10-24 03:58:37'),(4102,'Slough',225,1,'2024-10-24 03:58:37','2024-10-24 03:58:37'),(4103,'Shropshire',225,1,'2024-10-24 03:58:37','2024-10-24 03:58:37'),(4104,'Rutland',225,1,'2024-10-24 03:58:37','2024-10-24 03:58:37'),(4105,'Redcar and Cleveland',225,1,'2024-10-24 03:58:37','2024-10-24 03:58:37'),(4106,'Reading',225,1,'2024-10-24 03:58:37','2024-10-24 03:58:37'),(4107,'Portsmouth',225,1,'2024-10-24 03:58:37','2024-10-24 03:58:37'),(4108,'Poole',225,1,'2024-10-24 03:58:37','2024-10-24 03:58:37'),(4109,'Plymouth',225,1,'2024-10-24 03:58:37','2024-10-24 03:58:37'),(4110,'Peterborough',225,1,'2024-10-24 03:58:37','2024-10-24 03:58:37'),(4111,'Oxfordshire',225,1,'2024-10-24 03:58:37','2024-10-24 03:58:37'),(4112,'Nottinghamshire',225,1,'2024-10-24 03:58:37','2024-10-24 03:58:37'),(4113,'Nottingham',225,1,'2024-10-24 03:58:37','2024-10-24 03:58:37'),(4114,'Northumberland',225,1,'2024-10-24 03:58:37','2024-10-24 03:58:37'),(4115,'Northamptonshire',225,1,'2024-10-24 03:58:37','2024-10-24 03:58:37'),(4116,'North Yorkshire',225,1,'2024-10-24 03:58:37','2024-10-24 03:58:37'),(4117,'North Somerset',225,1,'2024-10-24 03:58:37','2024-10-24 03:58:37'),(4118,'North Lincolnshire',225,1,'2024-10-24 03:58:37','2024-10-24 03:58:37'),(4119,'North East Lincolnshire',225,1,'2024-10-24 03:58:37','2024-10-24 03:58:37'),(4120,'Norfolk',225,1,'2024-10-24 03:58:37','2024-10-24 03:58:37'),(4121,'Milton Keynes',225,1,'2024-10-24 03:58:37','2024-10-24 03:58:37'),(4122,'Middlesbrough',225,1,'2024-10-24 03:58:37','2024-10-24 03:58:37'),(4123,'Medway',225,1,'2024-10-24 03:58:37','2024-10-24 03:58:37'),(4124,'Luton',225,1,'2024-10-24 03:58:37','2024-10-24 03:58:37'),(4125,'Manchester',225,1,'2024-10-24 03:58:37','2024-10-24 03:58:37'),(4126,'Lincolnshire',225,1,'2024-10-24 03:58:37','2024-10-24 03:58:37'),(4127,'Leicestershire',225,1,'2024-10-24 03:58:37','2024-10-24 03:58:37'),(4128,'Leicester',225,1,'2024-10-24 03:58:37','2024-10-24 03:58:37'),(4129,'Lancashire',225,1,'2024-10-24 03:58:37','2024-10-24 03:58:37'),(4130,'West Virginia',226,1,'2024-10-24 03:58:37','2024-10-24 03:58:37'),(4131,'Virginia',226,1,'2024-10-24 03:58:37','2024-10-24 03:58:37'),(4132,'Utah',226,1,'2024-10-24 03:58:37','2024-10-24 03:58:37'),(4133,'Tennessee',226,1,'2024-10-24 03:58:37','2024-10-24 03:58:37'),(4134,'Pennsylvania',226,1,'2024-10-24 03:58:37','2024-10-24 03:58:37'),(4135,'North Carolina',226,1,'2024-10-24 03:58:37','2024-10-24 03:58:37'),(4136,'Minnesota',226,1,'2024-10-24 03:58:37','2024-10-24 03:58:37'),(4137,'Missouri',226,1,'2024-10-24 03:58:37','2024-10-24 03:58:37'),(4138,'Montana',226,1,'2024-10-24 03:58:37','2024-10-24 03:58:37'),(4139,'Nevada',226,1,'2024-10-24 03:58:37','2024-10-24 03:58:37'),(4140,'New Jersey',226,1,'2024-10-24 03:58:37','2024-10-24 03:58:37'),(4141,'New York',226,1,'2024-10-24 03:58:37','2024-10-24 03:58:37'),(4142,'North Dakota',226,1,'2024-10-24 03:58:37','2024-10-24 03:58:37'),(4143,'Oklahoma',226,1,'2024-10-24 03:58:37','2024-10-24 03:58:37'),(4144,'Oregon',226,1,'2024-10-24 03:58:37','2024-10-24 03:58:37'),(4145,'Alabama',226,1,'2024-10-24 03:58:37','2024-10-24 03:58:37'),(4146,'Arizona',226,1,'2024-10-24 03:58:37','2024-10-24 03:58:37'),(4147,'California',226,1,'2024-10-24 03:58:37','2024-10-24 03:58:37'),(4148,'Connecticut',226,1,'2024-10-24 03:58:37','2024-10-24 03:58:37'),(4149,'District of Columbia',226,1,'2024-10-24 03:58:37','2024-10-24 03:58:37'),(4150,'Georgia',226,1,'2024-10-24 03:58:37','2024-10-24 03:58:37'),(4151,'Idaho',226,1,'2024-10-24 03:58:37','2024-10-24 03:58:37'),(4152,'Indiana',226,1,'2024-10-24 03:58:37','2024-10-24 03:58:37'),(4153,'Iowa',226,1,'2024-10-24 03:58:37','2024-10-24 03:58:37'),(4154,'Kentucky',226,1,'2024-10-24 03:58:37','2024-10-24 03:58:37'),(4155,'Maine',226,1,'2024-10-24 03:58:37','2024-10-24 03:58:37'),(4156,'Massachusetts',226,1,'2024-10-24 03:58:37','2024-10-24 03:58:37'),(4157,'Rhode Island',226,1,'2024-10-24 03:58:37','2024-10-24 03:58:37'),(4158,'South Dakota',226,1,'2024-10-24 03:58:37','2024-10-24 03:58:37'),(4159,'Texas',226,1,'2024-10-24 03:58:37','2024-10-24 03:58:37'),(4160,'Vermont',226,1,'2024-10-24 03:58:37','2024-10-24 03:58:37'),(4161,'Washington',226,1,'2024-10-24 03:58:37','2024-10-24 03:58:37'),(4162,'Wisconsin',226,1,'2024-10-24 03:58:37','2024-10-24 03:58:37'),(4163,'Wyoming',226,1,'2024-10-24 03:58:37','2024-10-24 03:58:37'),(4164,'Illinois',226,1,'2024-10-24 03:58:37','2024-10-24 03:58:37'),(4165,'Kansas',226,1,'2024-10-24 03:58:37','2024-10-24 03:58:37'),(4166,'Louisiana',226,1,'2024-10-24 03:58:37','2024-10-24 03:58:37'),(4167,'Maryland',226,1,'2024-10-24 03:58:37','2024-10-24 03:58:37'),(4168,'Michigan',226,1,'2024-10-24 03:58:37','2024-10-24 03:58:37'),(4169,'Mississippi',226,1,'2024-10-24 03:58:37','2024-10-24 03:58:37'),(4170,'Nebraska',226,1,'2024-10-24 03:58:37','2024-10-24 03:58:37'),(4171,'New Hampshire',226,1,'2024-10-24 03:58:37','2024-10-24 03:58:37'),(4172,'New Mexico',226,1,'2024-10-24 03:58:37','2024-10-24 03:58:37'),(4173,'Alaska',226,1,'2024-10-24 03:58:37','2024-10-24 03:58:37'),(4174,'Arkansas',226,1,'2024-10-24 03:58:37','2024-10-24 03:58:37'),(4175,'Colorado',226,1,'2024-10-24 03:58:37','2024-10-24 03:58:37'),(4176,'Delaware',226,1,'2024-10-24 03:58:37','2024-10-24 03:58:37'),(4177,'Florida',226,1,'2024-10-24 03:58:37','2024-10-24 03:58:37'),(4178,'Hawaii',226,1,'2024-10-24 03:58:37','2024-10-24 03:58:37'),(4179,'Ohio',226,1,'2024-10-24 03:58:37','2024-10-24 03:58:37'),(4180,'South Carolina',226,1,'2024-10-24 03:58:37','2024-10-24 03:58:37'),(4181,'American Samoa',226,1,'2024-10-24 03:58:37','2024-10-24 03:58:37'),(4182,'Guam',226,1,'2024-10-24 03:58:37','2024-10-24 03:58:37'),(4183,'Northern Mariana Islands',226,1,'2024-10-24 03:58:37','2024-10-24 03:58:37'),(4184,'Puerto Rico',226,1,'2024-10-24 03:58:37','2024-10-24 03:58:37'),(4185,'Virgin Islands, U.S.',226,1,'2024-10-24 03:58:37','2024-10-24 03:58:37'),(4186,'United States Minor Outlying Islands',226,1,'2024-10-24 03:58:37','2024-10-24 03:58:37'),(4187,'Wake Island',227,1,'2024-10-24 03:58:37','2024-10-24 03:58:37'),(4188,'Palmyra Atoll',227,1,'2024-10-24 03:58:37','2024-10-24 03:58:37'),(4189,'Navassa Island',227,1,'2024-10-24 03:58:37','2024-10-24 03:58:37'),(4190,'Midway Islands',227,1,'2024-10-24 03:58:37','2024-10-24 03:58:37'),(4191,'Johnston Atoll',227,1,'2024-10-24 03:58:37','2024-10-24 03:58:37'),(4192,'Howland Island',227,1,'2024-10-24 03:58:37','2024-10-24 03:58:37'),(4193,'Baker Island',227,1,'2024-10-24 03:58:37','2024-10-24 03:58:37'),(4194,'Jarvis Island',227,1,'2024-10-24 03:58:37','2024-10-24 03:58:37'),(4195,'Kingman Reef',227,1,'2024-10-24 03:58:37','2024-10-24 03:58:37'),(4196,'Tacuaremb',228,1,'2024-10-24 03:58:37','2024-10-24 03:58:37'),(4197,'San Jos',228,1,'2024-10-24 03:58:37','2024-10-24 03:58:37'),(4198,'Rivera',228,1,'2024-10-24 03:58:37','2024-10-24 03:58:37'),(4199,'Paysand',228,1,'2024-10-24 03:58:37','2024-10-24 03:58:37'),(4200,'Flores',228,1,'2024-10-24 03:58:37','2024-10-24 03:58:37'),(4201,'Artigas',228,1,'2024-10-24 03:58:37','2024-10-24 03:58:37'),(4202,'',228,1,'2024-10-24 03:58:37','2024-10-24 03:58:37'),(4203,'',228,1,'2024-10-24 03:58:37','2024-10-24 03:58:37'),(4204,'Durazno',228,1,'2024-10-24 03:58:37','2024-10-24 03:58:37'),(4205,'Florida',228,1,'2024-10-24 03:58:37','2024-10-24 03:58:37'),(4206,'Maldonado',228,1,'2024-10-24 03:58:37','2024-10-24 03:58:37'),(4207,'Montevideo',228,1,'2024-10-24 03:58:37','2024-10-24 03:58:37'),(4208,'Ro Negro',228,1,'2024-10-24 03:58:37','2024-10-24 03:58:37'),(4209,'Rocha',228,1,'2024-10-24 03:58:37','2024-10-24 03:58:37'),(4210,'Salto',228,1,'2024-10-24 03:58:37','2024-10-24 03:58:37'),(4211,'Soriano',228,1,'2024-10-24 03:58:37','2024-10-24 03:58:37'),(4212,'Treinta y Tres',228,1,'2024-10-24 03:58:37','2024-10-24 03:58:37'),(4213,'',228,1,'2024-10-24 03:58:37','2024-10-24 03:58:37'),(4214,'Lavalleja',228,1,'2024-10-24 03:58:37','2024-10-24 03:58:37'),(4215,'Surxondaryo',229,1,'2024-10-24 03:58:37','2024-10-24 03:58:37'),(4216,'Sirdaryo',229,1,'2024-10-24 03:58:37','2024-10-24 03:58:37'),(4217,'Navoiy',229,1,'2024-10-24 03:58:37','2024-10-24 03:58:37'),(4218,'Andijon',229,1,'2024-10-24 03:58:37','2024-10-24 03:58:37'),(4219,'Buxoro',229,1,'2024-10-24 03:58:37','2024-10-24 03:58:37'),(4220,'Qashqadaryo',229,1,'2024-10-24 03:58:37','2024-10-24 03:58:37'),(4221,'Namangan',229,1,'2024-10-24 03:58:37','2024-10-24 03:58:37'),(4222,'Samarqand',229,1,'2024-10-24 03:58:37','2024-10-24 03:58:37'),(4223,'Toshkent',229,1,'2024-10-24 03:58:37','2024-10-24 03:58:37'),(4224,'Jizzax',229,1,'2024-10-24 03:58:37','2024-10-24 03:58:37'),(4225,'Xorazm',229,1,'2024-10-24 03:58:37','2024-10-24 03:58:37'),(4226,'Toshkent City',229,1,'2024-10-24 03:58:37','2024-10-24 03:58:37'),(4227,'Tafa',230,1,'2024-10-24 03:58:37','2024-10-24 03:58:37'),(4228,'Malampa',230,1,'2024-10-24 03:58:37','2024-10-24 03:58:37'),(4229,'Shfa',230,1,'2024-10-24 03:58:37','2024-10-24 03:58:37'),(4230,'Pnama',230,1,'2024-10-24 03:58:37','2024-10-24 03:58:37'),(4231,'Torba',230,1,'2024-10-24 03:58:37','2024-10-24 03:58:37'),(4232,'Sanma',230,1,'2024-10-24 03:58:37','2024-10-24 03:58:37'),(4233,'Sucre',231,1,'2024-10-24 03:58:37','2024-10-24 03:58:37'),(4234,'Nueva Esparta',231,1,'2024-10-24 03:58:37','2024-10-24 03:58:37'),(4235,'Amazonas',231,1,'2024-10-24 03:58:37','2024-10-24 03:58:37'),(4236,'Aragua',231,1,'2024-10-24 03:58:37','2024-10-24 03:58:37'),(4237,'Bolvar',231,1,'2024-10-24 03:58:37','2024-10-24 03:58:37'),(4238,'Delta Amacuro',231,1,'2024-10-24 03:58:37','2024-10-24 03:58:37'),(4239,'Distrito Federal',231,1,'2024-10-24 03:58:37','2024-10-24 03:58:37'),(4240,'Gurico',231,1,'2024-10-24 03:58:37','2024-10-24 03:58:37'),(4241,'Lara',231,1,'2024-10-24 03:58:37','2024-10-24 03:58:37'),(4242,'Mrida',231,1,'2024-10-24 03:58:37','2024-10-24 03:58:37'),(4243,'Miranda',231,1,'2024-10-24 03:58:37','2024-10-24 03:58:37'),(4244,'Monagas',231,1,'2024-10-24 03:58:37','2024-10-24 03:58:37'),(4245,'Anzotegui',231,1,'2024-10-24 03:58:37','2024-10-24 03:58:37'),(4246,'Apure',231,1,'2024-10-24 03:58:37','2024-10-24 03:58:37'),(4247,'Barinas',231,1,'2024-10-24 03:58:37','2024-10-24 03:58:37'),(4248,'Carabobo',231,1,'2024-10-24 03:58:37','2024-10-24 03:58:37'),(4249,'Cojedes',231,1,'2024-10-24 03:58:37','2024-10-24 03:58:37'),(4250,'Dependencias Federales',231,1,'2024-10-24 03:58:37','2024-10-24 03:58:37'),(4251,'Falcn',231,1,'2024-10-24 03:58:37','2024-10-24 03:58:37'),(4252,'Portuguesa',231,1,'2024-10-24 03:58:37','2024-10-24 03:58:37'),(4253,'Yaracuy',231,1,'2024-10-24 03:58:37','2024-10-24 03:58:37'),(4254,'Tchira',231,1,'2024-10-24 03:58:37','2024-10-24 03:58:37'),(4255,'Trujillo',231,1,'2024-10-24 03:58:37','2024-10-24 03:58:37'),(4256,'Vargas',231,1,'2024-10-24 03:58:37','2024-10-24 03:58:37'),(4257,'Zulia',231,1,'2024-10-24 03:58:37','2024-10-24 03:58:37'),(4258,'Bac Lieu',232,1,'2024-10-24 03:58:37','2024-10-24 03:58:37'),(4259,'An Giang',232,1,'2024-10-24 03:58:37','2024-10-24 03:58:37'),(4260,'Bac Giang',232,1,'2024-10-24 03:58:37','2024-10-24 03:58:37'),(4261,'Bac Can',232,1,'2024-10-24 03:58:37','2024-10-24 03:58:37'),(4262,'Ba Ria - Vung Tau',232,1,'2024-10-24 03:58:37','2024-10-24 03:58:37'),(4263,'Thai Nguyen',232,1,'2024-10-24 03:58:37','2024-10-24 03:58:37'),(4264,'Lai Chau',232,1,'2024-10-24 03:58:37','2024-10-24 03:58:37'),(4265,'Lao Cai',232,1,'2024-10-24 03:58:37','2024-10-24 03:58:37'),(4266,'Ha Giang',232,1,'2024-10-24 03:58:37','2024-10-24 03:58:37'),(4267,'Cao Bang',232,1,'2024-10-24 03:58:37','2024-10-24 03:58:37'),(4268,'Son La',232,1,'2024-10-24 03:58:37','2024-10-24 03:58:37'),(4269,'Yen Bai',232,1,'2024-10-24 03:58:37','2024-10-24 03:58:37'),(4270,'Tuyen Quang',232,1,'2024-10-24 03:58:37','2024-10-24 03:58:37'),(4271,'Lang Son',232,1,'2024-10-24 03:58:37','2024-10-24 03:58:37'),(4272,'Quang Ninh',232,1,'2024-10-24 03:58:37','2024-10-24 03:58:37'),(4273,'Hoa Binh',232,1,'2024-10-24 03:58:37','2024-10-24 03:58:37'),(4274,'Ha Tay',232,1,'2024-10-24 03:58:37','2024-10-24 03:58:37'),(4275,'Ninh Binh',232,1,'2024-10-24 03:58:37','2024-10-24 03:58:37'),(4276,'Thai Binh',232,1,'2024-10-24 03:58:37','2024-10-24 03:58:37'),(4277,'Thanh Hoa',232,1,'2024-10-24 03:58:37','2024-10-24 03:58:37'),(4278,'Nghe An',232,1,'2024-10-24 03:58:37','2024-10-24 03:58:37'),(4279,'Ha Tinh',232,1,'2024-10-24 03:58:37','2024-10-24 03:58:37'),(4280,'Quang Binh',232,1,'2024-10-24 03:58:37','2024-10-24 03:58:37'),(4281,'Quang Tri',232,1,'2024-10-24 03:58:37','2024-10-24 03:58:37'),(4282,'Thua Thien-Hue',232,1,'2024-10-24 03:58:37','2024-10-24 03:58:37'),(4283,'Quang Nam',232,1,'2024-10-24 03:58:37','2024-10-24 03:58:37'),(4284,'Kon Tum',232,1,'2024-10-24 03:58:37','2024-10-24 03:58:37'),(4285,'Quang Ngai',232,1,'2024-10-24 03:58:37','2024-10-24 03:58:37'),(4286,'Gia Lai',232,1,'2024-10-24 03:58:37','2024-10-24 03:58:37'),(4287,'Binh Dinh',232,1,'2024-10-24 03:58:37','2024-10-24 03:58:37'),(4288,'Phu Yen',232,1,'2024-10-24 03:58:37','2024-10-24 03:58:37'),(4289,'Dac Lac',232,1,'2024-10-24 03:58:37','2024-10-24 03:58:37'),(4290,'Khanh Hoa',232,1,'2024-10-24 03:58:37','2024-10-24 03:58:37'),(4291,'Lam Dong',232,1,'2024-10-24 03:58:37','2024-10-24 03:58:37'),(4292,'Ninh Thuan',232,1,'2024-10-24 03:58:37','2024-10-24 03:58:37'),(4293,'Tay Ninh',232,1,'2024-10-24 03:58:37','2024-10-24 03:58:37'),(4294,'Dong Nai',232,1,'2024-10-24 03:58:37','2024-10-24 03:58:37'),(4295,'Binh Thuan',232,1,'2024-10-24 03:58:37','2024-10-24 03:58:37'),(4296,'Long An',232,1,'2024-10-24 03:58:37','2024-10-24 03:58:37'),(4297,'Dong Thap',232,1,'2024-10-24 03:58:37','2024-10-24 03:58:37'),(4298,'Tien Giang',232,1,'2024-10-24 03:58:37','2024-10-24 03:58:37'),(4299,'Kien Giang',232,1,'2024-10-24 03:58:37','2024-10-24 03:58:37'),(4300,'Can Tho',232,1,'2024-10-24 03:58:37','2024-10-24 03:58:37'),(4301,'Vinh Long',232,1,'2024-10-24 03:58:37','2024-10-24 03:58:37'),(4302,'Ben Tre',232,1,'2024-10-24 03:58:37','2024-10-24 03:58:37'),(4303,'Tra Vinh',232,1,'2024-10-24 03:58:37','2024-10-24 03:58:37'),(4304,'Soc Trang',232,1,'2024-10-24 03:58:37','2024-10-24 03:58:37'),(4305,'Bac Ninh',232,1,'2024-10-24 03:58:37','2024-10-24 03:58:37'),(4306,'Binh Duong',232,1,'2024-10-24 03:58:37','2024-10-24 03:58:37'),(4307,'Binh Phuoc',232,1,'2024-10-24 03:58:37','2024-10-24 03:58:37'),(4308,'Ca Mau',232,1,'2024-10-24 03:58:37','2024-10-24 03:58:37'),(4309,'Da Nang, thanh pho',232,1,'2024-10-24 03:58:37','2024-10-24 03:58:37'),(4310,'Hai Duong',232,1,'2024-10-24 03:58:37','2024-10-24 03:58:37'),(4311,'Hai Phong, thanh pho',232,1,'2024-10-24 03:58:37','2024-10-24 03:58:37'),(4312,'Ha Nam',232,1,'2024-10-24 03:58:37','2024-10-24 03:58:37'),(4313,'Ha Noi, thu do',232,1,'2024-10-24 03:58:37','2024-10-24 03:58:37'),(4314,'Ho Chi Minh, thanh pho [Sai Gon]',232,1,'2024-10-24 03:58:37','2024-10-24 03:58:37'),(4315,'Hung Yen',232,1,'2024-10-24 03:58:37','2024-10-24 03:58:37'),(4316,'Nam Dinh',232,1,'2024-10-24 03:58:37','2024-10-24 03:58:37'),(4317,'Phu Tho',232,1,'2024-10-24 03:58:37','2024-10-24 03:58:37'),(4318,'Vinh Phuc',232,1,'2024-10-24 03:58:37','2024-10-24 03:58:37'),(4319,'Dien Bien',232,1,'2024-10-24 03:58:37','2024-10-24 03:58:37'),(4320,'Dak Nong',232,1,'2024-10-24 03:58:37','2024-10-24 03:58:37'),(4321,'Hau Giang',232,1,'2024-10-24 03:58:37','2024-10-24 03:58:37'),(4322,'Laayoune',236,1,'2024-10-24 03:58:37','2024-10-24 03:58:37'),(4323,'Oued el Dahab',236,1,'2024-10-24 03:58:37','2024-10-24 03:58:37'),(4324,'Boujdour',236,1,'2024-10-24 03:58:37','2024-10-24 03:58:37'),(4325,'Es Semara',236,1,'2024-10-24 03:58:37','2024-10-24 03:58:37'),(4326,'Taizz',237,1,'2024-10-24 03:58:37','2024-10-24 03:58:37'),(4327,'San',237,1,'2024-10-24 03:58:37','2024-10-24 03:58:37'),(4328,'Shabwah',237,1,'2024-10-24 03:58:37','2024-10-24 03:58:37'),(4329,'Al Mahwit',237,1,'2024-10-24 03:58:37','2024-10-24 03:58:37'),(4330,'La?ij',237,1,'2024-10-24 03:58:37','2024-10-24 03:58:37'),(4331,'Adan',237,1,'2024-10-24 03:58:37','2024-10-24 03:58:37'),(4332,'Al Bay?a',237,1,'2024-10-24 03:58:37','2024-10-24 03:58:37'),(4333,'Hadramawt',237,1,'2024-10-24 03:58:37','2024-10-24 03:58:37'),(4334,'Hajjah',237,1,'2024-10-24 03:58:37','2024-10-24 03:58:37'),(4335,'Abyan',237,1,'2024-10-24 03:58:37','2024-10-24 03:58:37'),(4336,'Dhamar',237,1,'2024-10-24 03:58:37','2024-10-24 03:58:37'),(4337,'Al ?udaydah',237,1,'2024-10-24 03:58:37','2024-10-24 03:58:37'),(4338,'Ibb',237,1,'2024-10-24 03:58:37','2024-10-24 03:58:37'),(4339,'Al Jawf',237,1,'2024-10-24 03:58:37','2024-10-24 03:58:37'),(4340,'Al Mahrah',237,1,'2024-10-24 03:58:37','2024-10-24 03:58:37'),(4341,'Ma rib',237,1,'2024-10-24 03:58:37','2024-10-24 03:58:37'),(4342,'Sa`dah',237,1,'2024-10-24 03:58:37','2024-10-24 03:58:37'),(4343,'Amran',237,1,'2024-10-24 03:58:37','2024-10-24 03:58:37'),(4344,'Ad Dli',237,1,'2024-10-24 03:58:37','2024-10-24 03:58:37'),(4345,'Raymah',237,1,'2024-10-24 03:58:37','2024-10-24 03:58:37'),(4346,'an',237,1,'2024-10-24 03:58:37','2024-10-24 03:58:37'),(4347,'Western',238,1,'2024-10-24 03:58:37','2024-10-24 03:58:37'),(4348,'Northern',238,1,'2024-10-24 03:58:37','2024-10-24 03:58:37'),(4349,'Copperbelt',238,1,'2024-10-24 03:58:37','2024-10-24 03:58:37'),(4350,'Lusaka',238,1,'2024-10-24 03:58:37','2024-10-24 03:58:37'),(4351,'Southern',238,1,'2024-10-24 03:58:37','2024-10-24 03:58:37'),(4352,'Luapula',238,1,'2024-10-24 03:58:37','2024-10-24 03:58:37'),(4353,'North-Western',238,1,'2024-10-24 03:58:37','2024-10-24 03:58:37'),(4354,'Central',238,1,'2024-10-24 03:58:37','2024-10-24 03:58:37'),(4355,'Eastern',238,1,'2024-10-24 03:58:37','2024-10-24 03:58:37'),(4356,'Manicaland',239,1,'2024-10-24 03:58:37','2024-10-24 03:58:37'),(4357,'Midlands',239,1,'2024-10-24 03:58:37','2024-10-24 03:58:37'),(4358,'Mashonaland Central',239,1,'2024-10-24 03:58:37','2024-10-24 03:58:37'),(4359,'Mashonaland East',239,1,'2024-10-24 03:58:37','2024-10-24 03:58:37'),(4360,'Mashonaland West',239,1,'2024-10-24 03:58:37','2024-10-24 03:58:37'),(4361,'Matabeleland North',239,1,'2024-10-24 03:58:37','2024-10-24 03:58:37'),(4362,'Matabeleland South',239,1,'2024-10-24 03:58:37','2024-10-24 03:58:37'),(4363,'Masvingo',239,1,'2024-10-24 03:58:37','2024-10-24 03:58:37'),(4364,'Harare',239,1,'2024-10-24 03:58:37','2024-10-24 03:58:37'),(4365,'Bulawayo',239,1,'2024-10-24 03:58:37','2024-10-24 03:58:37');
/*!40000 ALTER TABLE `states` ENABLE KEYS */;
UNLOCK TABLES;

--
-- Table structure for table `sub_modules`
--

DROP TABLE IF EXISTS `sub_modules`;
/*!40101 SET @saved_cs_client     = @@character_set_client */;
/*!40101 SET character_set_client = utf8 */;
CREATE TABLE `sub_modules` (
  `id` bigint(20) unsigned NOT NULL AUTO_INCREMENT,
  `module_id` bigint(20) unsigned NOT NULL,
  `key` varchar(255) NOT NULL,
  `created_at` timestamp NULL DEFAULT NULL,
  `updated_at` timestamp NULL DEFAULT NULL,
  PRIMARY KEY (`id`),
  KEY `sub_modules_module_id_foreign` (`module_id`),
  CONSTRAINT `sub_modules_module_id_foreign` FOREIGN KEY (`module_id`) REFERENCES `modules` (`id`)
) ENGINE=InnoDB AUTO_INCREMENT=9 DEFAULT CHARSET=utf8mb3 COLLATE=utf8mb3_unicode_ci;
/*!40101 SET character_set_client = @saved_cs_client */;

--
-- Dumping data for table `sub_modules`
--

LOCK TABLES `sub_modules` WRITE;
/*!40000 ALTER TABLE `sub_modules` DISABLE KEYS */;
INSERT INTO `sub_modules` VALUES (1,1,'ticket-widget','2024-10-24 03:58:40','2024-10-24 03:58:40'),(2,1,'immediate-action','2024-10-24 03:58:40','2024-10-24 03:58:40'),(3,1,'todo','2024-10-24 03:58:40','2024-10-24 03:58:40'),(4,1,'recent-activities','2024-10-24 03:58:40','2024-10-24 03:58:40'),(5,1,'agent-summary','2024-10-24 03:58:40','2024-10-24 03:58:40'),(6,1,'department-summary','2024-10-24 03:58:40','2024-10-24 03:58:40'),(7,1,'agent-performance','2024-10-24 03:58:40','2024-10-24 03:58:40'),(8,1,'system-summary','2024-10-24 03:58:40','2024-10-24 03:58:40');
/*!40000 ALTER TABLE `sub_modules` ENABLE KEYS */;
UNLOCK TABLES;

--
-- Table structure for table `sub_reports`
--

DROP TABLE IF EXISTS `sub_reports`;
/*!40101 SET @saved_cs_client     = @@character_set_client */;
/*!40101 SET character_set_client = utf8 */;
CREATE TABLE `sub_reports` (
  `id` bigint(20) unsigned NOT NULL AUTO_INCREMENT,
  `report_id` bigint(20) NOT NULL,
  `identifier` varchar(100) NOT NULL,
  `data_type` varchar(30) DEFAULT NULL,
  `data_widget_url` varchar(255) DEFAULT NULL,
  `data_url` varchar(255) DEFAULT NULL,
  `selected_chart_type` varchar(30) DEFAULT NULL,
  `list_view_by` text DEFAULT NULL,
  `selected_view_by` varchar(255) DEFAULT NULL,
  `add_custom_column_url` varchar(255) DEFAULT NULL,
  `layout` varchar(10) NOT NULL DEFAULT 'n*1',
  `created_at` timestamp NULL DEFAULT NULL,
  `updated_at` timestamp NULL DEFAULT NULL,
  PRIMARY KEY (`id`)
) ENGINE=InnoDB AUTO_INCREMENT=15 DEFAULT CHARSET=utf8mb3 COLLATE=utf8mb3_unicode_ci;
/*!40101 SET character_set_client = @saved_cs_client */;

--
-- Dumping data for table `sub_reports`
--

LOCK TABLES `sub_reports` WRITE;
/*!40000 ALTER TABLE `sub_reports` DISABLE KEYS */;
INSERT INTO `sub_reports` VALUES (1,1,'helpdesk-in-depth-graph','category-chart','api/agent/helpdesk-in-depth-widget/1','api/agent/helpdesk-in-depth/1','bar','[\"priority\",\"source\",\"type\",\"status\"]','priority',NULL,'n*2','2024-10-24 03:58:34','2024-10-24 03:58:34'),(2,2,'overall-ticket-trend-graph','time-series-chart','api/agent/ticket-volume-trend/overall-ticket-trend-widget/2','api/agent/ticket-volume-trend/overall-ticket-trend/2',NULL,'[\"day\",\"week\",\"month\",\"year\"]','day',NULL,'n*1','2024-10-24 03:58:34','2024-10-24 03:58:34'),(3,2,'weekday-hour-trend-graph','time-series-chart','api/agent/ticket-volume-trend/day-ticket-trend-widget/2','api/agent/ticket-volume-trend/day-ticket-trend/2',NULL,'[\"monday\",\"tuesday\",\"wednesday\",\"thursday\",\"friday\",\"saturday\",\"sunday\"]','monday',NULL,'n*1','2024-10-24 03:58:34','2024-10-24 03:58:34'),(4,3,'management-report-table','datatable',NULL,'api/agent/management-report/3',NULL,NULL,NULL,'api/add-custom-column/4','n*1','2024-10-24 03:58:34','2024-10-24 03:58:40'),(5,4,'agent-performance-table','datatable',NULL,'api/agent/agent-performance-report/4',NULL,NULL,NULL,'api/add-custom-column/5','n*1','2024-10-24 03:58:34','2024-10-24 03:58:34'),(6,5,'department-performance-table','datatable',NULL,'api/agent/department-performance-report/5',NULL,NULL,NULL,'api/add-custom-column/6','n*1','2024-10-24 03:58:34','2024-10-24 03:58:34'),(7,6,'team-performance-table','datatable',NULL,'api/agent/team-performance-report/6',NULL,NULL,NULL,'api/add-custom-column/7','n*1','2024-10-24 03:58:34','2024-10-24 03:58:37'),(8,7,'time-report-chart','category-chart',NULL,'api/agent/performance-distribution/time-report/7','bar',NULL,NULL,NULL,'n*1','2024-10-24 03:58:34','2024-10-24 03:58:34'),(9,7,'trend-report-chart','time-series-chart',NULL,'api/agent/performance-distribution/trend-report/7',NULL,'[\"day\",\"week\",\"month\",\"year\"]','day',NULL,'n*1','2024-10-24 03:58:34','2024-10-24 03:58:34'),(10,8,'top-customer-analysis-chart','category-chart',NULL,'api/agent/top-customer-analysis/8','bar','[\"3\",\"5\",\"10\"]','3',NULL,'n*2','2024-10-24 03:58:34','2024-10-24 03:58:34'),(11,9,'rating-in-depth-graph','category-chart','api/agent/rating-in-depth-widget/9','api/agent/rating-in-depth/9','bar',NULL,'',NULL,'n*1','2024-10-24 03:58:38','2024-10-24 03:58:38'),(12,10,'turn-around-time-report','datatable',NULL,'api/agent/turn-around-time-report/10',NULL,NULL,NULL,'api/add-custom-column/12','n*1','2024-10-24 03:58:38','2024-10-24 03:58:40'),(13,11,'schedule-report','datatable',NULL,'api/agent/schedule-report/11',NULL,NULL,NULL,'api/add-custom-column/13','n*1','2024-10-24 03:58:40','2024-10-24 03:58:40'),(14,12,'user-report','datatable',NULL,'api/agent/user-report/12',NULL,NULL,NULL,'api/add-custom-column/14','n*1','2024-10-24 03:58:40','2024-10-24 03:58:40');
/*!40000 ALTER TABLE `sub_reports` ENABLE KEYS */;
UNLOCK TABLES;

--
-- Table structure for table `system_activity_log_export_download`
--

DROP TABLE IF EXISTS `system_activity_log_export_download`;
/*!40101 SET @saved_cs_client     = @@character_set_client */;
/*!40101 SET character_set_client = utf8 */;
CREATE TABLE `system_activity_log_export_download` (
  `id` bigint(20) unsigned NOT NULL AUTO_INCREMENT,
  `hash` varchar(255) NOT NULL,
  `path` varchar(255) NOT NULL,
  `created_at` timestamp NULL DEFAULT NULL,
  `updated_at` timestamp NULL DEFAULT NULL,
  PRIMARY KEY (`id`)
) ENGINE=InnoDB DEFAULT CHARSET=utf8mb3 COLLATE=utf8mb3_unicode_ci;
/*!40101 SET character_set_client = @saved_cs_client */;

--
-- Dumping data for table `system_activity_log_export_download`
--

LOCK TABLES `system_activity_log_export_download` WRITE;
/*!40000 ALTER TABLE `system_activity_log_export_download` DISABLE KEYS */;
/*!40000 ALTER TABLE `system_activity_log_export_download` ENABLE KEYS */;
UNLOCK TABLES;

--
-- Table structure for table `system_portal`
--

DROP TABLE IF EXISTS `system_portal`;
/*!40101 SET @saved_cs_client     = @@character_set_client */;
/*!40101 SET character_set_client = utf8 */;
CREATE TABLE `system_portal` (
  `id` int(10) unsigned NOT NULL AUTO_INCREMENT,
  `admin_header_color` varchar(255) NOT NULL,
  `agent_header_color` varchar(255) NOT NULL,
  `client_header_color` varchar(10) DEFAULT NULL,
  `client_button_color` varchar(10) DEFAULT NULL,
  `client_button_border_color` varchar(10) DEFAULT NULL,
  `client_input_field_color` varchar(10) DEFAULT NULL,
  `logo` longtext DEFAULT NULL,
  `icon` longtext DEFAULT NULL,
  `created_at` timestamp NULL DEFAULT NULL,
  `updated_at` timestamp NULL DEFAULT NULL,
  `logo_icon_driver` varchar(255) DEFAULT NULL,
  `is_enabled_breadcrumb` tinyint(1) NOT NULL DEFAULT 1,
  `agent_sidebar_color` varchar(255) NOT NULL DEFAULT 'sidebar-dark-black',
  `admin_sidebar_color` varchar(255) NOT NULL DEFAULT 'sidebar-dark-black',
  `client_button_font_color` varchar(10) DEFAULT NULL,
  PRIMARY KEY (`id`)
) ENGINE=InnoDB AUTO_INCREMENT=2 DEFAULT CHARSET=utf8mb3 COLLATE=utf8mb3_unicode_ci;
/*!40101 SET character_set_client = @saved_cs_client */;

--
-- Dumping data for table `system_portal`
--

LOCK TABLES `system_portal` WRITE;
/*!40000 ALTER TABLE `system_portal` DISABLE KEYS */;
INSERT INTO `system_portal` VALUES (1,'navbar-light','navbar-light','#009aba','#009aba','#00c0ef','#d2d6de','0','0','2024-10-24 03:58:32','2024-10-24 03:58:41',NULL,1,'sidebar-dark-black','sidebar-dark-black','#ffffff');
/*!40000 ALTER TABLE `system_portal` ENABLE KEYS */;
UNLOCK TABLES;

--
-- Table structure for table `tags`
--

DROP TABLE IF EXISTS `tags`;
/*!40101 SET @saved_cs_client     = @@character_set_client */;
/*!40101 SET character_set_client = utf8 */;
CREATE TABLE `tags` (
  `id` int(10) unsigned NOT NULL AUTO_INCREMENT,
  `name` varchar(255) NOT NULL,
  `description` varchar(255) DEFAULT NULL,
  `created_at` timestamp NULL DEFAULT NULL,
  `updated_at` timestamp NULL DEFAULT NULL,
  `visible_to` varchar(255) NOT NULL DEFAULT 'all_users',
  PRIMARY KEY (`id`),
  FULLTEXT KEY `name_index` (`name`),
  FULLTEXT KEY `description_index` (`description`),
  FULLTEXT KEY `name_description_index` (`name`,`description`)
) ENGINE=InnoDB DEFAULT CHARSET=utf8mb3 COLLATE=utf8mb3_unicode_ci;
/*!40101 SET character_set_client = @saved_cs_client */;

--
-- Dumping data for table `tags`
--

LOCK TABLES `tags` WRITE;
/*!40000 ALTER TABLE `tags` DISABLE KEYS */;
/*!40000 ALTER TABLE `tags` ENABLE KEYS */;
UNLOCK TABLES;

--
-- Table structure for table `team_assign_agent`
--

DROP TABLE IF EXISTS `team_assign_agent`;
/*!40101 SET @saved_cs_client     = @@character_set_client */;
/*!40101 SET character_set_client = utf8 */;
CREATE TABLE `team_assign_agent` (
  `id` int(10) unsigned NOT NULL AUTO_INCREMENT,
  `team_id` int(10) unsigned DEFAULT NULL,
  `agent_id` int(10) unsigned DEFAULT NULL,
  `created_at` timestamp NULL DEFAULT NULL,
  `updated_at` timestamp NULL DEFAULT NULL,
  PRIMARY KEY (`id`),
  KEY `team_id` (`team_id`),
  KEY `agent_id` (`agent_id`),
  CONSTRAINT `team_assign_agent_ibfk_1` FOREIGN KEY (`team_id`) REFERENCES `teams` (`id`) ON UPDATE NO ACTION,
  CONSTRAINT `team_assign_agent_ibfk_2` FOREIGN KEY (`agent_id`) REFERENCES `users` (`id`) ON UPDATE NO ACTION
) ENGINE=InnoDB DEFAULT CHARSET=utf8mb3 COLLATE=utf8mb3_unicode_ci;
/*!40101 SET character_set_client = @saved_cs_client */;

--
-- Dumping data for table `team_assign_agent`
--

LOCK TABLES `team_assign_agent` WRITE;
/*!40000 ALTER TABLE `team_assign_agent` DISABLE KEYS */;
/*!40000 ALTER TABLE `team_assign_agent` ENABLE KEYS */;
UNLOCK TABLES;

--
-- Table structure for table `team_assign_department`
--

DROP TABLE IF EXISTS `team_assign_department`;
/*!40101 SET @saved_cs_client     = @@character_set_client */;
/*!40101 SET character_set_client = utf8 */;
CREATE TABLE `team_assign_department` (
  `id` int(10) unsigned NOT NULL AUTO_INCREMENT,
  `team_id` varchar(255) NOT NULL,
  `dept_id` varchar(255) NOT NULL,
  `created_at` timestamp NULL DEFAULT NULL,
  `updated_at` timestamp NULL DEFAULT NULL,
  PRIMARY KEY (`id`)
) ENGINE=InnoDB DEFAULT CHARSET=utf8mb3 COLLATE=utf8mb3_unicode_ci;
/*!40101 SET character_set_client = @saved_cs_client */;

--
-- Dumping data for table `team_assign_department`
--

LOCK TABLES `team_assign_department` WRITE;
/*!40000 ALTER TABLE `team_assign_department` DISABLE KEYS */;
/*!40000 ALTER TABLE `team_assign_department` ENABLE KEYS */;
UNLOCK TABLES;

--
-- Table structure for table `team_department`
--

DROP TABLE IF EXISTS `team_department`;
/*!40101 SET @saved_cs_client     = @@character_set_client */;
/*!40101 SET character_set_client = utf8 */;
CREATE TABLE `team_department` (
  `id` bigint(20) unsigned NOT NULL AUTO_INCREMENT,
  `team_id` int(10) unsigned NOT NULL,
  `department_id` int(10) unsigned NOT NULL,
  `created_at` timestamp NULL DEFAULT NULL,
  `updated_at` timestamp NULL DEFAULT NULL,
  PRIMARY KEY (`id`),
  KEY `team_department_team_id_foreign` (`team_id`),
  KEY `team_department_department_id_foreign` (`department_id`),
  CONSTRAINT `team_department_department_id_foreign` FOREIGN KEY (`department_id`) REFERENCES `department` (`id`),
  CONSTRAINT `team_department_team_id_foreign` FOREIGN KEY (`team_id`) REFERENCES `teams` (`id`)
) ENGINE=InnoDB DEFAULT CHARSET=utf8mb3 COLLATE=utf8mb3_unicode_ci;
/*!40101 SET character_set_client = @saved_cs_client */;

--
-- Dumping data for table `team_department`
--

LOCK TABLES `team_department` WRITE;
/*!40000 ALTER TABLE `team_department` DISABLE KEYS */;
/*!40000 ALTER TABLE `team_department` ENABLE KEYS */;
UNLOCK TABLES;

--
-- Table structure for table `teams`
--

DROP TABLE IF EXISTS `teams`;
/*!40101 SET @saved_cs_client     = @@character_set_client */;
/*!40101 SET character_set_client = utf8 */;
CREATE TABLE `teams` (
  `id` int(10) unsigned NOT NULL AUTO_INCREMENT,
  `name` varchar(255) NOT NULL,
  `status` tinyint(1) NOT NULL,
  `team_lead_id` int(10) unsigned DEFAULT NULL,
  `assign_alert` tinyint(1) NOT NULL,
  `admin_notes` varchar(255) NOT NULL,
  `created_at` timestamp NULL DEFAULT NULL,
  `updated_at` timestamp NULL DEFAULT NULL,
  `under_deletion` tinyint(1) NOT NULL DEFAULT 0,
  PRIMARY KEY (`id`),
  KEY `team_lead` (`team_lead_id`),
  CONSTRAINT `teams_ibfk_1` FOREIGN KEY (`team_lead_id`) REFERENCES `users` (`id`) ON UPDATE NO ACTION
) ENGINE=InnoDB AUTO_INCREMENT=4 DEFAULT CHARSET=utf8mb3 COLLATE=utf8mb3_unicode_ci;
/*!40101 SET character_set_client = @saved_cs_client */;

--
-- Dumping data for table `teams`
--

LOCK TABLES `teams` WRITE;
/*!40000 ALTER TABLE `teams` DISABLE KEYS */;
INSERT INTO `teams` VALUES (1,'Level 1 Support',1,NULL,0,'','2024-10-24 03:58:32','2024-10-24 03:58:32',0),(2,'Level 2 Support',0,NULL,0,'','2024-10-24 03:58:32','2024-10-24 03:58:32',0),(3,'Developer',0,NULL,0,'','2024-10-24 03:58:32','2024-10-24 03:58:32',0);
/*!40000 ALTER TABLE `teams` ENABLE KEYS */;
UNLOCK TABLES;

--
-- Table structure for table `template_types`
--

DROP TABLE IF EXISTS `template_types`;
/*!40101 SET @saved_cs_client     = @@character_set_client */;
/*!40101 SET character_set_client = utf8 */;
CREATE TABLE `template_types` (
  `id` int(10) unsigned NOT NULL AUTO_INCREMENT,
  `name` varchar(255) NOT NULL,
  `created_at` timestamp NULL DEFAULT NULL,
  `updated_at` timestamp NULL DEFAULT NULL,
  `plugin_name` varchar(50) DEFAULT NULL,
  `template_category` varchar(30) DEFAULT NULL,
  PRIMARY KEY (`id`)
) ENGINE=InnoDB DEFAULT CHARSET=utf8mb3 COLLATE=utf8mb3_unicode_ci;
/*!40101 SET character_set_client = @saved_cs_client */;

--
-- Dumping data for table `template_types`
--

LOCK TABLES `template_types` WRITE;
/*!40000 ALTER TABLE `template_types` DISABLE KEYS */;
/*!40000 ALTER TABLE `template_types` ENABLE KEYS */;
UNLOCK TABLES;

--
-- Table structure for table `temporary_redaction`
--

DROP TABLE IF EXISTS `temporary_redaction`;
/*!40101 SET @saved_cs_client     = @@character_set_client */;
/*!40101 SET character_set_client = utf8 */;
CREATE TABLE `temporary_redaction` (
  `id` bigint(20) unsigned NOT NULL AUTO_INCREMENT,
  `ticket_thread_id` int(10) unsigned NOT NULL,
  `encrypted_string` blob NOT NULL,
  `created_at` timestamp NULL DEFAULT NULL,
  `updated_at` timestamp NULL DEFAULT NULL,
  PRIMARY KEY (`id`),
  KEY `temporary_redaction_ticket_thread_id_foreign` (`ticket_thread_id`),
  CONSTRAINT `temporary_redaction_ticket_thread_id_foreign` FOREIGN KEY (`ticket_thread_id`) REFERENCES `ticket_thread` (`id`)
) ENGINE=InnoDB DEFAULT CHARSET=utf8mb3 COLLATE=utf8mb3_unicode_ci;
/*!40101 SET character_set_client = @saved_cs_client */;

--
-- Dumping data for table `temporary_redaction`
--

LOCK TABLES `temporary_redaction` WRITE;
/*!40000 ALTER TABLE `temporary_redaction` DISABLE KEYS */;
/*!40000 ALTER TABLE `temporary_redaction` ENABLE KEYS */;
UNLOCK TABLES;

--
-- Table structure for table `third_party_applications`
--

DROP TABLE IF EXISTS `third_party_applications`;
/*!40101 SET @saved_cs_client     = @@character_set_client */;
/*!40101 SET character_set_client = utf8 */;
CREATE TABLE `third_party_applications` (
  `id` bigint(20) unsigned NOT NULL AUTO_INCREMENT,
  `name` varchar(255) NOT NULL,
  `access_token` text DEFAULT NULL,
  `full_access` tinyint(4) NOT NULL DEFAULT 0,
  `author_id` int(10) unsigned NOT NULL,
  `options` longtext CHARACTER SET utf8mb4 COLLATE utf8mb4_bin DEFAULT NULL CHECK (json_valid(`options`)),
  `created_at` timestamp NULL DEFAULT NULL,
  `updated_at` timestamp NULL DEFAULT NULL,
  PRIMARY KEY (`id`),
  KEY `third_party_applications_author_id_foreign` (`author_id`),
  CONSTRAINT `third_party_applications_author_id_foreign` FOREIGN KEY (`author_id`) REFERENCES `users` (`id`)
) ENGINE=InnoDB DEFAULT CHARSET=utf8mb3 COLLATE=utf8mb3_unicode_ci;
/*!40101 SET character_set_client = @saved_cs_client */;

--
-- Dumping data for table `third_party_applications`
--

LOCK TABLES `third_party_applications` WRITE;
/*!40000 ALTER TABLE `third_party_applications` DISABLE KEYS */;
/*!40000 ALTER TABLE `third_party_applications` ENABLE KEYS */;
UNLOCK TABLES;

--
-- Table structure for table `third_party_apps`
--

DROP TABLE IF EXISTS `third_party_apps`;
/*!40101 SET @saved_cs_client     = @@character_set_client */;
/*!40101 SET character_set_client = utf8 */;
CREATE TABLE `third_party_apps` (
  `id` bigint(20) unsigned NOT NULL AUTO_INCREMENT,
  `name` varchar(255) NOT NULL,
  `app_id` varchar(255) NOT NULL,
  `app_secret` varchar(255) NOT NULL,
  `app_url` varchar(255) NOT NULL,
  `authentication_endpoint` varchar(255) NOT NULL,
  `token_endpoint` varchar(255) NOT NULL,
  `identity_endpoint` varchar(255) NOT NULL,
  `login_label` varchar(255) NOT NULL,
  `scopes` varchar(255) DEFAULT NULL,
  `status` tinyint(1) NOT NULL DEFAULT 0,
  `created_at` timestamp NULL DEFAULT NULL,
  `updated_at` timestamp NULL DEFAULT NULL,
  `is_basic` tinyint(1) NOT NULL DEFAULT 0,
  `method` varchar(255) DEFAULT NULL,
  `argument_as` varchar(255) DEFAULT NULL,
  `basic_format` longtext CHARACTER SET utf8mb4 COLLATE utf8mb4_bin DEFAULT NULL CHECK (json_valid(`basic_format`)),
  PRIMARY KEY (`id`)
) ENGINE=InnoDB DEFAULT CHARSET=utf8mb3 COLLATE=utf8mb3_unicode_ci;
/*!40101 SET character_set_client = @saved_cs_client */;

--
-- Dumping data for table `third_party_apps`
--

LOCK TABLES `third_party_apps` WRITE;
/*!40000 ALTER TABLE `third_party_apps` DISABLE KEYS */;
/*!40000 ALTER TABLE `third_party_apps` ENABLE KEYS */;
UNLOCK TABLES;

--
-- Table structure for table `ticket_action_email_user`
--

DROP TABLE IF EXISTS `ticket_action_email_user`;
/*!40101 SET @saved_cs_client     = @@character_set_client */;
/*!40101 SET character_set_client = utf8 */;
CREATE TABLE `ticket_action_email_user` (
  `id` int(10) unsigned NOT NULL AUTO_INCREMENT,
  `ticket_action_email_id` int(10) unsigned NOT NULL,
  `user_id` int(10) unsigned NOT NULL,
  `created_at` timestamp NULL DEFAULT NULL,
  `updated_at` timestamp NULL DEFAULT NULL,
  PRIMARY KEY (`id`)
) ENGINE=InnoDB DEFAULT CHARSET=utf8mb3 COLLATE=utf8mb3_unicode_ci;
/*!40101 SET character_set_client = @saved_cs_client */;

--
-- Dumping data for table `ticket_action_email_user`
--

LOCK TABLES `ticket_action_email_user` WRITE;
/*!40000 ALTER TABLE `ticket_action_email_user` DISABLE KEYS */;
/*!40000 ALTER TABLE `ticket_action_email_user` ENABLE KEYS */;
UNLOCK TABLES;

--
-- Table structure for table `ticket_action_emails`
--

DROP TABLE IF EXISTS `ticket_action_emails`;
/*!40101 SET @saved_cs_client     = @@character_set_client */;
/*!40101 SET character_set_client = utf8 */;
CREATE TABLE `ticket_action_emails` (
  `id` int(10) unsigned NOT NULL AUTO_INCREMENT,
  `subject` varchar(255) NOT NULL,
  `body` text NOT NULL,
  `ticket_action_id` int(10) unsigned NOT NULL,
  `created_at` timestamp NULL DEFAULT NULL,
  `updated_at` timestamp NULL DEFAULT NULL,
  PRIMARY KEY (`id`)
) ENGINE=InnoDB DEFAULT CHARSET=utf8mb3 COLLATE=utf8mb3_unicode_ci;
/*!40101 SET character_set_client = @saved_cs_client */;

--
-- Dumping data for table `ticket_action_emails`
--

LOCK TABLES `ticket_action_emails` WRITE;
/*!40000 ALTER TABLE `ticket_action_emails` DISABLE KEYS */;
/*!40000 ALTER TABLE `ticket_action_emails` ENABLE KEYS */;
UNLOCK TABLES;

--
-- Table structure for table `ticket_actions`
--

DROP TABLE IF EXISTS `ticket_actions`;
/*!40101 SET @saved_cs_client     = @@character_set_client */;
/*!40101 SET character_set_client = utf8 */;
CREATE TABLE `ticket_actions` (
  `id` int(10) unsigned NOT NULL AUTO_INCREMENT,
  `reference_id` int(10) unsigned DEFAULT NULL,
  `reference_type` varchar(255) DEFAULT NULL,
  `field` varchar(255) DEFAULT NULL,
  `value` varchar(255) DEFAULT NULL,
  `created_at` timestamp NULL DEFAULT NULL,
  `updated_at` timestamp NULL DEFAULT NULL,
  PRIMARY KEY (`id`)
) ENGINE=InnoDB DEFAULT CHARSET=utf8mb3 COLLATE=utf8mb3_unicode_ci;
/*!40101 SET character_set_client = @saved_cs_client */;

--
-- Dumping data for table `ticket_actions`
--

LOCK TABLES `ticket_actions` WRITE;
/*!40000 ALTER TABLE `ticket_actions` DISABLE KEYS */;
/*!40000 ALTER TABLE `ticket_actions` ENABLE KEYS */;
UNLOCK TABLES;

--
-- Table structure for table `ticket_activity_logs`
--

DROP TABLE IF EXISTS `ticket_activity_logs`;
/*!40101 SET @saved_cs_client     = @@character_set_client */;
/*!40101 SET character_set_client = utf8 */;
CREATE TABLE `ticket_activity_logs` (
  `id` bigint(20) unsigned NOT NULL AUTO_INCREMENT,
  `ticket_id` int(11) DEFAULT NULL,
  `field` varchar(255) NOT NULL,
  `action_taker_id` int(11) DEFAULT NULL,
  `action_taker_type` varchar(255) NOT NULL,
  `value` varchar(500) DEFAULT NULL,
  `created_at` timestamp NULL DEFAULT NULL,
  `updated_at` timestamp NULL DEFAULT NULL,
  `parent_id` bigint(20) DEFAULT NULL,
  `category` varchar(100) NOT NULL,
  `identifier` varchar(255) DEFAULT NULL,
  PRIMARY KEY (`id`),
  KEY `ticket_activity_logs_ticket_id_index` (`ticket_id`),
  KEY `field` (`field`),
  KEY `value` (`value`),
  KEY `field_2` (`field`),
  KEY `value_2` (`value`),
  KEY `ticket_activity_logs_parent_id_index` (`parent_id`)
) ENGINE=InnoDB DEFAULT CHARSET=utf8mb3 COLLATE=utf8mb3_unicode_ci;
/*!40101 SET character_set_client = @saved_cs_client */;

--
-- Dumping data for table `ticket_activity_logs`
--

LOCK TABLES `ticket_activity_logs` WRITE;
/*!40000 ALTER TABLE `ticket_activity_logs` DISABLE KEYS */;
/*!40000 ALTER TABLE `ticket_activity_logs` ENABLE KEYS */;
UNLOCK TABLES;

--
-- Table structure for table `ticket_archive_database_setting`
--

DROP TABLE IF EXISTS `ticket_archive_database_setting`;
/*!40101 SET @saved_cs_client     = @@character_set_client */;
/*!40101 SET character_set_client = utf8 */;
CREATE TABLE `ticket_archive_database_setting` (
  `id` bigint(20) unsigned NOT NULL AUTO_INCREMENT,
  `backup_db_host` varchar(255) NOT NULL,
  `backup_db_database` varchar(255) NOT NULL,
  `backup_db_username` varchar(255) NOT NULL,
  `backup_db_password` varchar(255) NOT NULL,
  `backup_db_port` varchar(255) NOT NULL,
  `created_at` timestamp NULL DEFAULT NULL,
  `updated_at` timestamp NULL DEFAULT NULL,
  PRIMARY KEY (`id`)
) ENGINE=InnoDB DEFAULT CHARSET=utf8mb3 COLLATE=utf8mb3_unicode_ci;
/*!40101 SET character_set_client = @saved_cs_client */;

--
-- Dumping data for table `ticket_archive_database_setting`
--

LOCK TABLES `ticket_archive_database_setting` WRITE;
/*!40000 ALTER TABLE `ticket_archive_database_setting` DISABLE KEYS */;
/*!40000 ALTER TABLE `ticket_archive_database_setting` ENABLE KEYS */;
UNLOCK TABLES;

--
-- Table structure for table `ticket_attachment`
--

DROP TABLE IF EXISTS `ticket_attachment`;
/*!40101 SET @saved_cs_client     = @@character_set_client */;
/*!40101 SET character_set_client = utf8 */;
CREATE TABLE `ticket_attachment` (
  `id` int(10) unsigned NOT NULL AUTO_INCREMENT,
  `name` varchar(255) NOT NULL,
  `thread_id` int(10) unsigned DEFAULT NULL,
  `size` varchar(255) NOT NULL,
  `type` varchar(255) NOT NULL,
  `poster` varchar(255) NOT NULL,
  `created_at` timestamp NULL DEFAULT NULL,
  `updated_at` timestamp NULL DEFAULT NULL,
  `file` mediumblob DEFAULT NULL,
  `content_id` varchar(255) DEFAULT NULL,
  PRIMARY KEY (`id`),
  KEY `thread_id` (`thread_id`),
  CONSTRAINT `ticket_attachment_ibfk_1` FOREIGN KEY (`thread_id`) REFERENCES `ticket_thread` (`id`) ON UPDATE NO ACTION
) ENGINE=InnoDB DEFAULT CHARSET=utf8mb3 COLLATE=utf8mb3_unicode_ci;
/*!40101 SET character_set_client = @saved_cs_client */;

--
-- Dumping data for table `ticket_attachment`
--

LOCK TABLES `ticket_attachment` WRITE;
/*!40000 ALTER TABLE `ticket_attachment` DISABLE KEYS */;
/*!40000 ALTER TABLE `ticket_attachment` ENABLE KEYS */;
UNLOCK TABLES;

--
-- Table structure for table `ticket_collaborator`
--

DROP TABLE IF EXISTS `ticket_collaborator`;
/*!40101 SET @saved_cs_client     = @@character_set_client */;
/*!40101 SET character_set_client = utf8 */;
CREATE TABLE `ticket_collaborator` (
  `id` int(10) unsigned NOT NULL AUTO_INCREMENT,
  `isactive` tinyint(1) NOT NULL,
  `ticket_id` int(10) unsigned DEFAULT NULL,
  `user_id` int(10) unsigned DEFAULT NULL,
  `role` varchar(255) NOT NULL,
  `created_at` timestamp NULL DEFAULT NULL,
  `updated_at` timestamp NULL DEFAULT NULL,
  PRIMARY KEY (`id`),
  KEY `ticket_id` (`ticket_id`),
  KEY `user_id` (`user_id`),
  CONSTRAINT `ticket_collaborator_ibfk_1` FOREIGN KEY (`ticket_id`) REFERENCES `tickets` (`id`) ON UPDATE NO ACTION,
  CONSTRAINT `ticket_collaborator_ibfk_2` FOREIGN KEY (`user_id`) REFERENCES `users` (`id`) ON UPDATE NO ACTION
) ENGINE=InnoDB DEFAULT CHARSET=utf8mb3 COLLATE=utf8mb3_unicode_ci;
/*!40101 SET character_set_client = @saved_cs_client */;

--
-- Dumping data for table `ticket_collaborator`
--

LOCK TABLES `ticket_collaborator` WRITE;
/*!40000 ALTER TABLE `ticket_collaborator` DISABLE KEYS */;
/*!40000 ALTER TABLE `ticket_collaborator` ENABLE KEYS */;
UNLOCK TABLES;

--
-- Table structure for table `ticket_department_time_trackings`
--

DROP TABLE IF EXISTS `ticket_department_time_trackings`;
/*!40101 SET @saved_cs_client     = @@character_set_client */;
/*!40101 SET character_set_client = utf8 */;
CREATE TABLE `ticket_department_time_trackings` (
  `id` bigint(20) unsigned NOT NULL AUTO_INCREMENT,
  `ticket_id` int(10) unsigned NOT NULL,
  `dept_id` int(10) unsigned NOT NULL,
  `started_at` datetime DEFAULT NULL,
  `ended_at` datetime DEFAULT NULL,
  `created_at` timestamp NULL DEFAULT NULL,
  `updated_at` timestamp NULL DEFAULT NULL,
  PRIMARY KEY (`id`),
  KEY `ticket_department_time_trackings_ticket_id_foreign` (`ticket_id`),
  KEY `ticket_department_time_trackings_dept_id_foreign` (`dept_id`),
  CONSTRAINT `ticket_department_time_trackings_dept_id_foreign` FOREIGN KEY (`dept_id`) REFERENCES `department` (`id`),
  CONSTRAINT `ticket_department_time_trackings_ticket_id_foreign` FOREIGN KEY (`ticket_id`) REFERENCES `tickets` (`id`)
) ENGINE=InnoDB DEFAULT CHARSET=utf8mb3 COLLATE=utf8mb3_unicode_ci;
/*!40101 SET character_set_client = @saved_cs_client */;

--
-- Dumping data for table `ticket_department_time_trackings`
--

LOCK TABLES `ticket_department_time_trackings` WRITE;
/*!40000 ALTER TABLE `ticket_department_time_trackings` DISABLE KEYS */;
/*!40000 ALTER TABLE `ticket_department_time_trackings` ENABLE KEYS */;
UNLOCK TABLES;

--
-- Table structure for table `ticket_events`
--

DROP TABLE IF EXISTS `ticket_events`;
/*!40101 SET @saved_cs_client     = @@character_set_client */;
/*!40101 SET character_set_client = utf8 */;
CREATE TABLE `ticket_events` (
  `id` int(10) unsigned NOT NULL AUTO_INCREMENT,
  `field` varchar(255) NOT NULL,
  `from` int(10) unsigned DEFAULT NULL,
  `to` int(10) unsigned DEFAULT NULL,
  `ticket_listener_id` int(10) unsigned NOT NULL,
  `created_at` timestamp NULL DEFAULT NULL,
  `updated_at` timestamp NULL DEFAULT NULL,
  PRIMARY KEY (`id`)
) ENGINE=InnoDB DEFAULT CHARSET=utf8mb3 COLLATE=utf8mb3_unicode_ci;
/*!40101 SET character_set_client = @saved_cs_client */;

--
-- Dumping data for table `ticket_events`
--

LOCK TABLES `ticket_events` WRITE;
/*!40000 ALTER TABLE `ticket_events` DISABLE KEYS */;
/*!40000 ALTER TABLE `ticket_events` ENABLE KEYS */;
UNLOCK TABLES;

--
-- Table structure for table `ticket_filter_meta`
--

DROP TABLE IF EXISTS `ticket_filter_meta`;
/*!40101 SET @saved_cs_client     = @@character_set_client */;
/*!40101 SET character_set_client = utf8 */;
CREATE TABLE `ticket_filter_meta` (
  `id` int(10) unsigned NOT NULL AUTO_INCREMENT,
  `ticket_filter_id` int(10) unsigned NOT NULL,
  `key` varchar(255) NOT NULL,
  `value_meta` longtext NOT NULL,
  `value` longtext NOT NULL,
  PRIMARY KEY (`id`),
  KEY `ticket_filter_meta_ticket_filter_id_foreign` (`ticket_filter_id`),
  CONSTRAINT `ticket_filter_meta_ticket_filter_id_foreign` FOREIGN KEY (`ticket_filter_id`) REFERENCES `ticket_filters` (`id`)
) ENGINE=InnoDB AUTO_INCREMENT=38 DEFAULT CHARSET=utf8mb3 COLLATE=utf8mb3_unicode_ci;
/*!40101 SET character_set_client = @saved_cs_client */;

--
-- Dumping data for table `ticket_filter_meta`
--

LOCK TABLES `ticket_filter_meta` WRITE;
/*!40000 ALTER TABLE `ticket_filter_meta` DISABLE KEYS */;
INSERT INTO `ticket_filter_meta` VALUES (1,1,'created-at','','s:12:\"last::60~day\";'),(2,2,'created-at','','s:12:\"last::60~day\";'),(3,3,'created-at','','s:12:\"last::30~day\";'),(4,4,'created-at','','s:12:\"last::60~day\";'),(5,5,'created-at','','s:12:\"last::60~day\";'),(6,6,'created-at','','s:12:\"last::60~day\";'),(7,7,'created-at','','s:12:\"last::60~day\";'),(8,8,'created-at','','s:12:\"last::60~day\";'),(9,9,'category','','s:5:\"inbox\";'),(10,10,'category','','s:6:\"closed\";'),(11,11,'created-at','','s:12:\"last::30~day\";'),(12,12,'category','','s:5:\"inbox\";'),(13,13,'category','','s:7:\"overdue\";'),(14,14,'category','','s:10:\"unassigned\";'),(15,15,'category','','s:5:\"inbox\";'),(16,15,'answered','','s:1:\"0\";'),(17,16,'category','','s:5:\"inbox\";'),(18,17,'category','','s:7:\"overdue\";'),(19,18,'category','','s:10:\"unassigned\";'),(20,19,'category','','s:5:\"inbox\";'),(21,19,'answered','','s:1:\"0\";'),(22,20,'category','','s:9:\"mytickets\";'),(23,21,'category','','s:20:\"waiting-for-approval\";'),(24,22,'assignee-ids','','a:0:{}'),(25,22,'due-on','','s:11:\"next::1~day\";'),(26,23,'category','','s:10:\"unapproved\";'),(27,24,'category','','s:6:\"closed\";'),(28,25,'category','','s:4:\"spam\";'),(29,26,'category','','s:7:\"deleted\";'),(30,27,'category','','s:9:\"mytickets\";'),(31,28,'category','','s:20:\"waiting-for-approval\";'),(32,29,'assignee-ids','','a:1:{i:0;i:1;}'),(33,29,'due-on','','s:11:\"next::1~day\";'),(34,30,'category','','s:10:\"unapproved\";'),(35,31,'category','','s:6:\"closed\";'),(36,32,'category','','s:4:\"spam\";'),(37,33,'category','','s:7:\"deleted\";');
/*!40000 ALTER TABLE `ticket_filter_meta` ENABLE KEYS */;
UNLOCK TABLES;

--
-- Table structure for table `ticket_filter_shareables`
--

DROP TABLE IF EXISTS `ticket_filter_shareables`;
/*!40101 SET @saved_cs_client     = @@character_set_client */;
/*!40101 SET character_set_client = utf8 */;
CREATE TABLE `ticket_filter_shareables` (
  `id` int(10) unsigned NOT NULL AUTO_INCREMENT,
  `ticket_filter_id` int(10) unsigned NOT NULL,
  `ticket_filter_shareable_id` int(10) unsigned NOT NULL,
  `ticket_filter_shareable_type` varchar(255) NOT NULL,
  PRIMARY KEY (`id`)
) ENGINE=InnoDB DEFAULT CHARSET=utf8mb3 COLLATE=utf8mb3_unicode_ci;
/*!40101 SET character_set_client = @saved_cs_client */;

--
-- Dumping data for table `ticket_filter_shareables`
--

LOCK TABLES `ticket_filter_shareables` WRITE;
/*!40000 ALTER TABLE `ticket_filter_shareables` DISABLE KEYS */;
/*!40000 ALTER TABLE `ticket_filter_shareables` ENABLE KEYS */;
UNLOCK TABLES;

--
-- Table structure for table `ticket_filters`
--

DROP TABLE IF EXISTS `ticket_filters`;
/*!40101 SET @saved_cs_client     = @@character_set_client */;
/*!40101 SET character_set_client = utf8 */;
CREATE TABLE `ticket_filters` (
  `id` int(10) unsigned NOT NULL AUTO_INCREMENT,
  `name` varchar(255) NOT NULL,
  `status` tinyint(1) NOT NULL,
  `user_id` int(10) unsigned DEFAULT NULL,
  `created_at` timestamp NULL DEFAULT NULL,
  `updated_at` timestamp NULL DEFAULT NULL,
  `parent_id` int(11) DEFAULT NULL,
  `parent_type` varchar(255) DEFAULT NULL,
  `display_on_dashboard` tinyint(1) DEFAULT NULL,
  `icon_class` varchar(30) DEFAULT NULL,
  `icon_color` varchar(30) DEFAULT NULL,
  `type` varchar(255) NOT NULL DEFAULT 'agent',
  `is_default` tinyint(1) NOT NULL DEFAULT 0,
  `display_on_navigation_bar` tinyint(1) DEFAULT NULL,
  `is_deletable` tinyint(1) DEFAULT NULL,
  `source` varchar(255) NOT NULL,
  `display_order` int(11) DEFAULT NULL,
  PRIMARY KEY (`id`),
  KEY `ticket_filters_user_id_foreign` (`user_id`),
  CONSTRAINT `ticket_filters_user_id_foreign` FOREIGN KEY (`user_id`) REFERENCES `users` (`id`)
) ENGINE=InnoDB AUTO_INCREMENT=34 DEFAULT CHARSET=utf8mb3 COLLATE=utf8mb3_unicode_ci;
/*!40101 SET character_set_client = @saved_cs_client */;

--
-- Dumping data for table `ticket_filters`
--

LOCK TABLES `ticket_filters` WRITE;
/*!40000 ALTER TABLE `ticket_filters` DISABLE KEYS */;
INSERT INTO `ticket_filters` VALUES (1,'',1,NULL,'2024-10-24 03:58:34','2024-10-24 03:58:34',1,'App\\FaveoReport\\Models\\Report',NULL,NULL,NULL,'agent',0,NULL,NULL,'',NULL),(2,'',1,NULL,'2024-10-24 03:58:34','2024-10-24 03:58:34',2,'App\\FaveoReport\\Models\\Report',NULL,NULL,NULL,'agent',0,NULL,NULL,'',NULL),(3,'',1,NULL,'2024-10-24 03:58:34','2024-10-24 03:58:34',3,'App\\FaveoReport\\Models\\Report',NULL,NULL,NULL,'agent',0,NULL,NULL,'',NULL),(4,'',1,NULL,'2024-10-24 03:58:34','2024-10-24 03:58:34',4,'App\\FaveoReport\\Models\\Report',NULL,NULL,NULL,'agent',0,NULL,NULL,'',NULL),(5,'',1,NULL,'2024-10-24 03:58:34','2024-10-24 03:58:34',5,'App\\FaveoReport\\Models\\Report',NULL,NULL,NULL,'agent',0,NULL,NULL,'',NULL),(6,'',1,NULL,'2024-10-24 03:58:34','2024-10-24 03:58:34',6,'App\\FaveoReport\\Models\\Report',NULL,NULL,NULL,'agent',0,NULL,NULL,'',NULL),(7,'',1,NULL,'2024-10-24 03:58:34','2024-10-24 03:58:34',7,'App\\FaveoReport\\Models\\Report',NULL,NULL,NULL,'agent',0,NULL,NULL,'',NULL),(8,'',1,NULL,'2024-10-24 03:58:34','2024-10-24 03:58:34',8,'App\\FaveoReport\\Models\\Report',NULL,NULL,NULL,'agent',0,NULL,NULL,'',NULL),(9,'Open',1,NULL,'2024-10-24 03:58:37','2024-10-24 03:58:40',NULL,NULL,NULL,'fas fa-inbox','#000','admin',1,NULL,NULL,'',NULL),(10,'Closed',1,NULL,'2024-10-24 03:58:37','2024-10-24 03:58:40',NULL,NULL,NULL,'fa fa-minus-circle','#000','admin',1,NULL,NULL,'',NULL),(11,'',1,NULL,'2024-10-24 03:58:38','2024-10-24 03:58:38',10,'App\\FaveoReport\\Models\\Report',NULL,NULL,NULL,'agent',0,NULL,NULL,'',NULL),(12,'open_tickets',0,NULL,NULL,'2024-10-24 03:58:41',NULL,NULL,1,'fas fa-inbox','#007bff','system',1,1,0,'open_tickets',1),(13,'overdue_tickets',0,NULL,NULL,'2024-10-24 03:58:41',NULL,NULL,1,'far fa-calendar-times','#dd4b39','system',1,1,1,'overdue_tickets',4),(14,'unassigned_tickets',0,NULL,NULL,'2024-10-24 03:58:41',NULL,NULL,1,'fas fa-user-times','#f39c12','system',1,1,1,'unassigned_tickets',3),(15,'unanswered_tickets',0,NULL,NULL,'2024-10-24 03:58:41',NULL,NULL,1,'fas fa-reply','#00c0ef','system',1,1,1,'unanswered_tickets',5),(16,'Open Tickets',0,1,'2024-10-24 03:58:41','2024-10-24 03:58:41',NULL,NULL,1,'fas fa-inbox','#007bff','agent',1,1,0,'open_tickets',1),(17,'Overdue Tickets',0,1,'2024-10-24 03:58:41','2024-10-24 03:58:41',NULL,NULL,1,'far fa-calendar-times','#dd4b39','agent',1,1,1,'overdue_tickets',4),(18,'Unassigned Tickets ',0,1,'2024-10-24 03:58:41','2024-10-24 03:58:41',NULL,NULL,1,'fas fa-user-times','#f39c12','agent',1,1,1,'unassigned_tickets',3),(19,'Unanswered Tickets',0,1,'2024-10-24 03:58:41','2024-10-24 03:58:41',NULL,NULL,1,'fas fa-reply','#00c0ef','agent',1,1,1,'unanswered_tickets',5),(20,'my_tickets',0,NULL,NULL,'2024-10-24 03:58:41',NULL,NULL,1,'fas fa-inbox','#007bff','system',1,1,1,'my_tickets',2),(21,'my_pending_approvals',0,NULL,NULL,'2024-10-24 03:58:41',NULL,NULL,1,'far fa-clock','#00c0ef','system',1,1,1,'my_pending_approvals',7),(22,'my_due_today_tickets',0,NULL,NULL,'2024-10-24 03:58:41',NULL,NULL,1,'far fa-calendar-times','#f39c12','system',1,0,1,'my_due_today_tickets',1),(23,'unapproved_tickets',0,NULL,NULL,'2024-10-24 03:58:41',NULL,NULL,0,'fas fa-clock','#00c0ef','system',1,1,1,'unapproved_tickets',6),(24,'closed_tickets',0,NULL,NULL,'2024-10-24 03:58:41',NULL,NULL,0,'fas fa-minus-circle','#00c0ef','system',1,1,1,'closed_tickets',8),(25,'spam',0,NULL,NULL,'2024-10-24 03:58:41',NULL,NULL,0,'fas fa-exclamation-triangle','#00c0ef','system',1,1,1,'spam',9),(26,'trash',0,NULL,NULL,'2024-10-24 03:58:41',NULL,NULL,0,'fas fa-trash','#00c0ef','system',1,1,1,'trash',10),(27,'My Tickets',0,1,'2024-10-24 03:58:41','2024-10-24 03:58:41',NULL,NULL,1,'fas fa-inbox','#007bff','agent',1,1,1,'my_tickets',2),(28,'My Pending Approvals ',0,1,'2024-10-24 03:58:41','2024-10-24 03:58:41',NULL,NULL,1,'far fa-clock','#00c0ef','agent',1,1,1,'my_pending_approvals',7),(29,'My Due Today Tickets ',0,1,'2024-10-24 03:58:41','2024-10-24 03:58:41',NULL,NULL,1,'far fa-calendar-times','#f39c12','agent',1,0,1,'my_due_today_tickets',1),(30,'Unapproved Tickets',0,1,'2024-10-24 03:58:41','2024-10-24 03:58:41',NULL,NULL,0,'fas fa-clock','#00c0ef','agent',1,1,1,'unapproved_tickets',6),(31,'Closed Tickets',0,1,'2024-10-24 03:58:41','2024-10-24 03:58:41',NULL,NULL,0,'fas fa-minus-circle','#00c0ef','agent',1,1,1,'closed_tickets',8),(32,'Spam',0,1,'2024-10-24 03:58:41','2024-10-24 03:58:41',NULL,NULL,0,'fas fa-exclamation-triangle','#00c0ef','agent',1,1,1,'spam',9),(33,'Trash',0,1,'2024-10-24 03:58:41','2024-10-24 03:58:41',NULL,NULL,0,'fas fa-trash','#00c0ef','agent',1,1,1,'trash',10);
/*!40000 ALTER TABLE `ticket_filters` ENABLE KEYS */;
UNLOCK TABLES;

--
-- Table structure for table `ticket_form_data`
--

DROP TABLE IF EXISTS `ticket_form_data`;
/*!40101 SET @saved_cs_client     = @@character_set_client */;
/*!40101 SET character_set_client = utf8 */;
CREATE TABLE `ticket_form_data` (
  `id` int(10) unsigned NOT NULL AUTO_INCREMENT,
  `ticket_id` int(10) unsigned DEFAULT NULL,
  `title` text NOT NULL,
  `content` text NOT NULL,
  `created_at` timestamp NULL DEFAULT NULL,
  `updated_at` timestamp NULL DEFAULT NULL,
  `key` varchar(255) NOT NULL,
  PRIMARY KEY (`id`),
  KEY `ticket_id` (`ticket_id`),
  CONSTRAINT `ticket_form_data_ibfk_1` FOREIGN KEY (`ticket_id`) REFERENCES `tickets` (`id`) ON UPDATE NO ACTION
) ENGINE=InnoDB DEFAULT CHARSET=utf8mb3 COLLATE=utf8mb3_unicode_ci;
/*!40101 SET character_set_client = @saved_cs_client */;

--
-- Dumping data for table `ticket_form_data`
--

LOCK TABLES `ticket_form_data` WRITE;
/*!40000 ALTER TABLE `ticket_form_data` DISABLE KEYS */;
/*!40000 ALTER TABLE `ticket_form_data` ENABLE KEYS */;
UNLOCK TABLES;

--
-- Table structure for table `ticket_listeners`
--

DROP TABLE IF EXISTS `ticket_listeners`;
/*!40101 SET @saved_cs_client     = @@character_set_client */;
/*!40101 SET character_set_client = utf8 */;
CREATE TABLE `ticket_listeners` (
  `id` int(10) unsigned NOT NULL AUTO_INCREMENT,
  `name` varchar(255) NOT NULL,
  `triggered_by` varchar(255) NOT NULL,
  `status` tinyint(1) NOT NULL,
  `order` int(11) NOT NULL,
  `matcher` varchar(255) NOT NULL,
  `created_at` timestamp NULL DEFAULT NULL,
  `updated_at` timestamp NULL DEFAULT NULL,
  `internal_notes` varchar(255) NOT NULL,
  `target` varchar(255) NOT NULL,
  `category_type` varchar(255) NOT NULL DEFAULT 'ticket',
  PRIMARY KEY (`id`)
) ENGINE=InnoDB DEFAULT CHARSET=utf8mb3 COLLATE=utf8mb3_unicode_ci;
/*!40101 SET character_set_client = @saved_cs_client */;

--
-- Dumping data for table `ticket_listeners`
--

LOCK TABLES `ticket_listeners` WRITE;
/*!40000 ALTER TABLE `ticket_listeners` DISABLE KEYS */;
/*!40000 ALTER TABLE `ticket_listeners` ENABLE KEYS */;
UNLOCK TABLES;

--
-- Table structure for table `ticket_mentions`
--

DROP TABLE IF EXISTS `ticket_mentions`;
/*!40101 SET @saved_cs_client     = @@character_set_client */;
/*!40101 SET character_set_client = utf8 */;
CREATE TABLE `ticket_mentions` (
  `id` bigint(20) unsigned NOT NULL AUTO_INCREMENT,
  `ticket_id` int(11) DEFAULT NULL,
  `mention_id` varchar(255) DEFAULT NULL,
  `mention_type` varchar(255) DEFAULT NULL,
  `channel_id` varchar(255) DEFAULT NULL,
  `created_at` timestamp NULL DEFAULT NULL,
  `updated_at` timestamp NULL DEFAULT NULL,
  PRIMARY KEY (`id`)
) ENGINE=InnoDB DEFAULT CHARSET=utf8mb3 COLLATE=utf8mb3_unicode_ci;
/*!40101 SET character_set_client = @saved_cs_client */;

--
-- Dumping data for table `ticket_mentions`
--

LOCK TABLES `ticket_mentions` WRITE;
/*!40000 ALTER TABLE `ticket_mentions` DISABLE KEYS */;
/*!40000 ALTER TABLE `ticket_mentions` ENABLE KEYS */;
UNLOCK TABLES;

--
-- Table structure for table `ticket_pdf_templates`
--

DROP TABLE IF EXISTS `ticket_pdf_templates`;
/*!40101 SET @saved_cs_client     = @@character_set_client */;
/*!40101 SET character_set_client = utf8 */;
CREATE TABLE `ticket_pdf_templates` (
  `id` bigint(20) unsigned NOT NULL AUTO_INCREMENT,
  `name` varchar(255) NOT NULL,
  `template` text NOT NULL,
  `maximum_logs` bigint(20) NOT NULL DEFAULT 50,
  `created_at` timestamp NULL DEFAULT NULL,
  `updated_at` timestamp NULL DEFAULT NULL,
  PRIMARY KEY (`id`)
) ENGINE=InnoDB DEFAULT CHARSET=utf8mb3 COLLATE=utf8mb3_unicode_ci;
/*!40101 SET character_set_client = @saved_cs_client */;

--
-- Dumping data for table `ticket_pdf_templates`
--

LOCK TABLES `ticket_pdf_templates` WRITE;
/*!40000 ALTER TABLE `ticket_pdf_templates` DISABLE KEYS */;
/*!40000 ALTER TABLE `ticket_pdf_templates` ENABLE KEYS */;
UNLOCK TABLES;

--
-- Table structure for table `ticket_priority`
--

DROP TABLE IF EXISTS `ticket_priority`;
/*!40101 SET @saved_cs_client     = @@character_set_client */;
/*!40101 SET character_set_client = utf8 */;
CREATE TABLE `ticket_priority` (
  `id` int(10) unsigned NOT NULL AUTO_INCREMENT,
  `name` varchar(255) NOT NULL,
  `status` tinyint(1) NOT NULL,
  `priority_desc` varchar(255) NOT NULL,
  `priority_color` varchar(255) NOT NULL,
  `priority_urgency` tinyint(1) NOT NULL,
  `ispublic` tinyint(1) NOT NULL,
  `is_default` tinyint(1) NOT NULL,
  `created_at` timestamp NULL DEFAULT NULL,
  `updated_at` timestamp NULL DEFAULT NULL,
  `under_deletion` tinyint(1) NOT NULL DEFAULT 0,
  PRIMARY KEY (`id`)
) ENGINE=InnoDB AUTO_INCREMENT=5 DEFAULT CHARSET=utf8mb3 COLLATE=utf8mb3_unicode_ci;
/*!40101 SET character_set_client = @saved_cs_client */;

--
-- Dumping data for table `ticket_priority`
--

LOCK TABLES `ticket_priority` WRITE;
/*!40000 ALTER TABLE `ticket_priority` DISABLE KEYS */;
INSERT INTO `ticket_priority` VALUES (1,'Low',1,'Low','#00a65a',4,1,0,'2024-10-24 03:58:32','2024-10-24 03:58:32',0),(2,'Normal',1,'Normal','#00bfef',3,1,1,'2024-10-24 03:58:32','2024-10-24 03:58:32',0),(3,'High',1,'High','#f39c11',2,1,0,'2024-10-24 03:58:32','2024-10-24 03:58:32',0),(4,'Emergency',1,'Emergency','#dd4b38',1,1,0,'2024-10-24 03:58:32','2024-10-24 03:58:32',0);
/*!40000 ALTER TABLE `ticket_priority` ENABLE KEYS */;
UNLOCK TABLES;

--
-- Table structure for table `ticket_reminders`
--

DROP TABLE IF EXISTS `ticket_reminders`;
/*!40101 SET @saved_cs_client     = @@character_set_client */;
/*!40101 SET character_set_client = utf8 */;
CREATE TABLE `ticket_reminders` (
  `id` bigint(20) unsigned NOT NULL AUTO_INCREMENT,
  `ticket_id` int(10) unsigned DEFAULT NULL,
  `reminders_count` int(11) NOT NULL DEFAULT 0,
  `reminder_sent_at` datetime DEFAULT NULL,
  `created_at` timestamp NULL DEFAULT NULL,
  `updated_at` timestamp NULL DEFAULT NULL,
  PRIMARY KEY (`id`),
  KEY `ticket_reminders_ticket_id_foreign` (`ticket_id`),
  CONSTRAINT `ticket_reminders_ticket_id_foreign` FOREIGN KEY (`ticket_id`) REFERENCES `tickets` (`id`) ON DELETE CASCADE
) ENGINE=InnoDB DEFAULT CHARSET=utf8mb3 COLLATE=utf8mb3_unicode_ci;
/*!40101 SET character_set_client = @saved_cs_client */;

--
-- Dumping data for table `ticket_reminders`
--

LOCK TABLES `ticket_reminders` WRITE;
/*!40000 ALTER TABLE `ticket_reminders` DISABLE KEYS */;
/*!40000 ALTER TABLE `ticket_reminders` ENABLE KEYS */;
UNLOCK TABLES;

--
-- Table structure for table `ticket_rules`
--

DROP TABLE IF EXISTS `ticket_rules`;
/*!40101 SET @saved_cs_client     = @@character_set_client */;
/*!40101 SET character_set_client = utf8 */;
CREATE TABLE `ticket_rules` (
  `id` int(10) unsigned NOT NULL AUTO_INCREMENT,
  `reference_id` int(10) unsigned DEFAULT NULL,
  `reference_type` varchar(255) DEFAULT NULL,
  `field` varchar(255) NOT NULL,
  `relation` varchar(255) NOT NULL,
  `value` varchar(255) NOT NULL,
  `created_at` timestamp NULL DEFAULT NULL,
  `updated_at` timestamp NULL DEFAULT NULL,
  `base_rule` tinyint(1) NOT NULL DEFAULT 0,
  `category` varchar(255) NOT NULL,
  PRIMARY KEY (`id`)
) ENGINE=InnoDB DEFAULT CHARSET=utf8mb3 COLLATE=utf8mb3_unicode_ci;
/*!40101 SET character_set_client = @saved_cs_client */;

--
-- Dumping data for table `ticket_rules`
--

LOCK TABLES `ticket_rules` WRITE;
/*!40000 ALTER TABLE `ticket_rules` DISABLE KEYS */;
/*!40000 ALTER TABLE `ticket_rules` ENABLE KEYS */;
UNLOCK TABLES;

--
-- Table structure for table `ticket_sla_approach_escalate`
--

DROP TABLE IF EXISTS `ticket_sla_approach_escalate`;
/*!40101 SET @saved_cs_client     = @@character_set_client */;
/*!40101 SET character_set_client = utf8 */;
CREATE TABLE `ticket_sla_approach_escalate` (
  `id` bigint(20) unsigned NOT NULL AUTO_INCREMENT,
  `ticket_id` int(11) NOT NULL,
  `sla_approach_escalate_id` int(11) NOT NULL,
  `trigger_at` timestamp NOT NULL DEFAULT current_timestamp() ON UPDATE current_timestamp(),
  PRIMARY KEY (`id`)
) ENGINE=InnoDB DEFAULT CHARSET=utf8mb3 COLLATE=utf8mb3_unicode_ci;
/*!40101 SET character_set_client = @saved_cs_client */;

--
-- Dumping data for table `ticket_sla_approach_escalate`
--

LOCK TABLES `ticket_sla_approach_escalate` WRITE;
/*!40000 ALTER TABLE `ticket_sla_approach_escalate` DISABLE KEYS */;
/*!40000 ALTER TABLE `ticket_sla_approach_escalate` ENABLE KEYS */;
UNLOCK TABLES;

--
-- Table structure for table `ticket_sla_metas`
--

DROP TABLE IF EXISTS `ticket_sla_metas`;
/*!40101 SET @saved_cs_client     = @@character_set_client */;
/*!40101 SET character_set_client = utf8 */;
CREATE TABLE `ticket_sla_metas` (
  `id` bigint(20) unsigned NOT NULL AUTO_INCREMENT,
  `ticket_sla_id` int(11) NOT NULL,
  `priority_id` int(11) NOT NULL,
  `respond_within` varchar(255) NOT NULL,
  `resolve_within` varchar(255) NOT NULL,
  `business_hour_id` int(11) NOT NULL,
  `send_email_notification` tinyint(1) NOT NULL DEFAULT 1,
  `send_app_notification` tinyint(1) NOT NULL DEFAULT 1,
  PRIMARY KEY (`id`)
) ENGINE=InnoDB AUTO_INCREMENT=5 DEFAULT CHARSET=utf8mb3 COLLATE=utf8mb3_unicode_ci;
/*!40101 SET character_set_client = @saved_cs_client */;

--
-- Dumping data for table `ticket_sla_metas`
--

LOCK TABLES `ticket_sla_metas` WRITE;
/*!40000 ALTER TABLE `ticket_sla_metas` DISABLE KEYS */;
INSERT INTO `ticket_sla_metas` VALUES (1,1,1,'diff::5~hour','diff::10~hour',1,1,1),(2,1,2,'diff::4~hour','diff::9~hour',1,1,1),(3,1,3,'diff::2~hour','diff::4~hour',1,1,1),(4,1,4,'diff::1~hour','diff::2~hour',1,1,1);
/*!40000 ALTER TABLE `ticket_sla_metas` ENABLE KEYS */;
UNLOCK TABLES;

--
-- Table structure for table `ticket_sla_violated_escalate`
--

DROP TABLE IF EXISTS `ticket_sla_violated_escalate`;
/*!40101 SET @saved_cs_client     = @@character_set_client */;
/*!40101 SET character_set_client = utf8 */;
CREATE TABLE `ticket_sla_violated_escalate` (
  `id` bigint(20) unsigned NOT NULL AUTO_INCREMENT,
  `ticket_id` int(11) NOT NULL,
  `sla_violated_escalate_id` int(11) NOT NULL,
  `trigger_at` timestamp NOT NULL DEFAULT current_timestamp() ON UPDATE current_timestamp(),
  PRIMARY KEY (`id`)
) ENGINE=InnoDB DEFAULT CHARSET=utf8mb3 COLLATE=utf8mb3_unicode_ci;
/*!40101 SET character_set_client = @saved_cs_client */;

--
-- Dumping data for table `ticket_sla_violated_escalate`
--

LOCK TABLES `ticket_sla_violated_escalate` WRITE;
/*!40000 ALTER TABLE `ticket_sla_violated_escalate` DISABLE KEYS */;
/*!40000 ALTER TABLE `ticket_sla_violated_escalate` ENABLE KEYS */;
UNLOCK TABLES;

--
-- Table structure for table `ticket_slas`
--

DROP TABLE IF EXISTS `ticket_slas`;
/*!40101 SET @saved_cs_client     = @@character_set_client */;
/*!40101 SET character_set_client = utf8 */;
CREATE TABLE `ticket_slas` (
  `id` bigint(20) unsigned NOT NULL AUTO_INCREMENT,
  `name` varchar(255) NOT NULL,
  `status` tinyint(1) NOT NULL,
  `order` int(11) NOT NULL,
  `matcher` varchar(255) NOT NULL,
  `is_default` tinyint(1) NOT NULL,
  `internal_notes` longtext DEFAULT NULL,
  `created_at` timestamp NULL DEFAULT NULL,
  `updated_at` timestamp NULL DEFAULT NULL,
  `category_type` varchar(255) NOT NULL DEFAULT 'ticket',
  PRIMARY KEY (`id`)
) ENGINE=InnoDB AUTO_INCREMENT=2 DEFAULT CHARSET=utf8mb3 COLLATE=utf8mb3_unicode_ci;
/*!40101 SET character_set_client = @saved_cs_client */;

--
-- Dumping data for table `ticket_slas`
--

LOCK TABLES `ticket_slas` WRITE;
/*!40000 ALTER TABLE `ticket_slas` DISABLE KEYS */;
INSERT INTO `ticket_slas` VALUES (1,'Default',1,1,'',1,NULL,'2024-10-24 03:58:34','2024-10-24 03:58:34','ticket');
/*!40000 ALTER TABLE `ticket_slas` ENABLE KEYS */;
UNLOCK TABLES;

--
-- Table structure for table `ticket_source`
--

DROP TABLE IF EXISTS `ticket_source`;
/*!40101 SET @saved_cs_client     = @@character_set_client */;
/*!40101 SET character_set_client = utf8 */;
CREATE TABLE `ticket_source` (
  `id` int(10) unsigned NOT NULL AUTO_INCREMENT,
  `name` varchar(255) NOT NULL,
  `value` varchar(255) NOT NULL,
  `css_class` varchar(255) NOT NULL,
  `description` longtext DEFAULT NULL,
  `location` varchar(255) NOT NULL,
  `is_default` int(11) NOT NULL DEFAULT 0,
  `under_deletion` tinyint(1) NOT NULL DEFAULT 0,
  PRIMARY KEY (`id`)
) ENGINE=InnoDB AUTO_INCREMENT=11 DEFAULT CHARSET=utf8mb3 COLLATE=utf8mb3_unicode_ci;
/*!40101 SET character_set_client = @saved_cs_client */;

--
-- Dumping data for table `ticket_source`
--

LOCK TABLES `ticket_source` WRITE;
/*!40000 ALTER TABLE `ticket_source` DISABLE KEYS */;
INSERT INTO `ticket_source` VALUES (1,'Web','Web','fas fa-globe',NULL,'',1,0),(2,'Email','E-mail','fas fa-envelope',NULL,'',1,0),(3,'Agent','Agent Panel','fas fa-user',NULL,'',1,0),(4,'Facebook','Facebook','fab fa-facebook',NULL,'',1,0),(5,'Twitter','Twitter','fab fa-twitter',NULL,'',1,0),(6,'Call','Call','fas fa-phone',NULL,'',1,0),(7,'Chat','Chat','fas fa-comment-dots',NULL,'',1,0),(8,'Widget','Widget','fas fa-comment-dots',NULL,'',1,0),(9,'Instagram','Instagram','fa-brands fa-instagram',NULL,'',1,0),(10,'Intercom','Intercom','fa-brands fa-intercom',NULL,'',1,0);
/*!40000 ALTER TABLE `ticket_source` ENABLE KEYS */;
UNLOCK TABLES;

--
-- Table structure for table `ticket_status`
--

DROP TABLE IF EXISTS `ticket_status`;
/*!40101 SET @saved_cs_client     = @@character_set_client */;
/*!40101 SET character_set_client = utf8 */;
CREATE TABLE `ticket_status` (
  `id` int(10) unsigned NOT NULL AUTO_INCREMENT,
  `name` varchar(255) NOT NULL,
  `message` varchar(255) NOT NULL,
  `created_at` timestamp NULL DEFAULT NULL,
  `updated_at` timestamp NULL DEFAULT NULL,
  `visibility_for_client` tinyint(1) NOT NULL,
  `allow_client` tinyint(1) NOT NULL,
  `visibility_for_agent` tinyint(1) NOT NULL,
  `purpose_of_status` int(11) NOT NULL,
  `secondary_status` int(11) DEFAULT NULL,
  `send_email` varchar(255) DEFAULT NULL,
  `halt_sla` int(11) NOT NULL,
  `order` int(11) NOT NULL,
  `icon` varchar(255) NOT NULL,
  `icon_color` varchar(255) NOT NULL,
  `default` int(11) DEFAULT NULL,
  `send_sms` tinyint(1) NOT NULL DEFAULT 0,
  `auto_close` int(10) unsigned DEFAULT NULL,
  `comment` int(11) NOT NULL DEFAULT 0,
  `under_deletion` tinyint(1) NOT NULL DEFAULT 0,
  `rating_auto_request` tinyint(1) NOT NULL DEFAULT 0,
  PRIMARY KEY (`id`),
  KEY `ticket_status_auto_close_foreign` (`auto_close`),
  CONSTRAINT `ticket_status_auto_close_foreign` FOREIGN KEY (`auto_close`) REFERENCES `workflow_close` (`id`) ON DELETE CASCADE
) ENGINE=InnoDB AUTO_INCREMENT=9 DEFAULT CHARSET=utf8mb3 COLLATE=utf8mb3_unicode_ci;
/*!40101 SET character_set_client = @saved_cs_client */;

--
-- Dumping data for table `ticket_status`
--

LOCK TABLES `ticket_status` WRITE;
/*!40000 ALTER TABLE `ticket_status` DISABLE KEYS */;
INSERT INTO `ticket_status` VALUES (1,'Open','Ticket has been Reopened by {!!$user!!}','2024-10-24 03:58:32','2024-10-24 03:58:40',1,1,1,1,NULL,'{\"client\":\"1\",\"admin\":\"0\",\"assigned_agent_team\":\"1\"}',0,1,'fas fa-clock','#32c777',1,0,1,0,0,0),(3,'Closed','Ticket has been Closed by {!!$user!!}','2024-10-24 03:58:32','2024-10-24 03:58:40',1,1,1,2,NULL,'{\"client\":\"1\",\"admin\":\"0\",\"assigned_agent_team\":\"1\"}',1,3,'fas fa-minus-circle','#5cb85c',1,0,NULL,0,0,0),(4,'Deleted','Ticket has been Deleted by {!!$user!!}','2024-10-24 03:58:32','2024-10-24 03:58:40',1,1,1,4,NULL,'{\"client\":\"0\",\"admin\":\"0\",\"assigned_agent_team\":\"0\"}',1,4,'fas fa-trash','#f20630',1,0,NULL,0,0,0),(6,'Spam','Ticket has been marked as Spam by {!!$user!!}','2024-10-24 03:58:32','2024-10-24 03:58:40',0,0,1,6,NULL,'{\"client\":\"0\",\"admin\":\"0\",\"assigned_agent_team\":\"0\"}',1,6,'fas fa-exclamation-triangle','#f0ad4e',1,0,NULL,0,0,0),(7,'Unapproved','Ticket has been marked as Unapproved by {!!$user!!}','2024-10-24 03:58:32','2024-10-24 03:58:40',0,0,1,7,1,'{\"client\":\"0\",\"admin\":\"1\",\"assigned_agent_team\":\"0\"}',1,7,'fas fa-clock','#f20630',1,0,NULL,0,0,0),(8,'Merged','Ticket have been marked as Merged by {!!$user!!}','2024-10-24 03:58:32','2024-10-24 03:58:40',0,0,1,8,NULL,'{\"client\":\"0\",\"admin\":\"1\",\"assigned_agent_team\":\"0\"}',1,8,'fas fa-clock','#f20630',1,0,NULL,0,0,0);
/*!40000 ALTER TABLE `ticket_status` ENABLE KEYS */;
UNLOCK TABLES;

--
-- Table structure for table `ticket_status_override`
--

DROP TABLE IF EXISTS `ticket_status_override`;
/*!40101 SET @saved_cs_client     = @@character_set_client */;
/*!40101 SET character_set_client = utf8 */;
CREATE TABLE `ticket_status_override` (
  `id` int(10) unsigned NOT NULL AUTO_INCREMENT,
  `current_status` int(11) NOT NULL,
  `target_status` int(11) NOT NULL,
  `created_at` timestamp NULL DEFAULT NULL,
  `updated_at` timestamp NULL DEFAULT NULL,
  PRIMARY KEY (`id`)
) ENGINE=InnoDB DEFAULT CHARSET=utf8mb3 COLLATE=utf8mb3_unicode_ci;
/*!40101 SET character_set_client = @saved_cs_client */;

--
-- Dumping data for table `ticket_status_override`
--

LOCK TABLES `ticket_status_override` WRITE;
/*!40000 ALTER TABLE `ticket_status_override` DISABLE KEYS */;
/*!40000 ALTER TABLE `ticket_status_override` ENABLE KEYS */;
UNLOCK TABLES;

--
-- Table structure for table `ticket_status_type`
--

DROP TABLE IF EXISTS `ticket_status_type`;
/*!40101 SET @saved_cs_client     = @@character_set_client */;
/*!40101 SET character_set_client = utf8 */;
CREATE TABLE `ticket_status_type` (
  `id` int(10) unsigned NOT NULL AUTO_INCREMENT,
  `name` varchar(255) NOT NULL,
  `created_at` timestamp NULL DEFAULT NULL,
  `updated_at` timestamp NULL DEFAULT NULL,
  PRIMARY KEY (`id`)
) ENGINE=InnoDB AUTO_INCREMENT=9 DEFAULT CHARSET=utf8mb3 COLLATE=utf8mb3_unicode_ci;
/*!40101 SET character_set_client = @saved_cs_client */;

--
-- Dumping data for table `ticket_status_type`
--

LOCK TABLES `ticket_status_type` WRITE;
/*!40000 ALTER TABLE `ticket_status_type` DISABLE KEYS */;
INSERT INTO `ticket_status_type` VALUES (1,'open','2024-10-24 03:58:32','2024-10-24 03:58:32'),(2,'closed','2024-10-24 03:58:32','2024-10-24 03:58:32'),(3,'archieved','2024-10-24 03:58:32','2024-10-24 03:58:32'),(4,'deleted','2024-10-24 03:58:32','2024-10-24 03:58:32'),(6,'spam','2024-10-24 03:58:32','2024-10-24 03:58:32'),(7,'unapproved','2024-10-24 03:58:32','2024-10-24 03:58:32'),(8,'merged','2024-10-24 03:58:32','2024-10-24 03:58:32');
/*!40000 ALTER TABLE `ticket_status_type` ENABLE KEYS */;
UNLOCK TABLES;

--
-- Table structure for table `ticket_templates`
--

DROP TABLE IF EXISTS `ticket_templates`;
/*!40101 SET @saved_cs_client     = @@character_set_client */;
/*!40101 SET character_set_client = utf8 */;
CREATE TABLE `ticket_templates` (
  `id` bigint(20) unsigned NOT NULL AUTO_INCREMENT,
  `name` varchar(255) NOT NULL,
  `recur_id` int(11) DEFAULT NULL,
  `created_at` timestamp NULL DEFAULT NULL,
  `updated_at` timestamp NULL DEFAULT NULL,
  PRIMARY KEY (`id`)
) ENGINE=InnoDB DEFAULT CHARSET=utf8mb3 COLLATE=utf8mb3_unicode_ci;
/*!40101 SET character_set_client = @saved_cs_client */;

--
-- Dumping data for table `ticket_templates`
--

LOCK TABLES `ticket_templates` WRITE;
/*!40000 ALTER TABLE `ticket_templates` DISABLE KEYS */;
/*!40000 ALTER TABLE `ticket_templates` ENABLE KEYS */;
UNLOCK TABLES;

--
-- Table structure for table `ticket_thread`
--

DROP TABLE IF EXISTS `ticket_thread`;
/*!40101 SET @saved_cs_client     = @@character_set_client */;
/*!40101 SET character_set_client = utf8 */;
CREATE TABLE `ticket_thread` (
  `id` int(10) unsigned NOT NULL AUTO_INCREMENT,
  `ticket_id` int(10) unsigned DEFAULT NULL,
  `user_id` int(10) unsigned DEFAULT NULL,
  `thread_type` varchar(255) DEFAULT NULL,
  `poster` varchar(255) NOT NULL,
  `source` int(10) unsigned DEFAULT NULL,
  `reply_rating` int(11) NOT NULL,
  `rating_count` int(11) NOT NULL,
  `is_internal` tinyint(1) NOT NULL,
  `title` longblob DEFAULT NULL,
  `body` longblob DEFAULT NULL,
  `format` varchar(255) NOT NULL,
  `ip_address` varchar(255) NOT NULL,
  `created_at` timestamp NULL DEFAULT NULL,
  `updated_at` timestamp NULL DEFAULT NULL,
  `response_time` int(11) DEFAULT NULL,
  PRIMARY KEY (`id`),
  KEY `ticket_id_2` (`ticket_id`),
  KEY `user_id` (`user_id`),
  KEY `source` (`source`),
  KEY `ticket_thread_thread_type_index` (`thread_type`),
  KEY `body` (`body`(768)),
  KEY `is_internal` (`is_internal`),
  KEY `title` (`title`(255)),
  CONSTRAINT `ticket_thread_ibfk_1` FOREIGN KEY (`ticket_id`) REFERENCES `tickets` (`id`) ON UPDATE NO ACTION,
  CONSTRAINT `ticket_thread_ibfk_2` FOREIGN KEY (`user_id`) REFERENCES `users` (`id`) ON UPDATE NO ACTION,
  CONSTRAINT `ticket_thread_ibfk_3` FOREIGN KEY (`source`) REFERENCES `ticket_source` (`id`) ON UPDATE NO ACTION
) ENGINE=InnoDB DEFAULT CHARSET=utf8mb4 COLLATE=utf8mb4_general_ci;
/*!40101 SET character_set_client = @saved_cs_client */;

--
-- Dumping data for table `ticket_thread`
--

LOCK TABLES `ticket_thread` WRITE;
/*!40000 ALTER TABLE `ticket_thread` DISABLE KEYS */;
/*!40000 ALTER TABLE `ticket_thread` ENABLE KEYS */;
UNLOCK TABLES;

--
-- Table structure for table `ticket_token`
--

DROP TABLE IF EXISTS `ticket_token`;
/*!40101 SET @saved_cs_client     = @@character_set_client */;
/*!40101 SET character_set_client = utf8 */;
CREATE TABLE `ticket_token` (
  `id` int(10) unsigned NOT NULL AUTO_INCREMENT,
  `ticket_id` int(11) NOT NULL,
  `token` varchar(255) NOT NULL,
  `created_at` timestamp NULL DEFAULT NULL,
  `updated_at` timestamp NULL DEFAULT NULL,
  PRIMARY KEY (`id`)
) ENGINE=InnoDB DEFAULT CHARSET=utf8mb3 COLLATE=utf8mb3_unicode_ci;
/*!40101 SET character_set_client = @saved_cs_client */;

--
-- Dumping data for table `ticket_token`
--

LOCK TABLES `ticket_token` WRITE;
/*!40000 ALTER TABLE `ticket_token` DISABLE KEYS */;
/*!40000 ALTER TABLE `ticket_token` ENABLE KEYS */;
UNLOCK TABLES;

--
-- Table structure for table `ticket_triggers`
--

DROP TABLE IF EXISTS `ticket_triggers`;
/*!40101 SET @saved_cs_client     = @@character_set_client */;
/*!40101 SET character_set_client = utf8 */;
CREATE TABLE `ticket_triggers` (
  `id` bigint(20) unsigned NOT NULL AUTO_INCREMENT,
  `name` varchar(255) NOT NULL,
  `status` tinyint(4) NOT NULL,
  `target` varchar(255) NOT NULL,
  `order` int(11) NOT NULL,
  `matcher` varchar(255) NOT NULL,
  `internal_notes` text NOT NULL,
  `category_type` varchar(255) NOT NULL DEFAULT 'ticket',
  `created_at` timestamp NULL DEFAULT NULL,
  `updated_at` timestamp NULL DEFAULT NULL,
  PRIMARY KEY (`id`)
) ENGINE=InnoDB DEFAULT CHARSET=utf8mb3 COLLATE=utf8mb3_unicode_ci;
/*!40101 SET character_set_client = @saved_cs_client */;

--
-- Dumping data for table `ticket_triggers`
--

LOCK TABLES `ticket_triggers` WRITE;
/*!40000 ALTER TABLE `ticket_triggers` DISABLE KEYS */;
/*!40000 ALTER TABLE `ticket_triggers` ENABLE KEYS */;
UNLOCK TABLES;

--
-- Table structure for table `ticket_type`
--

DROP TABLE IF EXISTS `ticket_type`;
/*!40101 SET @saved_cs_client     = @@character_set_client */;
/*!40101 SET character_set_client = utf8 */;
CREATE TABLE `ticket_type` (
  `id` int(10) unsigned NOT NULL AUTO_INCREMENT,
  `name` varchar(255) NOT NULL,
  `status` int(11) NOT NULL,
  `type_desc` varchar(255) NOT NULL,
  `ispublic` int(11) NOT NULL,
  `is_default` int(11) NOT NULL,
  `created_at` timestamp NULL DEFAULT NULL,
  `updated_at` timestamp NULL DEFAULT NULL,
  `under_deletion` tinyint(1) NOT NULL DEFAULT 0,
  PRIMARY KEY (`id`)
) ENGINE=InnoDB AUTO_INCREMENT=5 DEFAULT CHARSET=utf8mb3 COLLATE=utf8mb3_unicode_ci;
/*!40101 SET character_set_client = @saved_cs_client */;

--
-- Dumping data for table `ticket_type`
--

LOCK TABLES `ticket_type` WRITE;
/*!40000 ALTER TABLE `ticket_type` DISABLE KEYS */;
INSERT INTO `ticket_type` VALUES (1,'Question',1,'Question',1,0,'2024-10-24 03:58:32','2024-10-24 03:58:32',0),(2,'Incident',1,'Incident',0,0,'2024-10-24 03:58:32','2024-10-24 03:58:37',0),(3,'Problem',1,'Problem',0,0,'2024-10-24 03:58:32','2024-10-24 03:58:37',0),(4,'Feature Request',1,'Feature Request',0,0,'2024-10-24 03:58:32','2024-10-24 03:58:37',0);
/*!40000 ALTER TABLE `ticket_type` ENABLE KEYS */;
UNLOCK TABLES;

--
-- Table structure for table `ticket_workflows`
--

DROP TABLE IF EXISTS `ticket_workflows`;
/*!40101 SET @saved_cs_client     = @@character_set_client */;
/*!40101 SET character_set_client = utf8 */;
CREATE TABLE `ticket_workflows` (
  `id` int(10) unsigned NOT NULL AUTO_INCREMENT,
  `name` varchar(255) NOT NULL,
  `status` tinyint(1) NOT NULL,
  `order` int(11) NOT NULL,
  `matcher` varchar(255) NOT NULL,
  `created_at` timestamp NULL DEFAULT NULL,
  `updated_at` timestamp NULL DEFAULT NULL,
  `internal_notes` text NOT NULL,
  `target` varchar(255) NOT NULL,
  `category_type` varchar(255) NOT NULL DEFAULT 'ticket',
  PRIMARY KEY (`id`)
) ENGINE=InnoDB DEFAULT CHARSET=utf8mb3 COLLATE=utf8mb3_unicode_ci;
/*!40101 SET character_set_client = @saved_cs_client */;

--
-- Dumping data for table `ticket_workflows`
--

LOCK TABLES `ticket_workflows` WRITE;
/*!40000 ALTER TABLE `ticket_workflows` DISABLE KEYS */;
/*!40000 ALTER TABLE `ticket_workflows` ENABLE KEYS */;
UNLOCK TABLES;

--
-- Table structure for table `tickets`
--

DROP TABLE IF EXISTS `tickets`;
/*!40101 SET @saved_cs_client     = @@character_set_client */;
/*!40101 SET character_set_client = utf8 */;
CREATE TABLE `tickets` (
  `id` int(10) unsigned NOT NULL AUTO_INCREMENT,
  `ticket_number` varchar(255) NOT NULL,
  `user_id` int(10) unsigned DEFAULT NULL,
  `dept_id` int(10) unsigned DEFAULT NULL,
  `team_id` int(10) unsigned DEFAULT NULL,
  `priority_id` int(10) unsigned DEFAULT NULL,
  `sla` int(10) unsigned DEFAULT NULL,
  `help_topic_id` int(10) unsigned DEFAULT NULL,
  `status` int(10) unsigned DEFAULT NULL,
  `rating` tinyint(1) NOT NULL,
  `ratingreply` tinyint(1) NOT NULL,
  `flags` int(11) NOT NULL,
  `ip_address` int(11) NOT NULL,
  `assigned_to` int(10) unsigned DEFAULT NULL,
  `lock_by` int(11) NOT NULL,
  `lock_at` datetime DEFAULT NULL,
  `source` int(10) unsigned DEFAULT NULL,
  `isoverdue` int(11) NOT NULL,
  `reopened` int(11) NOT NULL,
  `isanswered` int(11) NOT NULL,
  `html` int(11) NOT NULL,
  `is_deleted` int(11) NOT NULL,
  `closed` int(11) NOT NULL,
  `is_transferred` tinyint(1) NOT NULL,
  `transferred_at` datetime NOT NULL,
  `reopened_at` datetime DEFAULT NULL,
  `duedate` datetime DEFAULT NULL,
  `closed_at` datetime DEFAULT NULL,
  `last_message_at` datetime DEFAULT NULL,
  `first_response_time` datetime DEFAULT NULL,
  `created_at` timestamp NULL DEFAULT NULL,
  `updated_at` timestamp NULL DEFAULT NULL,
  `resolution_time` int(11) DEFAULT NULL,
  `is_response_sla` tinyint(1) DEFAULT NULL,
  `is_resolution_sla` tinyint(1) DEFAULT NULL,
  `type` int(10) unsigned DEFAULT NULL,
  `last_estd_duedate` timestamp NULL DEFAULT NULL,
  `location_id` int(11) DEFAULT NULL,
  `creator_id` int(10) unsigned DEFAULT NULL,
  `response_due_by` timestamp NULL DEFAULT NULL,
  `is_manual_duedate` tinyint(1) NOT NULL DEFAULT 0,
  `average_response_time` int(11) DEFAULT NULL,
  `resolution_due_by` timestamp NULL DEFAULT NULL,
  `parent_id` int(10) unsigned DEFAULT NULL,
  `parent_ticket_id` varchar(255) DEFAULT NULL,
  `category_id` int(10) unsigned DEFAULT NULL,
  `form_category_id` bigint(20) unsigned DEFAULT NULL,
  `status_changed_at` timestamp NULL DEFAULT NULL,
  `assigned_at` timestamp NULL DEFAULT NULL,
  `trigger_count` int(11) NOT NULL DEFAULT 0,
  `is_migrated` tinyint(4) NOT NULL DEFAULT 0,
  PRIMARY KEY (`id`),
  KEY `user_id` (`user_id`),
  KEY `dept_id` (`dept_id`),
  KEY `team_id` (`team_id`),
  KEY `priority_id` (`priority_id`),
  KEY `sla` (`sla`),
  KEY `help_topic_id` (`help_topic_id`),
  KEY `status` (`status`),
  KEY `assigned_to` (`assigned_to`),
  KEY `source` (`source`),
  KEY `ticket_type` (`type`),
  KEY `tickets_duedate_index` (`duedate`),
  KEY `tickets_ticket_number_index` (`ticket_number`),
  KEY `tickets_form_category_id_foreign` (`form_category_id`),
  FULLTEXT KEY `tickets_ticket_number_fulltext` (`ticket_number`),
  CONSTRAINT `tickets_form_category_id_foreign` FOREIGN KEY (`form_category_id`) REFERENCES `new_form_categories` (`id`),
  CONSTRAINT `tickets_ibfk_1` FOREIGN KEY (`user_id`) REFERENCES `users` (`id`) ON UPDATE NO ACTION,
  CONSTRAINT `tickets_ibfk_2` FOREIGN KEY (`dept_id`) REFERENCES `department` (`id`) ON UPDATE NO ACTION,
  CONSTRAINT `tickets_ibfk_3` FOREIGN KEY (`team_id`) REFERENCES `teams` (`id`) ON UPDATE NO ACTION,
  CONSTRAINT `tickets_ibfk_4` FOREIGN KEY (`priority_id`) REFERENCES `ticket_priority` (`id`) ON UPDATE NO ACTION,
  CONSTRAINT `tickets_ibfk_6` FOREIGN KEY (`help_topic_id`) REFERENCES `help_topic` (`id`) ON UPDATE NO ACTION,
  CONSTRAINT `tickets_ibfk_7` FOREIGN KEY (`status`) REFERENCES `ticket_status` (`id`) ON UPDATE NO ACTION,
  CONSTRAINT `tickets_ibfk_8` FOREIGN KEY (`source`) REFERENCES `ticket_source` (`id`) ON UPDATE NO ACTION,
  CONSTRAINT `tickets_ibfk_9` FOREIGN KEY (`assigned_to`) REFERENCES `users` (`id`) ON UPDATE NO ACTION,
  CONSTRAINT `tickets_status_foreign` FOREIGN KEY (`status`) REFERENCES `ticket_status` (`id`)
) ENGINE=InnoDB DEFAULT CHARSET=utf8mb3 COLLATE=utf8mb3_unicode_ci;
/*!40101 SET character_set_client = @saved_cs_client */;

--
-- Dumping data for table `tickets`
--

LOCK TABLES `tickets` WRITE;
/*!40000 ALTER TABLE `tickets` DISABLE KEYS */;
/*!40000 ALTER TABLE `tickets` ENABLE KEYS */;
UNLOCK TABLES;

--
-- Table structure for table `time_format`
--

DROP TABLE IF EXISTS `time_format`;
/*!40101 SET @saved_cs_client     = @@character_set_client */;
/*!40101 SET character_set_client = utf8 */;
CREATE TABLE `time_format` (
  `id` int(10) unsigned NOT NULL AUTO_INCREMENT,
  `format` varchar(255) NOT NULL,
  `hours` varchar(14) NOT NULL,
  `js_format` varchar(14) NOT NULL,
  `is_active` tinyint(1) NOT NULL DEFAULT 0,
  PRIMARY KEY (`id`)
) ENGINE=InnoDB AUTO_INCREMENT=4 DEFAULT CHARSET=utf8mb3 COLLATE=utf8mb3_unicode_ci;
/*!40101 SET character_set_client = @saved_cs_client */;

--
-- Dumping data for table `time_format`
--

LOCK TABLES `time_format` WRITE;
/*!40000 ALTER TABLE `time_format` DISABLE KEYS */;
INSERT INTO `time_format` VALUES (1,'H:i:s','24 Hours','HH:mm',1),(2,'H.i.s','','',0),(3,'g:i a','12 Hours','hh:mm a',1);
/*!40000 ALTER TABLE `time_format` ENABLE KEYS */;
UNLOCK TABLES;

--
-- Table structure for table `timezone`
--

DROP TABLE IF EXISTS `timezone`;
/*!40101 SET @saved_cs_client     = @@character_set_client */;
/*!40101 SET character_set_client = utf8 */;
CREATE TABLE `timezone` (
  `id` int(10) unsigned NOT NULL AUTO_INCREMENT,
  `name` varchar(255) NOT NULL,
  `location` varchar(255) NOT NULL,
  PRIMARY KEY (`id`)
) ENGINE=InnoDB AUTO_INCREMENT=117 DEFAULT CHARSET=utf8mb3 COLLATE=utf8mb3_unicode_ci;
/*!40101 SET character_set_client = @saved_cs_client */;

--
-- Dumping data for table `timezone`
--

LOCK TABLES `timezone` WRITE;
/*!40000 ALTER TABLE `timezone` DISABLE KEYS */;
INSERT INTO `timezone` VALUES (1,'Pacific/Midway','(GMT-11:00) Midway Island'),(2,'US/Samoa','(GMT-11:00) Samoa'),(3,'US/Hawaii','(GMT-10:00) Hawaii'),(4,'US/Alaska','(GMT-09:00) Alaska'),(5,'US/Pacific','(GMT-08:00) Pacific Time (US &amp; Canada)'),(6,'America/Tijuana','(GMT-08:00) Tijuana'),(7,'US/Arizona','(GMT-07:00) Arizona'),(8,'US/Mountain','(GMT-07:00) Mountain Time (US &amp; Canada)'),(9,'America/Chihuahua','(GMT-07:00) Chihuahua'),(10,'America/Mazatlan','(GMT-07:00) Mazatlan'),(11,'America/Mexico_City','(GMT-06:00) Mexico City'),(12,'America/Monterrey','(GMT-06:00) Monterrey'),(13,'America/Santo_Domingo','(GMT-04:00) Santo_Domingo'),(14,'Canada/Saskatchewan','(GMT-06:00) Saskatchewan'),(15,'US/Central','(GMT-06:00) Central Time (US &amp; Canada)'),(16,'US/Eastern','(GMT-05:00) Eastern Time (US &amp; Canada)'),(17,'US/East-Indiana','(GMT-05:00) Indiana (East)'),(18,'America/Bogota','(GMT-05:00) Bogota'),(19,'America/Lima','(GMT-05:00) Lima'),(20,'America/Caracas','(GMT-04:30) Caracas'),(21,'Canada/Atlantic','(GMT-04:00) Atlantic Time (Canada)'),(22,'America/La_Paz','(GMT-04:00) La Paz'),(23,'America/Santiago','(GMT-04:00) Santiago'),(24,'Canada/Newfoundland','(GMT-03:30) Newfoundland'),(25,'America/Buenos_Aires','(GMT-03:00) Buenos Aires'),(26,'America/Godthab','(GMT-03:00) Greenland'),(27,'Atlantic/Stanley','(GMT-02:00) Stanley'),(28,'Atlantic/Azores','(GMT-01:00) Azores'),(29,'Atlantic/Cape_Verde','(GMT-01:00) Cape Verde Is.'),(30,'Africa/Casablanca','(GMT) Casablanca'),(31,'Europe/Dublin','(GMT) Dublin'),(32,'Europe/Lisbon','(GMT) Lisbon'),(33,'Europe/London','(GMT) London'),(34,'Africa/Monrovia','(GMT) Monrovia'),(35,'Europe/Amsterdam','(GMT+01:00) Amsterdam'),(36,'Europe/Belgrade','(GMT+01:00) Belgrade'),(37,'Europe/Berlin','(GMT+01:00) Berlin'),(38,'Europe/Bratislava','(GMT+01:00) Bratislava'),(39,'Europe/Brussels','(GMT+01:00) Brussels'),(40,'Europe/Budapest','(GMT+01:00) Budapest'),(41,'Europe/Copenhagen','(GMT+01:00) Copenhagen'),(42,'Europe/Ljubljana','(GMT+01:00) Ljubljana'),(43,'Europe/Madrid','(GMT+01:00) Madrid'),(44,'Europe/Paris','(GMT+01:00) Paris'),(45,'Europe/Prague','(GMT+01:00) Prague'),(46,'Europe/Rome','(GMT+01:00) Rome'),(47,'Europe/Sarajevo','(GMT+01:00) Sarajevo'),(48,'Europe/Skopje','(GMT+01:00) Skopje'),(49,'Europe/Stockholm','(GMT+01:00) Stockholm'),(50,'Europe/Vienna','(GMT+01:00) Vienna'),(51,'Europe/Warsaw','(GMT+01:00) Warsaw'),(52,'Europe/Zagreb','(GMT+01:00) Zagreb'),(53,'Europe/Athens','(GMT+02:00) Athens'),(54,'Europe/Bucharest','(GMT+02:00) Bucharest'),(55,'Africa/Cairo','(GMT+02:00) Cairo'),(56,'Africa/Harare','(GMT+02:00) Harare'),(57,'Europe/Helsinki','(GMT+02:00) Helsinki'),(58,'Europe/Istanbul','(GMT+02:00) Istanbul'),(59,'Asia/Jerusalem','(GMT+02:00) Jerusalem'),(60,'Europe/Kiev','(GMT+02:00) Kyiv'),(61,'Europe/Minsk','(GMT+02:00) Minsk'),(62,'Europe/Riga','(GMT+02:00) Riga'),(63,'Europe/Sofia','(GMT+02:00) Sofia'),(64,'Europe/Tallinn','(GMT+02:00) Tallinn'),(65,'Europe/Vilnius','(GMT+02:00) Vilnius'),(66,'Asia/Baghdad','(GMT+03:00) Baghdad'),(67,'Asia/Kuwait','(GMT+03:00) Kuwait'),(68,'Africa/Nairobi','(GMT+03:00) Nairobi'),(69,'Asia/Riyadh','(GMT+03:00) Riyadh'),(70,'Asia/Tehran','(GMT+03:30) Tehran'),(71,'Europe/Moscow','(GMT+04:00) Moscow'),(72,'Asia/Baku','(GMT+04:00) Baku'),(73,'Europe/Volgograd','(GMT+04:00) Volgograd'),(74,'Asia/Muscat','(GMT+04:00) Muscat'),(75,'Asia/Dubai','(GMT+04:00) Dubai'),(76,'Asia/Tbilisi','(GMT+04:00) Tbilisi'),(77,'Asia/Yerevan','(GMT+04:00) Yerevan'),(78,'Asia/Kabul','(GMT+04:30) Kabul'),(79,'Asia/Karachi','(GMT+05:00) Karachi'),(80,'Asia/Tashkent','(GMT+05:00) Tashkent'),(81,'Asia/Kolkata','(GMT+05:30) Kolkata'),(82,'Asia/Kathmandu','(GMT+05:45) Kathmandu'),(83,'Asia/Yekaterinburg','(GMT+06:00) Ekaterinburg'),(84,'Asia/Almaty','(GMT+06:00) Almaty'),(85,'Asia/Dhaka','(GMT+06:00) Dhaka'),(86,'Asia/Novosibirsk','(GMT+07:00) Novosibirsk'),(87,'Asia/Bangkok','(GMT+07:00) Bangkok'),(88,'Asia/Ho_Chi_Minh','(GMT+07.00) Ho Chi Minh'),(89,'Asia/Jakarta','(GMT+07:00) Jakarta'),(90,'Asia/Krasnoyarsk','(GMT+08:00) Krasnoyarsk'),(91,'Asia/Chongqing','(GMT+08:00) Chongqing'),(92,'Asia/Hong_Kong','(GMT+08:00) Hong Kong'),(93,'Asia/Kuala_Lumpur','(GMT+08:00) Kuala Lumpur'),(94,'Australia/Perth','(GMT+08:00) Perth'),(95,'Asia/Singapore','(GMT+08:00) Singapore'),(96,'Asia/Taipei','(GMT+08:00) Taipei'),(97,'Asia/Ulaanbaatar','(GMT+08:00) Ulaan Bataar'),(98,'Asia/Urumqi','(GMT+08:00) Urumqi'),(99,'Asia/Irkutsk','(GMT+09:00) Irkutsk'),(100,'Asia/Seoul','(GMT+09:00) Seoul'),(101,'Asia/Tokyo','(GMT+09:00) Tokyo'),(102,'Australia/Adelaide','(GMT+09:30) Adelaide'),(103,'Australia/Darwin','(GMT+09:30) Darwin'),(104,'Asia/Yakutsk','(GMT+10:00) Yakutsk'),(105,'Australia/Brisbane','(GMT+10:00) Brisbane'),(106,'Australia/Canberra','(GMT+10:00) Canberra'),(107,'Pacific/Guam','(GMT+10:00) Guam'),(108,'Australia/Hobart','(GMT+10:00) Hobart'),(109,'Australia/Melbourne','(GMT+10:00) Melbourne'),(110,'Pacific/Port_Moresby','(GMT+10:00) Port Moresby'),(111,'Australia/Sydney','(GMT+10:00) Sydney'),(112,'Asia/Vladivostok','(GMT+11:00) Vladivostok'),(113,'Asia/Magadan','(GMT+12:00) Magadan'),(114,'Pacific/Auckland','(GMT+12:00) Auckland'),(115,'Pacific/Fiji','(GMT+12:00) Fiji'),(116,'Asia/Manila','(GMT+08:00) Manila');
/*!40000 ALTER TABLE `timezone` ENABLE KEYS */;
UNLOCK TABLES;

--
-- Table structure for table `transactions`
--

DROP TABLE IF EXISTS `transactions`;
/*!40101 SET @saved_cs_client     = @@character_set_client */;
/*!40101 SET character_set_client = utf8 */;
CREATE TABLE `transactions` (
  `id` int(10) unsigned NOT NULL AUTO_INCREMENT,
  `transactionId` varchar(50) NOT NULL,
  `invoice_id` int(10) unsigned NOT NULL,
  `payment_method` varchar(30) NOT NULL,
  `amount_paid` int(11) NOT NULL,
  `status` tinyint(1) NOT NULL,
  `user_id` int(10) unsigned NOT NULL,
  `comment` text DEFAULT NULL,
  `created_at` timestamp NULL DEFAULT NULL,
  `updated_at` timestamp NULL DEFAULT NULL,
  PRIMARY KEY (`id`),
  UNIQUE KEY `transactions_transactionid_unique` (`transactionId`),
  KEY `transactions_invoice_id_foreign` (`invoice_id`),
  KEY `transactions_user_id_foreign` (`user_id`),
  CONSTRAINT `transactions_invoice_id_foreign` FOREIGN KEY (`invoice_id`) REFERENCES `invoices` (`id`),
  CONSTRAINT `transactions_user_id_foreign` FOREIGN KEY (`user_id`) REFERENCES `users` (`id`)
) ENGINE=InnoDB DEFAULT CHARSET=utf8mb3 COLLATE=utf8mb3_unicode_ci;
/*!40101 SET character_set_client = @saved_cs_client */;

--
-- Dumping data for table `transactions`
--

LOCK TABLES `transactions` WRITE;
/*!40000 ALTER TABLE `transactions` DISABLE KEYS */;
/*!40000 ALTER TABLE `transactions` ENABLE KEYS */;
UNLOCK TABLES;

--
-- Table structure for table `user_additional_infos`
--

DROP TABLE IF EXISTS `user_additional_infos`;
/*!40101 SET @saved_cs_client     = @@character_set_client */;
/*!40101 SET character_set_client = utf8 */;
CREATE TABLE `user_additional_infos` (
  `id` int(10) unsigned NOT NULL AUTO_INCREMENT,
  `owner` int(11) NOT NULL,
  `service` varchar(255) NOT NULL,
  `key` varchar(255) NOT NULL,
  `value` varchar(255) DEFAULT NULL,
  `created_at` timestamp NULL DEFAULT NULL,
  `updated_at` timestamp NULL DEFAULT NULL,
  PRIMARY KEY (`id`)
) ENGINE=InnoDB DEFAULT CHARSET=utf8mb3 COLLATE=utf8mb3_unicode_ci;
/*!40101 SET character_set_client = @saved_cs_client */;

--
-- Dumping data for table `user_additional_infos`
--

LOCK TABLES `user_additional_infos` WRITE;
/*!40000 ALTER TABLE `user_additional_infos` DISABLE KEYS */;
/*!40000 ALTER TABLE `user_additional_infos` ENABLE KEYS */;
UNLOCK TABLES;

--
-- Table structure for table `user_assign_labels`
--

DROP TABLE IF EXISTS `user_assign_labels`;
/*!40101 SET @saved_cs_client     = @@character_set_client */;
/*!40101 SET character_set_client = utf8 */;
CREATE TABLE `user_assign_labels` (
  `id` bigint(20) unsigned NOT NULL AUTO_INCREMENT,
  `user_id` int(11) NOT NULL,
  `label_id` int(11) NOT NULL,
  `created_at` timestamp NULL DEFAULT NULL,
  `updated_at` timestamp NULL DEFAULT NULL,
  PRIMARY KEY (`id`)
) ENGINE=InnoDB DEFAULT CHARSET=utf8mb3 COLLATE=utf8mb3_unicode_ci;
/*!40101 SET character_set_client = @saved_cs_client */;

--
-- Dumping data for table `user_assign_labels`
--

LOCK TABLES `user_assign_labels` WRITE;
/*!40000 ALTER TABLE `user_assign_labels` DISABLE KEYS */;
/*!40000 ALTER TABLE `user_assign_labels` ENABLE KEYS */;
UNLOCK TABLES;

--
-- Table structure for table `user_assign_organization`
--

DROP TABLE IF EXISTS `user_assign_organization`;
/*!40101 SET @saved_cs_client     = @@character_set_client */;
/*!40101 SET character_set_client = utf8 */;
CREATE TABLE `user_assign_organization` (
  `id` int(10) unsigned NOT NULL AUTO_INCREMENT,
  `org_id` int(10) unsigned DEFAULT NULL,
  `user_id` int(10) unsigned DEFAULT NULL,
  `role` varchar(255) NOT NULL DEFAULT 'members',
  `created_at` timestamp NULL DEFAULT NULL,
  `updated_at` timestamp NULL DEFAULT NULL,
  `org_department` varchar(255) DEFAULT NULL,
  PRIMARY KEY (`id`),
  KEY `org_id` (`org_id`),
  KEY `user_id` (`user_id`),
  CONSTRAINT `user_assign_organization_ibfk_1` FOREIGN KEY (`org_id`) REFERENCES `organization` (`id`) ON UPDATE NO ACTION,
  CONSTRAINT `user_assign_organization_ibfk_2` FOREIGN KEY (`user_id`) REFERENCES `users` (`id`) ON UPDATE NO ACTION
) ENGINE=InnoDB DEFAULT CHARSET=utf8mb3 COLLATE=utf8mb3_unicode_ci;
/*!40101 SET character_set_client = @saved_cs_client */;

--
-- Dumping data for table `user_assign_organization`
--

LOCK TABLES `user_assign_organization` WRITE;
/*!40000 ALTER TABLE `user_assign_organization` DISABLE KEYS */;
/*!40000 ALTER TABLE `user_assign_organization` ENABLE KEYS */;
UNLOCK TABLES;

--
-- Table structure for table `user_backup_codes`
--

DROP TABLE IF EXISTS `user_backup_codes`;
/*!40101 SET @saved_cs_client     = @@character_set_client */;
/*!40101 SET character_set_client = utf8 */;
CREATE TABLE `user_backup_codes` (
  `id` bigint(20) unsigned NOT NULL AUTO_INCREMENT,
  `user_id` int(11) NOT NULL,
  `backup_codes` varchar(255) NOT NULL,
  `created_at` timestamp NULL DEFAULT NULL,
  `updated_at` timestamp NULL DEFAULT NULL,
  PRIMARY KEY (`id`),
  KEY `user_backup_codes_user_id_index` (`user_id`)
) ENGINE=InnoDB DEFAULT CHARSET=utf8mb3 COLLATE=utf8mb3_unicode_ci;
/*!40101 SET character_set_client = @saved_cs_client */;

--
-- Dumping data for table `user_backup_codes`
--

LOCK TABLES `user_backup_codes` WRITE;
/*!40000 ALTER TABLE `user_backup_codes` DISABLE KEYS */;
/*!40000 ALTER TABLE `user_backup_codes` ENABLE KEYS */;
UNLOCK TABLES;

--
-- Table structure for table `user_columns`
--

DROP TABLE IF EXISTS `user_columns`;
/*!40101 SET @saved_cs_client     = @@character_set_client */;
/*!40101 SET character_set_client = utf8 */;
CREATE TABLE `user_columns` (
  `id` bigint(20) unsigned NOT NULL AUTO_INCREMENT,
  `user_id` int(10) unsigned NOT NULL,
  `report_column_id` bigint(20) unsigned NOT NULL,
  `order` int(10) unsigned NOT NULL DEFAULT 0,
  `sub_report_id` bigint(20) unsigned DEFAULT NULL,
  PRIMARY KEY (`id`),
  KEY `user_columns_user_id_foreign` (`user_id`),
  KEY `user_columns_report_column_id_foreign` (`report_column_id`),
  CONSTRAINT `user_columns_report_column_id_foreign` FOREIGN KEY (`report_column_id`) REFERENCES `report_columns` (`id`),
  CONSTRAINT `user_columns_user_id_foreign` FOREIGN KEY (`user_id`) REFERENCES `users` (`id`)
) ENGINE=InnoDB DEFAULT CHARSET=utf8mb3 COLLATE=utf8mb3_unicode_ci;
/*!40101 SET character_set_client = @saved_cs_client */;

--
-- Dumping data for table `user_columns`
--

LOCK TABLES `user_columns` WRITE;
/*!40000 ALTER TABLE `user_columns` DISABLE KEYS */;
/*!40000 ALTER TABLE `user_columns` ENABLE KEYS */;
UNLOCK TABLES;

--
-- Table structure for table `user_import_maps`
--

DROP TABLE IF EXISTS `user_import_maps`;
/*!40101 SET @saved_cs_client     = @@character_set_client */;
/*!40101 SET character_set_client = utf8 */;
CREATE TABLE `user_import_maps` (
  `id` bigint(20) unsigned NOT NULL AUTO_INCREMENT,
  `faveo_attribute` varchar(255) NOT NULL,
  `third_party_attribute` varchar(255) NOT NULL,
  `source_id` int(11) DEFAULT NULL,
  `source_type` varchar(255) NOT NULL,
  PRIMARY KEY (`id`)
) ENGINE=InnoDB DEFAULT CHARSET=utf8mb3 COLLATE=utf8mb3_unicode_ci;
/*!40101 SET character_set_client = @saved_cs_client */;

--
-- Dumping data for table `user_import_maps`
--

LOCK TABLES `user_import_maps` WRITE;
/*!40000 ALTER TABLE `user_import_maps` DISABLE KEYS */;
/*!40000 ALTER TABLE `user_import_maps` ENABLE KEYS */;
UNLOCK TABLES;

--
-- Table structure for table `user_notification_tokens`
--

DROP TABLE IF EXISTS `user_notification_tokens`;
/*!40101 SET @saved_cs_client     = @@character_set_client */;
/*!40101 SET character_set_client = utf8 */;
CREATE TABLE `user_notification_tokens` (
  `id` bigint(20) unsigned NOT NULL AUTO_INCREMENT,
  `user_id` int(10) unsigned NOT NULL,
  `type` varchar(50) DEFAULT NULL,
  `token` varchar(255) NOT NULL,
  `active` tinyint(1) NOT NULL DEFAULT 1,
  `created_at` timestamp NULL DEFAULT NULL,
  `updated_at` timestamp NULL DEFAULT NULL,
  PRIMARY KEY (`id`),
  KEY `user_notification_tokens_user_id_foreign` (`user_id`),
  CONSTRAINT `user_notification_tokens_user_id_foreign` FOREIGN KEY (`user_id`) REFERENCES `users` (`id`) ON DELETE CASCADE ON UPDATE CASCADE
) ENGINE=InnoDB DEFAULT CHARSET=utf8mb3 COLLATE=utf8mb3_unicode_ci;
/*!40101 SET character_set_client = @saved_cs_client */;

--
-- Dumping data for table `user_notification_tokens`
--

LOCK TABLES `user_notification_tokens` WRITE;
/*!40000 ALTER TABLE `user_notification_tokens` DISABLE KEYS */;
/*!40000 ALTER TABLE `user_notification_tokens` ENABLE KEYS */;
UNLOCK TABLES;

--
-- Table structure for table `user_order_tickets`
--

DROP TABLE IF EXISTS `user_order_tickets`;
/*!40101 SET @saved_cs_client     = @@character_set_client */;
/*!40101 SET character_set_client = utf8 */;
CREATE TABLE `user_order_tickets` (
  `id` int(10) unsigned NOT NULL AUTO_INCREMENT,
  `ticket_id` int(10) unsigned NOT NULL,
  `user_id` int(10) unsigned NOT NULL,
  `order_id` int(10) unsigned NOT NULL,
  `created_at` timestamp NULL DEFAULT NULL,
  `updated_at` timestamp NULL DEFAULT NULL,
  PRIMARY KEY (`id`),
  KEY `user_order_tickets_ticket_id_foreign` (`ticket_id`),
  KEY `user_order_tickets_user_id_foreign` (`user_id`),
  KEY `user_order_tickets_order_id_foreign` (`order_id`),
  CONSTRAINT `user_order_tickets_order_id_foreign` FOREIGN KEY (`order_id`) REFERENCES `orders` (`id`),
  CONSTRAINT `user_order_tickets_ticket_id_foreign` FOREIGN KEY (`ticket_id`) REFERENCES `tickets` (`id`),
  CONSTRAINT `user_order_tickets_user_id_foreign` FOREIGN KEY (`user_id`) REFERENCES `users` (`id`)
) ENGINE=InnoDB DEFAULT CHARSET=utf8mb3 COLLATE=utf8mb3_unicode_ci;
/*!40101 SET character_set_client = @saved_cs_client */;

--
-- Dumping data for table `user_order_tickets`
--

LOCK TABLES `user_order_tickets` WRITE;
/*!40000 ALTER TABLE `user_order_tickets` DISABLE KEYS */;
/*!40000 ALTER TABLE `user_order_tickets` ENABLE KEYS */;
UNLOCK TABLES;

--
-- Table structure for table `user_permission`
--

DROP TABLE IF EXISTS `user_permission`;
/*!40101 SET @saved_cs_client     = @@character_set_client */;
/*!40101 SET character_set_client = utf8 */;
CREATE TABLE `user_permission` (
  `id` bigint(20) unsigned NOT NULL AUTO_INCREMENT,
  `permission_id` bigint(20) unsigned DEFAULT NULL,
  `user_id` int(10) unsigned DEFAULT NULL,
  `created_at` timestamp NULL DEFAULT NULL,
  `updated_at` timestamp NULL DEFAULT NULL,
  PRIMARY KEY (`id`)
) ENGINE=InnoDB AUTO_INCREMENT=3 DEFAULT CHARSET=utf8mb3 COLLATE=utf8mb3_unicode_ci;
/*!40101 SET character_set_client = @saved_cs_client */;

--
-- Dumping data for table `user_permission`
--

LOCK TABLES `user_permission` WRITE;
/*!40000 ALTER TABLE `user_permission` DISABLE KEYS */;
INSERT INTO `user_permission` VALUES (1,0,1,NULL,NULL),(2,14,1,NULL,NULL);
/*!40000 ALTER TABLE `user_permission` ENABLE KEYS */;
UNLOCK TABLES;

--
-- Table structure for table `user_permissions`
--

DROP TABLE IF EXISTS `user_permissions`;
/*!40101 SET @saved_cs_client     = @@character_set_client */;
/*!40101 SET character_set_client = utf8 */;
CREATE TABLE `user_permissions` (
  `id` bigint(20) unsigned NOT NULL AUTO_INCREMENT,
  `key` varchar(40) NOT NULL,
  `name` varchar(70) NOT NULL,
  `type` varchar(33) NOT NULL DEFAULT 'helpdesk',
  `created_at` timestamp NULL DEFAULT NULL,
  `updated_at` timestamp NULL DEFAULT NULL,
  `role` varchar(9) NOT NULL DEFAULT 'agent',
  PRIMARY KEY (`id`)
) ENGINE=InnoDB AUTO_INCREMENT=27 DEFAULT CHARSET=utf8mb3 COLLATE=utf8mb3_unicode_ci;
/*!40101 SET character_set_client = @saved_cs_client */;

--
-- Dumping data for table `user_permissions`
--

LOCK TABLES `user_permissions` WRITE;
/*!40000 ALTER TABLE `user_permissions` DISABLE KEYS */;
INSERT INTO `user_permissions` VALUES (1,'create_ticket','Create ticket','helpdesk','2024-10-24 03:58:34','2024-10-24 03:58:34','agent'),(2,'edit_ticket','Edit ticket','helpdesk','2024-10-24 03:58:34','2024-10-24 03:58:34','agent'),(3,'close_ticket','Close tickets','helpdesk','2024-10-24 03:58:34','2024-10-24 03:58:34','agent'),(4,'transfer_ticket','Transfer Ticket','helpdesk','2024-10-24 03:58:34','2024-10-24 03:58:34','agent'),(5,'delete_ticket','Delete tickets','helpdesk','2024-10-24 03:58:34','2024-10-24 03:58:34','agent'),(6,'assign_ticket','Tickets Assigned','helpdesk','2024-10-24 03:58:34','2024-10-24 03:58:34','agent'),(7,'view_unapproved_tickets','View unapproved tickets','helpdesk','2024-10-24 03:58:34','2024-10-24 03:58:34','agent'),(8,'apply_approval_workflow','Apply Approval Workflow','helpdesk','2024-10-24 03:58:34','2024-10-24 03:58:34','agent'),(9,'access_kb','Access knowledge base','helpdesk','2024-10-24 03:58:34','2024-10-24 03:58:34','agent'),(10,'report','Access reports','helpdesk','2024-10-24 03:58:34','2024-10-24 03:58:34','agent'),(12,'change_duedate','Change duedate','helpdesk','2024-10-24 03:58:34','2024-10-24 03:58:34','agent'),(13,'re_assigning_tickets','Re assigning tickets','helpdesk','2024-10-24 03:58:34','2024-10-24 03:58:34','agent'),(14,'global_access','Global access','helpdesk','2024-10-24 03:58:34','2024-10-24 03:58:34','agent'),(15,'restricted_access','Restricted access (view only tickets assigned to them)','helpdesk','2024-10-24 03:58:34','2024-10-24 03:58:34','agent'),(16,'access_user_profile','Access user profile','helpdesk','2024-10-24 03:58:34','2024-10-24 03:58:34','agent'),(17,'access_organization_profile','Access organization profile','helpdesk','2024-10-24 03:58:34','2024-10-24 03:58:34','agent'),(18,'recur_ticket','Recur Ticket','helpdesk','2024-10-24 03:58:34','2024-10-24 03:58:34','agent'),(19,'user_activation_deactivaton','Activate or Deactivate user account','helpdesk','2024-10-24 03:58:34','2024-10-24 03:58:34','agent'),(20,'agent_activation_deactivaton','Activate or Deactivate agent account','helpdesk','2024-10-24 03:58:34','2024-10-24 03:58:34','agent'),(21,'delete_user_account','Delete user account','helpdesk','2024-10-24 03:58:34','2024-10-24 03:58:34','agent'),(22,'delete_agent_account','Delete user account','helpdesk','2024-10-24 03:58:34','2024-10-24 03:58:34','agent'),(23,'view_all_tickets','View All Tickets','helpdesk','2024-10-24 03:58:38','2024-10-24 03:58:38','agent'),(24,'edit_articles_created_by_others','Edit articles created by others','helpdesk','2024-10-24 03:58:40','2024-10-24 03:58:40','agent'),(25,'reopen_ticket','Reopen Tickets','helpdesk','2024-10-24 03:58:40','2024-10-24 03:58:40','agent'),(26,'redaction','Redaction','helpdesk','2024-10-24 03:58:40','2024-10-24 03:58:40','agent');
/*!40000 ALTER TABLE `user_permissions` ENABLE KEYS */;
UNLOCK TABLES;

--
-- Table structure for table `user_sub_modules`
--

DROP TABLE IF EXISTS `user_sub_modules`;
/*!40101 SET @saved_cs_client     = @@character_set_client */;
/*!40101 SET character_set_client = utf8 */;
CREATE TABLE `user_sub_modules` (
  `id` bigint(20) unsigned NOT NULL AUTO_INCREMENT,
  `user_id` int(10) unsigned NOT NULL,
  `sub_module_id` bigint(20) unsigned NOT NULL,
  `cache` int(11) NOT NULL DEFAULT 10,
  `created_at` timestamp NULL DEFAULT NULL,
  `updated_at` timestamp NULL DEFAULT NULL,
  PRIMARY KEY (`id`),
  KEY `user_sub_modules_user_id_foreign` (`user_id`),
  KEY `user_sub_modules_sub_module_id_foreign` (`sub_module_id`),
  CONSTRAINT `user_sub_modules_sub_module_id_foreign` FOREIGN KEY (`sub_module_id`) REFERENCES `sub_modules` (`id`),
  CONSTRAINT `user_sub_modules_user_id_foreign` FOREIGN KEY (`user_id`) REFERENCES `users` (`id`) ON DELETE CASCADE
) ENGINE=InnoDB AUTO_INCREMENT=4 DEFAULT CHARSET=utf8mb3 COLLATE=utf8mb3_unicode_ci;
/*!40101 SET character_set_client = @saved_cs_client */;

--
-- Dumping data for table `user_sub_modules`
--

LOCK TABLES `user_sub_modules` WRITE;
/*!40000 ALTER TABLE `user_sub_modules` DISABLE KEYS */;
INSERT INTO `user_sub_modules` VALUES (1,1,1,10,NULL,NULL),(2,1,2,10,NULL,NULL),(3,1,3,10,NULL,NULL);
/*!40000 ALTER TABLE `user_sub_modules` ENABLE KEYS */;
UNLOCK TABLES;

--
-- Table structure for table `user_todos`
--

DROP TABLE IF EXISTS `user_todos`;
/*!40101 SET @saved_cs_client     = @@character_set_client */;
/*!40101 SET character_set_client = utf8 */;
CREATE TABLE `user_todos` (
  `id` bigint(20) unsigned NOT NULL AUTO_INCREMENT,
  `user_id` bigint(20) NOT NULL,
  `name` text NOT NULL,
  `order` int(11) NOT NULL DEFAULT 0,
  `status` varchar(20) NOT NULL,
  `created_at` timestamp NULL DEFAULT NULL,
  `updated_at` timestamp NULL DEFAULT NULL,
  PRIMARY KEY (`id`)
) ENGINE=InnoDB DEFAULT CHARSET=utf8mb3 COLLATE=utf8mb3_unicode_ci;
/*!40101 SET character_set_client = @saved_cs_client */;

--
-- Dumping data for table `user_todos`
--

LOCK TABLES `user_todos` WRITE;
/*!40000 ALTER TABLE `user_todos` DISABLE KEYS */;
/*!40000 ALTER TABLE `user_todos` ENABLE KEYS */;
UNLOCK TABLES;

--
-- Table structure for table `user_types`
--

DROP TABLE IF EXISTS `user_types`;
/*!40101 SET @saved_cs_client     = @@character_set_client */;
/*!40101 SET character_set_client = utf8 */;
CREATE TABLE `user_types` (
  `id` int(10) unsigned NOT NULL AUTO_INCREMENT,
  `name` varchar(50) NOT NULL,
  `key` varchar(50) NOT NULL,
  PRIMARY KEY (`id`)
) ENGINE=InnoDB AUTO_INCREMENT=9 DEFAULT CHARSET=utf8mb3 COLLATE=utf8mb3_unicode_ci;
/*!40101 SET character_set_client = @saved_cs_client */;

--
-- Dumping data for table `user_types`
--

LOCK TABLES `user_types` WRITE;
/*!40000 ALTER TABLE `user_types` DISABLE KEYS */;
INSERT INTO `user_types` VALUES (1,'User','user'),(2,'Agent','agent'),(3,'Admin','admin'),(4,'Department Manager','department_manager'),(5,'Team Lead','team_lead'),(6,'Organization Manager','organization_manager'),(7,'Organization Department Manager','organization_department_manager'),(8,'Assignee','assignee');
/*!40000 ALTER TABLE `user_types` ENABLE KEYS */;
UNLOCK TABLES;

--
-- Table structure for table `users`
--

DROP TABLE IF EXISTS `users`;
/*!40101 SET @saved_cs_client     = @@character_set_client */;
/*!40101 SET character_set_client = utf8 */;
CREATE TABLE `users` (
  `id` int(10) unsigned NOT NULL AUTO_INCREMENT,
  `user_name` varchar(255) NOT NULL,
  `first_name` varchar(255) NOT NULL,
  `last_name` varchar(255) NOT NULL,
  `email` varchar(255) DEFAULT NULL,
  `password` varchar(60) NOT NULL,
  `active` tinyint(1) NOT NULL DEFAULT 1,
  `is_delete` tinyint(1) NOT NULL DEFAULT 0,
  `ext` varchar(255) DEFAULT NULL,
  `country_code` varchar(255) DEFAULT NULL,
  `phone_number` varchar(255) DEFAULT NULL,
  `mobile` varchar(255) DEFAULT NULL,
  `agent_sign` text NOT NULL,
  `account_type` varchar(255) NOT NULL,
  `account_status` varchar(255) NOT NULL,
  `assign_group` int(10) unsigned DEFAULT NULL,
  `primary_dpt` int(10) unsigned DEFAULT NULL,
  `agent_tzone` varchar(255) NOT NULL,
  `daylight_save` varchar(255) NOT NULL,
  `limit_access` varchar(255) NOT NULL,
  `directory_listing` varchar(255) NOT NULL,
  `vacation_mode` varchar(255) NOT NULL,
  `company` varchar(255) NOT NULL,
  `role` varchar(255) NOT NULL,
  `internal_note` varchar(255) DEFAULT NULL,
  `profile_pic` longtext DEFAULT NULL,
  `remember_token` varchar(100) DEFAULT NULL,
  `created_at` timestamp NULL DEFAULT NULL,
  `updated_at` timestamp NULL DEFAULT NULL,
  `user_language` varchar(10) DEFAULT NULL,
  `mobile_verify` varchar(255) NOT NULL DEFAULT '1',
  `email_verify` varchar(255) NOT NULL DEFAULT '1',
  `location` int(11) DEFAULT NULL,
  `google2fa_secret` text DEFAULT NULL,
  `google2fa_activation_date` timestamp NULL DEFAULT NULL,
  `is_2fa_enabled` tinyint(1) NOT NULL DEFAULT 0,
  `last_login_at` timestamp NULL DEFAULT NULL,
  `import_identifier` varchar(255) DEFAULT NULL,
  `delete_account_requested` tinyint(1) NOT NULL DEFAULT 0,
  `processing_account_disabling` tinyint(1) NOT NULL DEFAULT 0,
  `iso` varchar(4) DEFAULT NULL,
  `profile_pic_driver` varchar(255) DEFAULT NULL,
  `notify_unrecognized_login` tinyint(1) NOT NULL DEFAULT 0,
  `phone_country_code` varchar(7) DEFAULT NULL,
  `phone_iso` varchar(4) DEFAULT NULL,
  `deactivated_by` bigint(20) DEFAULT NULL,
  `created_by` bigint(20) DEFAULT NULL,
  `deactivated_at` timestamp NULL DEFAULT NULL,
  `logout_time` timestamp NULL DEFAULT NULL,
  `is_migrated` tinyint(4) NOT NULL DEFAULT 0,
  PRIMARY KEY (`id`),
  UNIQUE KEY `users_user_name_unique` (`user_name`),
  UNIQUE KEY `users_email_unique` (`email`),
  UNIQUE KEY `users_mobile_unique` (`mobile`),
  KEY `assign_group_3` (`assign_group`),
  KEY `primary_dpt_2` (`primary_dpt`),
  KEY `users_is_migrated_index` (`is_migrated`),
  CONSTRAINT `users_ibfk_1` FOREIGN KEY (`assign_group`) REFERENCES `groups` (`id`) ON UPDATE NO ACTION,
  CONSTRAINT `users_ibfk_2` FOREIGN KEY (`primary_dpt`) REFERENCES `department` (`id`) ON UPDATE NO ACTION
) ENGINE=InnoDB AUTO_INCREMENT=2 DEFAULT CHARSET=utf8mb3 COLLATE=utf8mb3_unicode_ci;
/*!40101 SET character_set_client = @saved_cs_client */;

--
-- Dumping data for table `users`
--

LOCK TABLES `users` WRITE;
/*!40000 ALTER TABLE `users` DISABLE KEYS */;
INSERT INTO `users` VALUES (1,'demo_admin','Demo','Admin',NULL,'$2y$10$a/uHvrkOUYE6Nm4K9eAIgONNTdTg12wSU4fdVNQJ2ZXPwDCVgO9Ou',1,0,NULL,NULL,NULL,NULL,'','','',NULL,1,'81','','','','','','admin',NULL,NULL,NULL,'2024-10-24 03:58:32','2024-10-24 03:58:32',NULL,'0','1',NULL,NULL,NULL,0,NULL,NULL,0,0,NULL,NULL,0,NULL,NULL,NULL,NULL,NULL,NULL,0);
/*!40000 ALTER TABLE `users` ENABLE KEYS */;
UNLOCK TABLES;

--
-- Table structure for table `version_check`
--

DROP TABLE IF EXISTS `version_check`;
/*!40101 SET @saved_cs_client     = @@character_set_client */;
/*!40101 SET character_set_client = utf8 */;
CREATE TABLE `version_check` (
  `id` int(10) unsigned NOT NULL AUTO_INCREMENT,
  `current_version` varchar(255) NOT NULL,
  `new_version` varchar(255) NOT NULL,
  `created_at` timestamp NULL DEFAULT NULL,
  `updated_at` timestamp NULL DEFAULT NULL,
  PRIMARY KEY (`id`)
) ENGINE=InnoDB AUTO_INCREMENT=2 DEFAULT CHARSET=utf8mb3 COLLATE=utf8mb3_unicode_ci;
/*!40101 SET character_set_client = @saved_cs_client */;

--
-- Dumping data for table `version_check`
--

LOCK TABLES `version_check` WRITE;
/*!40000 ALTER TABLE `version_check` DISABLE KEYS */;
INSERT INTO `version_check` VALUES (1,'','','2024-10-24 03:58:32','2024-10-24 03:58:32');
/*!40000 ALTER TABLE `version_check` ENABLE KEYS */;
UNLOCK TABLES;

--
-- Table structure for table `versions`
--

DROP TABLE IF EXISTS `versions`;
/*!40101 SET @saved_cs_client     = @@character_set_client */;
/*!40101 SET character_set_client = utf8 */;
CREATE TABLE `versions` (
  `id` bigint(20) unsigned NOT NULL AUTO_INCREMENT,
  `user_id` int(10) unsigned DEFAULT NULL,
  `versionable_type` varchar(255) NOT NULL,
  `versionable_id` bigint(20) unsigned NOT NULL,
  `contents` longtext CHARACTER SET utf8mb4 COLLATE utf8mb4_bin DEFAULT NULL CHECK (json_valid(`contents`)),
  `mod_contents` longtext CHARACTER SET utf8mb4 COLLATE utf8mb4_bin DEFAULT NULL CHECK (json_valid(`mod_contents`)),
  `created_at` timestamp NULL DEFAULT NULL,
  `updated_at` timestamp NULL DEFAULT NULL,
  PRIMARY KEY (`id`),
  KEY `versions_user_id_foreign` (`user_id`),
  KEY `versions_versionable_type_versionable_id_index` (`versionable_type`,`versionable_id`),
  CONSTRAINT `versions_user_id_foreign` FOREIGN KEY (`user_id`) REFERENCES `users` (`id`)
) ENGINE=InnoDB DEFAULT CHARSET=utf8mb3 COLLATE=utf8mb3_unicode_ci;
/*!40101 SET character_set_client = @saved_cs_client */;

--
-- Dumping data for table `versions`
--

LOCK TABLES `versions` WRITE;
/*!40000 ALTER TABLE `versions` DISABLE KEYS */;
/*!40000 ALTER TABLE `versions` ENABLE KEYS */;
UNLOCK TABLES;

--
-- Table structure for table `websocket_configurations`
--

DROP TABLE IF EXISTS `websocket_configurations`;
/*!40101 SET @saved_cs_client     = @@character_set_client */;
/*!40101 SET character_set_client = utf8 */;
CREATE TABLE `websocket_configurations` (
  `id` bigint(20) unsigned NOT NULL AUTO_INCREMENT,
  `driver` varchar(255) NOT NULL,
  `config` int(11) NOT NULL,
  `tooltip` varchar(255) DEFAULT NULL,
  `name` varchar(255) NOT NULL,
  `status` tinyint(1) NOT NULL,
  `settings` longtext CHARACTER SET utf8mb4 COLLATE utf8mb4_bin DEFAULT NULL CHECK (json_valid(`settings`)),
  `created_at` timestamp NULL DEFAULT NULL,
  `updated_at` timestamp NULL DEFAULT NULL,
  PRIMARY KEY (`id`)
) ENGINE=InnoDB AUTO_INCREMENT=5 DEFAULT CHARSET=utf8mb3 COLLATE=utf8mb3_unicode_ci;
/*!40101 SET character_set_client = @saved_cs_client */;

--
-- Dumping data for table `websocket_configurations`
--

LOCK TABLES `websocket_configurations` WRITE;
/*!40000 ALTER TABLE `websocket_configurations` DISABLE KEYS */;
INSERT INTO `websocket_configurations` VALUES (1,'redis',1,'lang.redis_hint','Redis',0,NULL,'2024-10-24 03:58:40','2024-10-24 03:58:40'),(2,'log',0,'lang.log_hint','Log',0,NULL,'2024-10-24 03:58:40','2024-10-24 03:58:40'),(3,'ably',1,'lang.ably_hint','Ably',0,NULL,'2024-10-24 03:58:40','2024-10-24 03:58:40'),(4,'pusher',1,'lang.pusher_hint','Pusher',0,NULL,'2024-10-24 03:58:40','2024-10-24 03:58:40');
/*!40000 ALTER TABLE `websocket_configurations` ENABLE KEYS */;
UNLOCK TABLES;

--
-- Table structure for table `websockets_statistics_entries`
--

DROP TABLE IF EXISTS `websockets_statistics_entries`;
/*!40101 SET @saved_cs_client     = @@character_set_client */;
/*!40101 SET character_set_client = utf8 */;
CREATE TABLE `websockets_statistics_entries` (
  `id` int(10) unsigned NOT NULL AUTO_INCREMENT,
  `app_id` varchar(255) NOT NULL,
  `peak_connection_count` int(11) NOT NULL,
  `websocket_message_count` int(11) NOT NULL,
  `api_message_count` int(11) NOT NULL,
  `created_at` timestamp NULL DEFAULT NULL,
  `updated_at` timestamp NULL DEFAULT NULL,
  PRIMARY KEY (`id`)
) ENGINE=InnoDB DEFAULT CHARSET=utf8mb3 COLLATE=utf8mb3_unicode_ci;
/*!40101 SET character_set_client = @saved_cs_client */;

--
-- Dumping data for table `websockets_statistics_entries`
--

LOCK TABLES `websockets_statistics_entries` WRITE;
/*!40000 ALTER TABLE `websockets_statistics_entries` DISABLE KEYS */;
/*!40000 ALTER TABLE `websockets_statistics_entries` ENABLE KEYS */;
UNLOCK TABLES;

--
-- Table structure for table `widgets`
--

DROP TABLE IF EXISTS `widgets`;
/*!40101 SET @saved_cs_client     = @@character_set_client */;
/*!40101 SET character_set_client = utf8 */;
CREATE TABLE `widgets` (
  `id` int(11) NOT NULL AUTO_INCREMENT,
  `name` varchar(30) DEFAULT NULL,
  `title` varchar(50) DEFAULT NULL,
  `value` text DEFAULT NULL,
  `created_at` timestamp NULL DEFAULT NULL,
  `updated_at` timestamp NULL DEFAULT NULL,
  `type` varchar(25) NOT NULL DEFAULT 'social-icon',
  PRIMARY KEY (`id`)
) ENGINE=InnoDB AUTO_INCREMENT=19 DEFAULT CHARSET=utf8mb3 COLLATE=utf8mb3_unicode_ci;
/*!40101 SET character_set_client = @saved_cs_client */;

--
-- Dumping data for table `widgets`
--

LOCK TABLES `widgets` WRITE;
/*!40000 ALTER TABLE `widgets` DISABLE KEYS */;
INSERT INTO `widgets` VALUES (1,'footer1',NULL,NULL,'2024-10-24 03:58:32','2024-10-24 03:58:34','footer'),(2,'footer2',NULL,NULL,'2024-10-24 03:58:32','2024-10-24 03:58:34','footer'),(3,'footer3',NULL,NULL,'2024-10-24 03:58:32','2024-10-24 03:58:34','footer'),(4,'footer4',NULL,NULL,'2024-10-24 03:58:32','2024-10-24 03:58:34','footer'),(5,'linkedin',NULL,NULL,'2024-10-24 03:58:32','2024-10-24 03:58:32','social-icon'),(6,'stumble',NULL,NULL,'2024-10-24 03:58:32','2024-10-24 03:58:32','social-icon'),(7,'google',NULL,NULL,'2024-10-24 03:58:32','2024-10-24 03:58:32','social-icon'),(8,'deviantart',NULL,NULL,'2024-10-24 03:58:32','2024-10-24 03:58:32','social-icon'),(9,'flickr',NULL,NULL,'2024-10-24 03:58:32','2024-10-24 03:58:32','social-icon'),(10,'skype',NULL,NULL,'2024-10-24 03:58:32','2024-10-24 03:58:32','social-icon'),(11,'rss',NULL,NULL,'2024-10-24 03:58:32','2024-10-24 03:58:32','social-icon'),(12,'twitter',NULL,NULL,'2024-10-24 03:58:32','2024-10-24 03:58:32','social-icon'),(13,'facebook',NULL,NULL,'2024-10-24 03:58:32','2024-10-24 03:58:32','social-icon'),(14,'youtube',NULL,NULL,'2024-10-24 03:58:32','2024-10-24 03:58:32','social-icon'),(15,'vimeo',NULL,NULL,'2024-10-24 03:58:32','2024-10-24 03:58:32','social-icon'),(16,'pinterest',NULL,NULL,'2024-10-24 03:58:32','2024-10-24 03:58:32','social-icon'),(17,'dribbble',NULL,NULL,'2024-10-24 03:58:32','2024-10-24 03:58:32','social-icon'),(18,'instagram',NULL,NULL,'2024-10-24 03:58:32','2024-10-24 03:58:32','social-icon');
/*!40000 ALTER TABLE `widgets` ENABLE KEYS */;
UNLOCK TABLES;

--
-- Table structure for table `workflow_action`
--

DROP TABLE IF EXISTS `workflow_action`;
/*!40101 SET @saved_cs_client     = @@character_set_client */;
/*!40101 SET character_set_client = utf8 */;
CREATE TABLE `workflow_action` (
  `id` int(10) unsigned NOT NULL AUTO_INCREMENT,
  `workflow_id` int(10) unsigned NOT NULL,
  `condition` varchar(255) NOT NULL,
  `action` varchar(255) NOT NULL,
  `created_at` timestamp NULL DEFAULT NULL,
  `updated_at` timestamp NULL DEFAULT NULL,
  `custom_action` longtext DEFAULT NULL,
  PRIMARY KEY (`id`),
  KEY `workflow_action_1` (`workflow_id`),
  CONSTRAINT `workflow_action_1` FOREIGN KEY (`workflow_id`) REFERENCES `workflow_name` (`id`) ON UPDATE NO ACTION
) ENGINE=InnoDB DEFAULT CHARSET=utf8mb3 COLLATE=utf8mb3_unicode_ci;
/*!40101 SET character_set_client = @saved_cs_client */;

--
-- Dumping data for table `workflow_action`
--

LOCK TABLES `workflow_action` WRITE;
/*!40000 ALTER TABLE `workflow_action` DISABLE KEYS */;
/*!40000 ALTER TABLE `workflow_action` ENABLE KEYS */;
UNLOCK TABLES;

--
-- Table structure for table `workflow_close`
--

DROP TABLE IF EXISTS `workflow_close`;
/*!40101 SET @saved_cs_client     = @@character_set_client */;
/*!40101 SET character_set_client = utf8 */;
CREATE TABLE `workflow_close` (
  `id` int(10) unsigned NOT NULL,
  `days` int(11) NOT NULL,
  `condition` int(11) NOT NULL,
  `status` int(10) unsigned NOT NULL,
  `created_at` timestamp NULL DEFAULT NULL,
  `updated_at` timestamp NULL DEFAULT NULL,
  PRIMARY KEY (`id`),
  KEY `workflow_close_status_foreign` (`status`),
  CONSTRAINT `workflow_close_status_foreign` FOREIGN KEY (`status`) REFERENCES `ticket_status` (`id`)
) ENGINE=InnoDB DEFAULT CHARSET=utf8mb3 COLLATE=utf8mb3_unicode_ci;
/*!40101 SET character_set_client = @saved_cs_client */;

--
-- Dumping data for table `workflow_close`
--

LOCK TABLES `workflow_close` WRITE;
/*!40000 ALTER TABLE `workflow_close` DISABLE KEYS */;
INSERT INTO `workflow_close` VALUES (1,2,1,3,'2024-10-24 03:58:32','2024-10-24 03:58:32');
/*!40000 ALTER TABLE `workflow_close` ENABLE KEYS */;
UNLOCK TABLES;

--
-- Table structure for table `workflow_name`
--

DROP TABLE IF EXISTS `workflow_name`;
/*!40101 SET @saved_cs_client     = @@character_set_client */;
/*!40101 SET character_set_client = utf8 */;
CREATE TABLE `workflow_name` (
  `id` int(10) unsigned NOT NULL AUTO_INCREMENT,
  `name` varchar(255) NOT NULL,
  `status` int(11) NOT NULL,
  `order` int(11) NOT NULL,
  `target` varchar(255) NOT NULL,
  `internal_note` text NOT NULL,
  `created_at` timestamp NULL DEFAULT NULL,
  `updated_at` timestamp NULL DEFAULT NULL,
  `rule_match` varchar(10) NOT NULL DEFAULT 'all',
  PRIMARY KEY (`id`)
) ENGINE=InnoDB DEFAULT CHARSET=utf8mb3 COLLATE=utf8mb3_unicode_ci;
/*!40101 SET character_set_client = @saved_cs_client */;

--
-- Dumping data for table `workflow_name`
--

LOCK TABLES `workflow_name` WRITE;
/*!40000 ALTER TABLE `workflow_name` DISABLE KEYS */;
/*!40000 ALTER TABLE `workflow_name` ENABLE KEYS */;
UNLOCK TABLES;

--
-- Table structure for table `workflow_rules`
--

DROP TABLE IF EXISTS `workflow_rules`;
/*!40101 SET @saved_cs_client     = @@character_set_client */;
/*!40101 SET character_set_client = utf8 */;
CREATE TABLE `workflow_rules` (
  `id` int(10) unsigned NOT NULL AUTO_INCREMENT,
  `workflow_id` int(10) unsigned NOT NULL,
  `matching_criteria` varchar(255) NOT NULL,
  `matching_scenario` varchar(255) NOT NULL,
  `matching_relation` varchar(255) NOT NULL,
  `matching_value` text NOT NULL,
  `created_at` timestamp NULL DEFAULT NULL,
  `updated_at` timestamp NULL DEFAULT NULL,
  `custom_rule` longtext DEFAULT NULL,
  PRIMARY KEY (`id`),
  KEY `workflow_rules_1` (`workflow_id`),
  CONSTRAINT `workflow_rules_1` FOREIGN KEY (`workflow_id`) REFERENCES `workflow_name` (`id`) ON UPDATE NO ACTION
) ENGINE=InnoDB DEFAULT CHARSET=utf8mb3 COLLATE=utf8mb3_unicode_ci;
/*!40101 SET character_set_client = @saved_cs_client */;

--
-- Dumping data for table `workflow_rules`
--

LOCK TABLES `workflow_rules` WRITE;
/*!40000 ALTER TABLE `workflow_rules` DISABLE KEYS */;
/*!40000 ALTER TABLE `workflow_rules` ENABLE KEYS */;
UNLOCK TABLES;
/*!40103 SET TIME_ZONE=@OLD_TIME_ZONE */;

/*!40101 SET SQL_MODE=@OLD_SQL_MODE */;
/*!40014 SET FOREIGN_KEY_CHECKS=@OLD_FOREIGN_KEY_CHECKS */;
/*!40014 SET UNIQUE_CHECKS=@OLD_UNIQUE_CHECKS */;
/*!40101 SET CHARACTER_SET_CLIENT=@OLD_CHARACTER_SET_CLIENT */;
/*!40101 SET CHARACTER_SET_RESULTS=@OLD_CHARACTER_SET_RESULTS */;
/*!40101 SET COLLATION_CONNECTION=@OLD_COLLATION_CONNECTION */;
/*!40111 SET SQL_NOTES=@OLD_SQL_NOTES */;

-- Dump completed on 2024-10-24 15:00:05
